temperature_degC,demand_kN,friction_cap_kN,friction_only_feasible,dual_brake_feasible
100.000,20.000,140.000,1,1
100.000,21.000,140.000,1,1
100.000,22.000,140.000,1,1
100.000,23.000,140.000,1,1
100.000,24.000,140.000,1,1
100.000,25.000,140.000,1,1
100.000,26.000,140.000,1,1
100.000,27.000,140.000,1,1
100.000,28.000,140.000,1,1
100.000,29.000,140.000,1,1
100.000,30.000,140.000,1,1
100.000,31.000,140.000,1,1
100.000,32.000,140.000,1,1
100.000,33.000,140.000,1,1
100.000,34.000,140.000,1,1
100.000,35.000,140.000,1,1
100.000,36.000,140.000,1,1
100.000,37.000,140.000,1,1
100.000,38.000,140.000,1,1
100.000,39.000,140.000,1,1
100.000,40.000,140.000,1,1
100.000,41.000,140.000,1,1
100.000,42.000,140.000,1,1
100.000,43.000,140.000,1,1
100.000,44.000,140.000,1,1
100.000,45.000,140.000,1,1
100.000,46.000,140.000,1,1
100.000,47.000,140.000,1,1
100.000,48.000,140.000,1,1
100.000,49.000,140.000,1,1
100.000,50.000,140.000,1,1
100.000,51.000,140.000,1,1
100.000,52.000,140.000,1,1
100.000,53.000,140.000,1,1
100.000,54.000,140.000,1,1
100.000,55.000,140.000,1,1
100.000,56.000,140.000,1,1
100.000,57.000,140.000,1,1
100.000,58.000,140.000,1,1
100.000,59.000,140.000,1,1
100.000,60.000,140.000,1,1
100.000,61.000,140.000,1,1
100.000,62.000,140.000,1,1
100.000,63.000,140.000,1,1
100.000,64.000,140.000,1,1
100.000,65.000,140.000,1,1
100.000,66.000,140.000,1,1
100.000,67.000,140.000,1,1
100.000,68.000,140.000,1,1
100.000,69.000,140.000,1,1
100.000,70.000,140.000,1,1
100.000,71.000,140.000,1,1
100.000,72.000,140.000,1,1
100.000,73.000,140.000,1,1
100.000,74.000,140.000,1,1
100.000,75.000,140.000,1,1
100.000,76.000,140.000,1,1
100.000,77.000,140.000,1,1
100.000,78.000,140.000,1,1
100.000,79.000,140.000,1,1
100.000,80.000,140.000,1,1
100.000,81.000,140.000,1,1
100.000,82.000,140.000,1,1
100.000,83.000,140.000,1,1
100.000,84.000,140.000,1,1
100.000,85.000,140.000,1,1
100.000,86.000,140.000,1,1
100.000,87.000,140.000,1,1
100.000,88.000,140.000,1,1
100.000,89.000,140.000,1,1
100.000,90.000,140.000,1,1
100.000,91.000,140.000,1,1
100.000,92.000,140.000,1,1
100.000,93.000,140.000,1,1
100.000,94.000,140.000,1,1
100.000,95.000,140.000,1,1
100.000,96.000,140.000,1,1
100.000,97.000,140.000,1,1
100.000,98.000,140.000,1,1
100.000,99.000,140.000,1,1
100.000,100.000,140.000,1,1
100.000,101.000,140.000,1,1
100.000,102.000,140.000,1,1
100.000,103.000,140.000,1,1
100.000,104.000,140.000,1,1
100.000,105.000,140.000,1,1
100.000,106.000,140.000,1,1
100.000,107.000,140.000,1,1
100.000,108.000,140.000,1,1
100.000,109.000,140.000,1,1
100.000,110.000,140.000,1,1
100.000,111.000,140.000,1,1
100.000,112.000,140.000,1,1
100.000,113.000,140.000,1,1
100.000,114.000,140.000,1,1
100.000,115.000,140.000,1,1
100.000,116.000,140.000,1,1
100.000,117.000,140.000,1,1
100.000,118.000,140.000,1,1
100.000,119.000,140.000,1,1
100.000,120.000,140.000,1,1
100.000,121.000,140.000,1,1
100.000,122.000,140.000,1,1
100.000,123.000,140.000,1,1
100.000,124.000,140.000,1,1
100.000,125.000,140.000,1,1
100.000,126.000,140.000,1,1
100.000,127.000,140.000,1,1
100.000,128.000,140.000,1,1
100.000,129.000,140.000,1,1
100.000,130.000,140.000,1,1
100.000,131.000,140.000,1,1
100.000,132.000,140.000,1,1
100.000,133.000,140.000,1,1
100.000,134.000,140.000,1,1
100.000,135.000,140.000,1,1
100.000,136.000,140.000,1,1
100.000,137.000,140.000,1,1
100.000,138.000,140.000,1,1
100.000,139.000,140.000,1,1
100.000,140.000,140.000,1,1
100.000,141.000,140.000,0,1
100.000,142.000,140.000,0,1
100.000,143.000,140.000,0,1
100.000,144.000,140.000,0,1
100.000,145.000,140.000,0,1
100.000,146.000,140.000,0,1
100.000,147.000,140.000,0,1
100.000,148.000,140.000,0,1
100.000,149.000,140.000,0,1
100.000,150.000,140.000,0,1
100.000,151.000,140.000,0,1
100.000,152.000,140.000,0,1
100.000,153.000,140.000,0,1
100.000,154.000,140.000,0,1
100.000,155.000,140.000,0,1
100.000,156.000,140.000,0,1
100.000,157.000,140.000,0,1
100.000,158.000,140.000,0,1
100.000,159.000,140.000,0,1
100.000,160.000,140.000,0,1
100.000,161.000,140.000,0,1
100.000,162.000,140.000,0,1
100.000,163.000,140.000,0,1
100.000,164.000,140.000,0,1
100.000,165.000,140.000,0,1
100.000,166.000,140.000,0,1
100.000,167.000,140.000,0,1
100.000,168.000,140.000,0,1
100.000,169.000,140.000,0,1
100.000,170.000,140.000,0,1
100.000,171.000,140.000,0,1
100.000,172.000,140.000,0,1
100.000,173.000,140.000,0,1
100.000,174.000,140.000,0,1
100.000,175.000,140.000,0,1
100.000,176.000,140.000,0,1
100.000,177.000,140.000,0,1
100.000,178.000,140.000,0,1
100.000,179.000,140.000,0,1
100.000,180.000,140.000,0,1
102.500,20.000,139.125,1,1
102.500,21.000,139.125,1,1
102.500,22.000,139.125,1,1
102.500,23.000,139.125,1,1
102.500,24.000,139.125,1,1
102.500,25.000,139.125,1,1
102.500,26.000,139.125,1,1
102.500,27.000,139.125,1,1
102.500,28.000,139.125,1,1
102.500,29.000,139.125,1,1
102.500,30.000,139.125,1,1
102.500,31.000,139.125,1,1
102.500,32.000,139.125,1,1
102.500,33.000,139.125,1,1
102.500,34.000,139.125,1,1
102.500,35.000,139.125,1,1
102.500,36.000,139.125,1,1
102.500,37.000,139.125,1,1
102.500,38.000,139.125,1,1
102.500,39.000,139.125,1,1
102.500,40.000,139.125,1,1
102.500,41.000,139.125,1,1
102.500,42.000,139.125,1,1
102.500,43.000,139.125,1,1
102.500,44.000,139.125,1,1
102.500,45.000,139.125,1,1
102.500,46.000,139.125,1,1
102.500,47.000,139.125,1,1
102.500,48.000,139.125,1,1
102.500,49.000,139.125,1,1
102.500,50.000,139.125,1,1
102.500,51.000,139.125,1,1
102.500,52.000,139.125,1,1
102.500,53.000,139.125,1,1
102.500,54.000,139.125,1,1
102.500,55.000,139.125,1,1
102.500,56.000,139.125,1,1
102.500,57.000,139.125,1,1
102.500,58.000,139.125,1,1
102.500,59.000,139.125,1,1
102.500,60.000,139.125,1,1
102.500,61.000,139.125,1,1
102.500,62.000,139.125,1,1
102.500,63.000,139.125,1,1
102.500,64.000,139.125,1,1
102.500,65.000,139.125,1,1
102.500,66.000,139.125,1,1
102.500,67.000,139.125,1,1
102.500,68.000,139.125,1,1
102.500,69.000,139.125,1,1
102.500,70.000,139.125,1,1
102.500,71.000,139.125,1,1
102.500,72.000,139.125,1,1
102.500,73.000,139.125,1,1
102.500,74.000,139.125,1,1
102.500,75.000,139.125,1,1
102.500,76.000,139.125,1,1
102.500,77.000,139.125,1,1
102.500,78.000,139.125,1,1
102.500,79.000,139.125,1,1
102.500,80.000,139.125,1,1
102.500,81.000,139.125,1,1
102.500,82.000,139.125,1,1
102.500,83.000,139.125,1,1
102.500,84.000,139.125,1,1
102.500,85.000,139.125,1,1
102.500,86.000,139.125,1,1
102.500,87.000,139.125,1,1
102.500,88.000,139.125,1,1
102.500,89.000,139.125,1,1
102.500,90.000,139.125,1,1
102.500,91.000,139.125,1,1
102.500,92.000,139.125,1,1
102.500,93.000,139.125,1,1
102.500,94.000,139.125,1,1
102.500,95.000,139.125,1,1
102.500,96.000,139.125,1,1
102.500,97.000,139.125,1,1
102.500,98.000,139.125,1,1
102.500,99.000,139.125,1,1
102.500,100.000,139.125,1,1
102.500,101.000,139.125,1,1
102.500,102.000,139.125,1,1
102.500,103.000,139.125,1,1
102.500,104.000,139.125,1,1
102.500,105.000,139.125,1,1
102.500,106.000,139.125,1,1
102.500,107.000,139.125,1,1
102.500,108.000,139.125,1,1
102.500,109.000,139.125,1,1
102.500,110.000,139.125,1,1
102.500,111.000,139.125,1,1
102.500,112.000,139.125,1,1
102.500,113.000,139.125,1,1
102.500,114.000,139.125,1,1
102.500,115.000,139.125,1,1
102.500,116.000,139.125,1,1
102.500,117.000,139.125,1,1
102.500,118.000,139.125,1,1
102.500,119.000,139.125,1,1
102.500,120.000,139.125,1,1
102.500,121.000,139.125,1,1
102.500,122.000,139.125,1,1
102.500,123.000,139.125,1,1
102.500,124.000,139.125,1,1
102.500,125.000,139.125,1,1
102.500,126.000,139.125,1,1
102.500,127.000,139.125,1,1
102.500,128.000,139.125,1,1
102.500,129.000,139.125,1,1
102.500,130.000,139.125,1,1
102.500,131.000,139.125,1,1
102.500,132.000,139.125,1,1
102.500,133.000,139.125,1,1
102.500,134.000,139.125,1,1
102.500,135.000,139.125,1,1
102.500,136.000,139.125,1,1
102.500,137.000,139.125,1,1
102.500,138.000,139.125,1,1
102.500,139.000,139.125,1,1
102.500,140.000,139.125,0,1
102.500,141.000,139.125,0,1
102.500,142.000,139.125,0,1
102.500,143.000,139.125,0,1
102.500,144.000,139.125,0,1
102.500,145.000,139.125,0,1
102.500,146.000,139.125,0,1
102.500,147.000,139.125,0,1
102.500,148.000,139.125,0,1
102.500,149.000,139.125,0,1
102.500,150.000,139.125,0,1
102.500,151.000,139.125,0,1
102.500,152.000,139.125,0,1
102.500,153.000,139.125,0,1
102.500,154.000,139.125,0,1
102.500,155.000,139.125,0,1
102.500,156.000,139.125,0,1
102.500,157.000,139.125,0,1
102.500,158.000,139.125,0,1
102.500,159.000,139.125,0,1
102.500,160.000,139.125,0,1
102.500,161.000,139.125,0,1
102.500,162.000,139.125,0,1
102.500,163.000,139.125,0,1
102.500,164.000,139.125,0,1
102.500,165.000,139.125,0,1
102.500,166.000,139.125,0,1
102.500,167.000,139.125,0,1
102.500,168.000,139.125,0,1
102.500,169.000,139.125,0,1
102.500,170.000,139.125,0,1
102.500,171.000,139.125,0,1
102.500,172.000,139.125,0,1
102.500,173.000,139.125,0,1
102.500,174.000,139.125,0,1
102.500,175.000,139.125,0,1
102.500,176.000,139.125,0,1
102.500,177.000,139.125,0,1
102.500,178.000,139.125,0,1
102.500,179.000,139.125,0,1
102.500,180.000,139.125,0,1
105.000,20.000,138.250,1,1
105.000,21.000,138.250,1,1
105.000,22.000,138.250,1,1
105.000,23.000,138.250,1,1
105.000,24.000,138.250,1,1
105.000,25.000,138.250,1,1
105.000,26.000,138.250,1,1
105.000,27.000,138.250,1,1
105.000,28.000,138.250,1,1
105.000,29.000,138.250,1,1
105.000,30.000,138.250,1,1
105.000,31.000,138.250,1,1
105.000,32.000,138.250,1,1
105.000,33.000,138.250,1,1
105.000,34.000,138.250,1,1
105.000,35.000,138.250,1,1
105.000,36.000,138.250,1,1
105.000,37.000,138.250,1,1
105.000,38.000,138.250,1,1
105.000,39.000,138.250,1,1
105.000,40.000,138.250,1,1
105.000,41.000,138.250,1,1
105.000,42.000,138.250,1,1
105.000,43.000,138.250,1,1
105.000,44.000,138.250,1,1
105.000,45.000,138.250,1,1
105.000,46.000,138.250,1,1
105.000,47.000,138.250,1,1
105.000,48.000,138.250,1,1
105.000,49.000,138.250,1,1
105.000,50.000,138.250,1,1
105.000,51.000,138.250,1,1
105.000,52.000,138.250,1,1
105.000,53.000,138.250,1,1
105.000,54.000,138.250,1,1
105.000,55.000,138.250,1,1
105.000,56.000,138.250,1,1
105.000,57.000,138.250,1,1
105.000,58.000,138.250,1,1
105.000,59.000,138.250,1,1
105.000,60.000,138.250,1,1
105.000,61.000,138.250,1,1
105.000,62.000,138.250,1,1
105.000,63.000,138.250,1,1
105.000,64.000,138.250,1,1
105.000,65.000,138.250,1,1
105.000,66.000,138.250,1,1
105.000,67.000,138.250,1,1
105.000,68.000,138.250,1,1
105.000,69.000,138.250,1,1
105.000,70.000,138.250,1,1
105.000,71.000,138.250,1,1
105.000,72.000,138.250,1,1
105.000,73.000,138.250,1,1
105.000,74.000,138.250,1,1
105.000,75.000,138.250,1,1
105.000,76.000,138.250,1,1
105.000,77.000,138.250,1,1
105.000,78.000,138.250,1,1
105.000,79.000,138.250,1,1
105.000,80.000,138.250,1,1
105.000,81.000,138.250,1,1
105.000,82.000,138.250,1,1
105.000,83.000,138.250,1,1
105.000,84.000,138.250,1,1
105.000,85.000,138.250,1,1
105.000,86.000,138.250,1,1
105.000,87.000,138.250,1,1
105.000,88.000,138.250,1,1
105.000,89.000,138.250,1,1
105.000,90.000,138.250,1,1
105.000,91.000,138.250,1,1
105.000,92.000,138.250,1,1
105.000,93.000,138.250,1,1
105.000,94.000,138.250,1,1
105.000,95.000,138.250,1,1
105.000,96.000,138.250,1,1
105.000,97.000,138.250,1,1
105.000,98.000,138.250,1,1
105.000,99.000,138.250,1,1
105.000,100.000,138.250,1,1
105.000,101.000,138.250,1,1
105.000,102.000,138.250,1,1
105.000,103.000,138.250,1,1
105.000,104.000,138.250,1,1
105.000,105.000,138.250,1,1
105.000,106.000,138.250,1,1
105.000,107.000,138.250,1,1
105.000,108.000,138.250,1,1
105.000,109.000,138.250,1,1
105.000,110.000,138.250,1,1
105.000,111.000,138.250,1,1
105.000,112.000,138.250,1,1
105.000,113.000,138.250,1,1
105.000,114.000,138.250,1,1
105.000,115.000,138.250,1,1
105.000,116.000,138.250,1,1
105.000,117.000,138.250,1,1
105.000,118.000,138.250,1,1
105.000,119.000,138.250,1,1
105.000,120.000,138.250,1,1
105.000,121.000,138.250,1,1
105.000,122.000,138.250,1,1
105.000,123.000,138.250,1,1
105.000,124.000,138.250,1,1
105.000,125.000,138.250,1,1
105.000,126.000,138.250,1,1
105.000,127.000,138.250,1,1
105.000,128.000,138.250,1,1
105.000,129.000,138.250,1,1
105.000,130.000,138.250,1,1
105.000,131.000,138.250,1,1
105.000,132.000,138.250,1,1
105.000,133.000,138.250,1,1
105.000,134.000,138.250,1,1
105.000,135.000,138.250,1,1
105.000,136.000,138.250,1,1
105.000,137.000,138.250,1,1
105.000,138.000,138.250,1,1
105.000,139.000,138.250,0,1
105.000,140.000,138.250,0,1
105.000,141.000,138.250,0,1
105.000,142.000,138.250,0,1
105.000,143.000,138.250,0,1
105.000,144.000,138.250,0,1
105.000,145.000,138.250,0,1
105.000,146.000,138.250,0,1
105.000,147.000,138.250,0,1
105.000,148.000,138.250,0,1
105.000,149.000,138.250,0,1
105.000,150.000,138.250,0,1
105.000,151.000,138.250,0,1
105.000,152.000,138.250,0,1
105.000,153.000,138.250,0,1
105.000,154.000,138.250,0,1
105.000,155.000,138.250,0,1
105.000,156.000,138.250,0,1
105.000,157.000,138.250,0,1
105.000,158.000,138.250,0,1
105.000,159.000,138.250,0,1
105.000,160.000,138.250,0,1
105.000,161.000,138.250,0,1
105.000,162.000,138.250,0,1
105.000,163.000,138.250,0,1
105.000,164.000,138.250,0,1
105.000,165.000,138.250,0,1
105.000,166.000,138.250,0,1
105.000,167.000,138.250,0,1
105.000,168.000,138.250,0,1
105.000,169.000,138.250,0,1
105.000,170.000,138.250,0,1
105.000,171.000,138.250,0,1
105.000,172.000,138.250,0,1
105.000,173.000,138.250,0,1
105.000,174.000,138.250,0,1
105.000,175.000,138.250,0,1
105.000,176.000,138.250,0,1
105.000,177.000,138.250,0,1
105.000,178.000,138.250,0,1
105.000,179.000,138.250,0,1
105.000,180.000,138.250,0,1
107.500,20.000,137.375,1,1
107.500,21.000,137.375,1,1
107.500,22.000,137.375,1,1
107.500,23.000,137.375,1,1
107.500,24.000,137.375,1,1
107.500,25.000,137.375,1,1
107.500,26.000,137.375,1,1
107.500,27.000,137.375,1,1
107.500,28.000,137.375,1,1
107.500,29.000,137.375,1,1
107.500,30.000,137.375,1,1
107.500,31.000,137.375,1,1
107.500,32.000,137.375,1,1
107.500,33.000,137.375,1,1
107.500,34.000,137.375,1,1
107.500,35.000,137.375,1,1
107.500,36.000,137.375,1,1
107.500,37.000,137.375,1,1
107.500,38.000,137.375,1,1
107.500,39.000,137.375,1,1
107.500,40.000,137.375,1,1
107.500,41.000,137.375,1,1
107.500,42.000,137.375,1,1
107.500,43.000,137.375,1,1
107.500,44.000,137.375,1,1
107.500,45.000,137.375,1,1
107.500,46.000,137.375,1,1
107.500,47.000,137.375,1,1
107.500,48.000,137.375,1,1
107.500,49.000,137.375,1,1
107.500,50.000,137.375,1,1
107.500,51.000,137.375,1,1
107.500,52.000,137.375,1,1
107.500,53.000,137.375,1,1
107.500,54.000,137.375,1,1
107.500,55.000,137.375,1,1
107.500,56.000,137.375,1,1
107.500,57.000,137.375,1,1
107.500,58.000,137.375,1,1
107.500,59.000,137.375,1,1
107.500,60.000,137.375,1,1
107.500,61.000,137.375,1,1
107.500,62.000,137.375,1,1
107.500,63.000,137.375,1,1
107.500,64.000,137.375,1,1
107.500,65.000,137.375,1,1
107.500,66.000,137.375,1,1
107.500,67.000,137.375,1,1
107.500,68.000,137.375,1,1
107.500,69.000,137.375,1,1
107.500,70.000,137.375,1,1
107.500,71.000,137.375,1,1
107.500,72.000,137.375,1,1
107.500,73.000,137.375,1,1
107.500,74.000,137.375,1,1
107.500,75.000,137.375,1,1
107.500,76.000,137.375,1,1
107.500,77.000,137.375,1,1
107.500,78.000,137.375,1,1
107.500,79.000,137.375,1,1
107.500,80.000,137.375,1,1
107.500,81.000,137.375,1,1
107.500,82.000,137.375,1,1
107.500,83.000,137.375,1,1
107.500,84.000,137.375,1,1
107.500,85.000,137.375,1,1
107.500,86.000,137.375,1,1
107.500,87.000,137.375,1,1
107.500,88.000,137.375,1,1
107.500,89.000,137.375,1,1
107.500,90.000,137.375,1,1
107.500,91.000,137.375,1,1
107.500,92.000,137.375,1,1
107.500,93.000,137.375,1,1
107.500,94.000,137.375,1,1
107.500,95.000,137.375,1,1
107.500,96.000,137.375,1,1
107.500,97.000,137.375,1,1
107.500,98.000,137.375,1,1
107.500,99.000,137.375,1,1
107.500,100.000,137.375,1,1
107.500,101.000,137.375,1,1
107.500,102.000,137.375,1,1
107.500,103.000,137.375,1,1
107.500,104.000,137.375,1,1
107.500,105.000,137.375,1,1
107.500,106.000,137.375,1,1
107.500,107.000,137.375,1,1
107.500,108.000,137.375,1,1
107.500,109.000,137.375,1,1
107.500,110.000,137.375,1,1
107.500,111.000,137.375,1,1
107.500,112.000,137.375,1,1
107.500,113.000,137.375,1,1
107.500,114.000,137.375,1,1
107.500,115.000,137.375,1,1
107.500,116.000,137.375,1,1
107.500,117.000,137.375,1,1
107.500,118.000,137.375,1,1
107.500,119.000,137.375,1,1
107.500,120.000,137.375,1,1
107.500,121.000,137.375,1,1
107.500,122.000,137.375,1,1
107.500,123.000,137.375,1,1
107.500,124.000,137.375,1,1
107.500,125.000,137.375,1,1
107.500,126.000,137.375,1,1
107.500,127.000,137.375,1,1
107.500,128.000,137.375,1,1
107.500,129.000,137.375,1,1
107.500,130.000,137.375,1,1
107.500,131.000,137.375,1,1
107.500,132.000,137.375,1,1
107.500,133.000,137.375,1,1
107.500,134.000,137.375,1,1
107.500,135.000,137.375,1,1
107.500,136.000,137.375,1,1
107.500,137.000,137.375,1,1
107.500,138.000,137.375,0,1
107.500,139.000,137.375,0,1
107.500,140.000,137.375,0,1
107.500,141.000,137.375,0,1
107.500,142.000,137.375,0,1
107.500,143.000,137.375,0,1
107.500,144.000,137.375,0,1
107.500,145.000,137.375,0,1
107.500,146.000,137.375,0,1
107.500,147.000,137.375,0,1
107.500,148.000,137.375,0,1
107.500,149.000,137.375,0,1
107.500,150.000,137.375,0,1
107.500,151.000,137.375,0,1
107.500,152.000,137.375,0,1
107.500,153.000,137.375,0,1
107.500,154.000,137.375,0,1
107.500,155.000,137.375,0,1
107.500,156.000,137.375,0,1
107.500,157.000,137.375,0,1
107.500,158.000,137.375,0,1
107.500,159.000,137.375,0,1
107.500,160.000,137.375,0,1
107.500,161.000,137.375,0,1
107.500,162.000,137.375,0,1
107.500,163.000,137.375,0,1
107.500,164.000,137.375,0,1
107.500,165.000,137.375,0,1
107.500,166.000,137.375,0,1
107.500,167.000,137.375,0,1
107.500,168.000,137.375,0,1
107.500,169.000,137.375,0,1
107.500,170.000,137.375,0,1
107.500,171.000,137.375,0,1
107.500,172.000,137.375,0,1
107.500,173.000,137.375,0,1
107.500,174.000,137.375,0,1
107.500,175.000,137.375,0,1
107.500,176.000,137.375,0,1
107.500,177.000,137.375,0,1
107.500,178.000,137.375,0,1
107.500,179.000,137.375,0,1
107.500,180.000,137.375,0,1
110.000,20.000,136.500,1,1
110.000,21.000,136.500,1,1
110.000,22.000,136.500,1,1
110.000,23.000,136.500,1,1
110.000,24.000,136.500,1,1
110.000,25.000,136.500,1,1
110.000,26.000,136.500,1,1
110.000,27.000,136.500,1,1
110.000,28.000,136.500,1,1
110.000,29.000,136.500,1,1
110.000,30.000,136.500,1,1
110.000,31.000,136.500,1,1
110.000,32.000,136.500,1,1
110.000,33.000,136.500,1,1
110.000,34.000,136.500,1,1
110.000,35.000,136.500,1,1
110.000,36.000,136.500,1,1
110.000,37.000,136.500,1,1
110.000,38.000,136.500,1,1
110.000,39.000,136.500,1,1
110.000,40.000,136.500,1,1
110.000,41.000,136.500,1,1
110.000,42.000,136.500,1,1
110.000,43.000,136.500,1,1
110.000,44.000,136.500,1,1
110.000,45.000,136.500,1,1
110.000,46.000,136.500,1,1
110.000,47.000,136.500,1,1
110.000,48.000,136.500,1,1
110.000,49.000,136.500,1,1
110.000,50.000,136.500,1,1
110.000,51.000,136.500,1,1
110.000,52.000,136.500,1,1
110.000,53.000,136.500,1,1
110.000,54.000,136.500,1,1
110.000,55.000,136.500,1,1
110.000,56.000,136.500,1,1
110.000,57.000,136.500,1,1
110.000,58.000,136.500,1,1
110.000,59.000,136.500,1,1
110.000,60.000,136.500,1,1
110.000,61.000,136.500,1,1
110.000,62.000,136.500,1,1
110.000,63.000,136.500,1,1
110.000,64.000,136.500,1,1
110.000,65.000,136.500,1,1
110.000,66.000,136.500,1,1
110.000,67.000,136.500,1,1
110.000,68.000,136.500,1,1
110.000,69.000,136.500,1,1
110.000,70.000,136.500,1,1
110.000,71.000,136.500,1,1
110.000,72.000,136.500,1,1
110.000,73.000,136.500,1,1
110.000,74.000,136.500,1,1
110.000,75.000,136.500,1,1
110.000,76.000,136.500,1,1
110.000,77.000,136.500,1,1
110.000,78.000,136.500,1,1
110.000,79.000,136.500,1,1
110.000,80.000,136.500,1,1
110.000,81.000,136.500,1,1
110.000,82.000,136.500,1,1
110.000,83.000,136.500,1,1
110.000,84.000,136.500,1,1
110.000,85.000,136.500,1,1
110.000,86.000,136.500,1,1
110.000,87.000,136.500,1,1
110.000,88.000,136.500,1,1
110.000,89.000,136.500,1,1
110.000,90.000,136.500,1,1
110.000,91.000,136.500,1,1
110.000,92.000,136.500,1,1
110.000,93.000,136.500,1,1
110.000,94.000,136.500,1,1
110.000,95.000,136.500,1,1
110.000,96.000,136.500,1,1
110.000,97.000,136.500,1,1
110.000,98.000,136.500,1,1
110.000,99.000,136.500,1,1
110.000,100.000,136.500,1,1
110.000,101.000,136.500,1,1
110.000,102.000,136.500,1,1
110.000,103.000,136.500,1,1
110.000,104.000,136.500,1,1
110.000,105.000,136.500,1,1
110.000,106.000,136.500,1,1
110.000,107.000,136.500,1,1
110.000,108.000,136.500,1,1
110.000,109.000,136.500,1,1
110.000,110.000,136.500,1,1
110.000,111.000,136.500,1,1
110.000,112.000,136.500,1,1
110.000,113.000,136.500,1,1
110.000,114.000,136.500,1,1
110.000,115.000,136.500,1,1
110.000,116.000,136.500,1,1
110.000,117.000,136.500,1,1
110.000,118.000,136.500,1,1
110.000,119.000,136.500,1,1
110.000,120.000,136.500,1,1
110.000,121.000,136.500,1,1
110.000,122.000,136.500,1,1
110.000,123.000,136.500,1,1
110.000,124.000,136.500,1,1
110.000,125.000,136.500,1,1
110.000,126.000,136.500,1,1
110.000,127.000,136.500,1,1
110.000,128.000,136.500,1,1
110.000,129.000,136.500,1,1
110.000,130.000,136.500,1,1
110.000,131.000,136.500,1,1
110.000,132.000,136.500,1,1
110.000,133.000,136.500,1,1
110.000,134.000,136.500,1,1
110.000,135.000,136.500,1,1
110.000,136.000,136.500,1,1
110.000,137.000,136.500,0,1
110.000,138.000,136.500,0,1
110.000,139.000,136.500,0,1
110.000,140.000,136.500,0,1
110.000,141.000,136.500,0,1
110.000,142.000,136.500,0,1
110.000,143.000,136.500,0,1
110.000,144.000,136.500,0,1
110.000,145.000,136.500,0,1
110.000,146.000,136.500,0,1
110.000,147.000,136.500,0,1
110.000,148.000,136.500,0,1
110.000,149.000,136.500,0,1
110.000,150.000,136.500,0,1
110.000,151.000,136.500,0,1
110.000,152.000,136.500,0,1
110.000,153.000,136.500,0,1
110.000,154.000,136.500,0,1
110.000,155.000,136.500,0,1
110.000,156.000,136.500,0,1
110.000,157.000,136.500,0,1
110.000,158.000,136.500,0,1
110.000,159.000,136.500,0,1
110.000,160.000,136.500,0,1
110.000,161.000,136.500,0,1
110.000,162.000,136.500,0,1
110.000,163.000,136.500,0,1
110.000,164.000,136.500,0,1
110.000,165.000,136.500,0,1
110.000,166.000,136.500,0,1
110.000,167.000,136.500,0,1
110.000,168.000,136.500,0,1
110.000,169.000,136.500,0,1
110.000,170.000,136.500,0,1
110.000,171.000,136.500,0,1
110.000,172.000,136.500,0,1
110.000,173.000,136.500,0,1
110.000,174.000,136.500,0,1
110.000,175.000,136.500,0,1
110.000,176.000,136.500,0,1
110.000,177.000,136.500,0,1
110.000,178.000,136.500,0,1
110.000,179.000,136.500,0,1
110.000,180.000,136.500,0,1
112.500,20.000,135.625,1,1
112.500,21.000,135.625,1,1
112.500,22.000,135.625,1,1
112.500,23.000,135.625,1,1
112.500,24.000,135.625,1,1
112.500,25.000,135.625,1,1
112.500,26.000,135.625,1,1
112.500,27.000,135.625,1,1
112.500,28.000,135.625,1,1
112.500,29.000,135.625,1,1
112.500,30.000,135.625,1,1
112.500,31.000,135.625,1,1
112.500,32.000,135.625,1,1
112.500,33.000,135.625,1,1
112.500,34.000,135.625,1,1
112.500,35.000,135.625,1,1
112.500,36.000,135.625,1,1
112.500,37.000,135.625,1,1
112.500,38.000,135.625,1,1
112.500,39.000,135.625,1,1
112.500,40.000,135.625,1,1
112.500,41.000,135.625,1,1
112.500,42.000,135.625,1,1
112.500,43.000,135.625,1,1
112.500,44.000,135.625,1,1
112.500,45.000,135.625,1,1
112.500,46.000,135.625,1,1
112.500,47.000,135.625,1,1
112.500,48.000,135.625,1,1
112.500,49.000,135.625,1,1
112.500,50.000,135.625,1,1
112.500,51.000,135.625,1,1
112.500,52.000,135.625,1,1
112.500,53.000,135.625,1,1
112.500,54.000,135.625,1,1
112.500,55.000,135.625,1,1
112.500,56.000,135.625,1,1
112.500,57.000,135.625,1,1
112.500,58.000,135.625,1,1
112.500,59.000,135.625,1,1
112.500,60.000,135.625,1,1
112.500,61.000,135.625,1,1
112.500,62.000,135.625,1,1
112.500,63.000,135.625,1,1
112.500,64.000,135.625,1,1
112.500,65.000,135.625,1,1
112.500,66.000,135.625,1,1
112.500,67.000,135.625,1,1
112.500,68.000,135.625,1,1
112.500,69.000,135.625,1,1
112.500,70.000,135.625,1,1
112.500,71.000,135.625,1,1
112.500,72.000,135.625,1,1
112.500,73.000,135.625,1,1
112.500,74.000,135.625,1,1
112.500,75.000,135.625,1,1
112.500,76.000,135.625,1,1
112.500,77.000,135.625,1,1
112.500,78.000,135.625,1,1
112.500,79.000,135.625,1,1
112.500,80.000,135.625,1,1
112.500,81.000,135.625,1,1
112.500,82.000,135.625,1,1
112.500,83.000,135.625,1,1
112.500,84.000,135.625,1,1
112.500,85.000,135.625,1,1
112.500,86.000,135.625,1,1
112.500,87.000,135.625,1,1
112.500,88.000,135.625,1,1
112.500,89.000,135.625,1,1
112.500,90.000,135.625,1,1
112.500,91.000,135.625,1,1
112.500,92.000,135.625,1,1
112.500,93.000,135.625,1,1
112.500,94.000,135.625,1,1
112.500,95.000,135.625,1,1
112.500,96.000,135.625,1,1
112.500,97.000,135.625,1,1
112.500,98.000,135.625,1,1
112.500,99.000,135.625,1,1
112.500,100.000,135.625,1,1
112.500,101.000,135.625,1,1
112.500,102.000,135.625,1,1
112.500,103.000,135.625,1,1
112.500,104.000,135.625,1,1
112.500,105.000,135.625,1,1
112.500,106.000,135.625,1,1
112.500,107.000,135.625,1,1
112.500,108.000,135.625,1,1
112.500,109.000,135.625,1,1
112.500,110.000,135.625,1,1
112.500,111.000,135.625,1,1
112.500,112.000,135.625,1,1
112.500,113.000,135.625,1,1
112.500,114.000,135.625,1,1
112.500,115.000,135.625,1,1
112.500,116.000,135.625,1,1
112.500,117.000,135.625,1,1
112.500,118.000,135.625,1,1
112.500,119.000,135.625,1,1
112.500,120.000,135.625,1,1
112.500,121.000,135.625,1,1
112.500,122.000,135.625,1,1
112.500,123.000,135.625,1,1
112.500,124.000,135.625,1,1
112.500,125.000,135.625,1,1
112.500,126.000,135.625,1,1
112.500,127.000,135.625,1,1
112.500,128.000,135.625,1,1
112.500,129.000,135.625,1,1
112.500,130.000,135.625,1,1
112.500,131.000,135.625,1,1
112.500,132.000,135.625,1,1
112.500,133.000,135.625,1,1
112.500,134.000,135.625,1,1
112.500,135.000,135.625,1,1
112.500,136.000,135.625,0,1
112.500,137.000,135.625,0,1
112.500,138.000,135.625,0,1
112.500,139.000,135.625,0,1
112.500,140.000,135.625,0,1
112.500,141.000,135.625,0,1
112.500,142.000,135.625,0,1
112.500,143.000,135.625,0,1
112.500,144.000,135.625,0,1
112.500,145.000,135.625,0,1
112.500,146.000,135.625,0,1
112.500,147.000,135.625,0,1
112.500,148.000,135.625,0,1
112.500,149.000,135.625,0,1
112.500,150.000,135.625,0,1
112.500,151.000,135.625,0,1
112.500,152.000,135.625,0,1
112.500,153.000,135.625,0,1
112.500,154.000,135.625,0,1
112.500,155.000,135.625,0,1
112.500,156.000,135.625,0,1
112.500,157.000,135.625,0,1
112.500,158.000,135.625,0,1
112.500,159.000,135.625,0,1
112.500,160.000,135.625,0,1
112.500,161.000,135.625,0,1
112.500,162.000,135.625,0,1
112.500,163.000,135.625,0,1
112.500,164.000,135.625,0,1
112.500,165.000,135.625,0,1
112.500,166.000,135.625,0,1
112.500,167.000,135.625,0,1
112.500,168.000,135.625,0,1
112.500,169.000,135.625,0,1
112.500,170.000,135.625,0,1
112.500,171.000,135.625,0,1
112.500,172.000,135.625,0,1
112.500,173.000,135.625,0,1
112.500,174.000,135.625,0,1
112.500,175.000,135.625,0,1
112.500,176.000,135.625,0,1
112.500,177.000,135.625,0,1
112.500,178.000,135.625,0,1
112.500,179.000,135.625,0,1
112.500,180.000,135.625,0,1
115.000,20.000,134.750,1,1
115.000,21.000,134.750,1,1
115.000,22.000,134.750,1,1
115.000,23.000,134.750,1,1
115.000,24.000,134.750,1,1
115.000,25.000,134.750,1,1
115.000,26.000,134.750,1,1
115.000,27.000,134.750,1,1
115.000,28.000,134.750,1,1
115.000,29.000,134.750,1,1
115.000,30.000,134.750,1,1
115.000,31.000,134.750,1,1
115.000,32.000,134.750,1,1
115.000,33.000,134.750,1,1
115.000,34.000,134.750,1,1
115.000,35.000,134.750,1,1
115.000,36.000,134.750,1,1
115.000,37.000,134.750,1,1
115.000,38.000,134.750,1,1
115.000,39.000,134.750,1,1
115.000,40.000,134.750,1,1
115.000,41.000,134.750,1,1
115.000,42.000,134.750,1,1
115.000,43.000,134.750,1,1
115.000,44.000,134.750,1,1
115.000,45.000,134.750,1,1
115.000,46.000,134.750,1,1
115.000,47.000,134.750,1,1
115.000,48.000,134.750,1,1
115.000,49.000,134.750,1,1
115.000,50.000,134.750,1,1
115.000,51.000,134.750,1,1
115.000,52.000,134.750,1,1
115.000,53.000,134.750,1,1
115.000,54.000,134.750,1,1
115.000,55.000,134.750,1,1
115.000,56.000,134.750,1,1
115.000,57.000,134.750,1,1
115.000,58.000,134.750,1,1
115.000,59.000,134.750,1,1
115.000,60.000,134.750,1,1
115.000,61.000,134.750,1,1
115.000,62.000,134.750,1,1
115.000,63.000,134.750,1,1
115.000,64.000,134.750,1,1
115.000,65.000,134.750,1,1
115.000,66.000,134.750,1,1
115.000,67.000,134.750,1,1
115.000,68.000,134.750,1,1
115.000,69.000,134.750,1,1
115.000,70.000,134.750,1,1
115.000,71.000,134.750,1,1
115.000,72.000,134.750,1,1
115.000,73.000,134.750,1,1
115.000,74.000,134.750,1,1
115.000,75.000,134.750,1,1
115.000,76.000,134.750,1,1
115.000,77.000,134.750,1,1
115.000,78.000,134.750,1,1
115.000,79.000,134.750,1,1
115.000,80.000,134.750,1,1
115.000,81.000,134.750,1,1
115.000,82.000,134.750,1,1
115.000,83.000,134.750,1,1
115.000,84.000,134.750,1,1
115.000,85.000,134.750,1,1
115.000,86.000,134.750,1,1
115.000,87.000,134.750,1,1
115.000,88.000,134.750,1,1
115.000,89.000,134.750,1,1
115.000,90.000,134.750,1,1
115.000,91.000,134.750,1,1
115.000,92.000,134.750,1,1
115.000,93.000,134.750,1,1
115.000,94.000,134.750,1,1
115.000,95.000,134.750,1,1
115.000,96.000,134.750,1,1
115.000,97.000,134.750,1,1
115.000,98.000,134.750,1,1
115.000,99.000,134.750,1,1
115.000,100.000,134.750,1,1
115.000,101.000,134.750,1,1
115.000,102.000,134.750,1,1
115.000,103.000,134.750,1,1
115.000,104.000,134.750,1,1
115.000,105.000,134.750,1,1
115.000,106.000,134.750,1,1
115.000,107.000,134.750,1,1
115.000,108.000,134.750,1,1
115.000,109.000,134.750,1,1
115.000,110.000,134.750,1,1
115.000,111.000,134.750,1,1
115.000,112.000,134.750,1,1
115.000,113.000,134.750,1,1
115.000,114.000,134.750,1,1
115.000,115.000,134.750,1,1
115.000,116.000,134.750,1,1
115.000,117.000,134.750,1,1
115.000,118.000,134.750,1,1
115.000,119.000,134.750,1,1
115.000,120.000,134.750,1,1
115.000,121.000,134.750,1,1
115.000,122.000,134.750,1,1
115.000,123.000,134.750,1,1
115.000,124.000,134.750,1,1
115.000,125.000,134.750,1,1
115.000,126.000,134.750,1,1
115.000,127.000,134.750,1,1
115.000,128.000,134.750,1,1
115.000,129.000,134.750,1,1
115.000,130.000,134.750,1,1
115.000,131.000,134.750,1,1
115.000,132.000,134.750,1,1
115.000,133.000,134.750,1,1
115.000,134.000,134.750,1,1
115.000,135.000,134.750,0,1
115.000,136.000,134.750,0,1
115.000,137.000,134.750,0,1
115.000,138.000,134.750,0,1
115.000,139.000,134.750,0,1
115.000,140.000,134.750,0,1
115.000,141.000,134.750,0,1
115.000,142.000,134.750,0,1
115.000,143.000,134.750,0,1
115.000,144.000,134.750,0,1
115.000,145.000,134.750,0,1
115.000,146.000,134.750,0,1
115.000,147.000,134.750,0,1
115.000,148.000,134.750,0,1
115.000,149.000,134.750,0,1
115.000,150.000,134.750,0,1
115.000,151.000,134.750,0,1
115.000,152.000,134.750,0,1
115.000,153.000,134.750,0,1
115.000,154.000,134.750,0,1
115.000,155.000,134.750,0,1
115.000,156.000,134.750,0,1
115.000,157.000,134.750,0,1
115.000,158.000,134.750,0,1
115.000,159.000,134.750,0,1
115.000,160.000,134.750,0,1
115.000,161.000,134.750,0,1
115.000,162.000,134.750,0,1
115.000,163.000,134.750,0,1
115.000,164.000,134.750,0,1
115.000,165.000,134.750,0,1
115.000,166.000,134.750,0,1
115.000,167.000,134.750,0,1
115.000,168.000,134.750,0,1
115.000,169.000,134.750,0,1
115.000,170.000,134.750,0,1
115.000,171.000,134.750,0,1
115.000,172.000,134.750,0,1
115.000,173.000,134.750,0,1
115.000,174.000,134.750,0,1
115.000,175.000,134.750,0,1
115.000,176.000,134.750,0,1
115.000,177.000,134.750,0,1
115.000,178.000,134.750,0,1
115.000,179.000,134.750,0,1
115.000,180.000,134.750,0,1
117.500,20.000,133.875,1,1
117.500,21.000,133.875,1,1
117.500,22.000,133.875,1,1
117.500,23.000,133.875,1,1
117.500,24.000,133.875,1,1
117.500,25.000,133.875,1,1
117.500,26.000,133.875,1,1
117.500,27.000,133.875,1,1
117.500,28.000,133.875,1,1
117.500,29.000,133.875,1,1
117.500,30.000,133.875,1,1
117.500,31.000,133.875,1,1
117.500,32.000,133.875,1,1
117.500,33.000,133.875,1,1
117.500,34.000,133.875,1,1
117.500,35.000,133.875,1,1
117.500,36.000,133.875,1,1
117.500,37.000,133.875,1,1
117.500,38.000,133.875,1,1
117.500,39.000,133.875,1,1
117.500,40.000,133.875,1,1
117.500,41.000,133.875,1,1
117.500,42.000,133.875,1,1
117.500,43.000,133.875,1,1
117.500,44.000,133.875,1,1
117.500,45.000,133.875,1,1
117.500,46.000,133.875,1,1
117.500,47.000,133.875,1,1
117.500,48.000,133.875,1,1
117.500,49.000,133.875,1,1
117.500,50.000,133.875,1,1
117.500,51.000,133.875,1,1
117.500,52.000,133.875,1,1
117.500,53.000,133.875,1,1
117.500,54.000,133.875,1,1
117.500,55.000,133.875,1,1
117.500,56.000,133.875,1,1
117.500,57.000,133.875,1,1
117.500,58.000,133.875,1,1
117.500,59.000,133.875,1,1
117.500,60.000,133.875,1,1
117.500,61.000,133.875,1,1
117.500,62.000,133.875,1,1
117.500,63.000,133.875,1,1
117.500,64.000,133.875,1,1
117.500,65.000,133.875,1,1
117.500,66.000,133.875,1,1
117.500,67.000,133.875,1,1
117.500,68.000,133.875,1,1
117.500,69.000,133.875,1,1
117.500,70.000,133.875,1,1
117.500,71.000,133.875,1,1
117.500,72.000,133.875,1,1
117.500,73.000,133.875,1,1
117.500,74.000,133.875,1,1
117.500,75.000,133.875,1,1
117.500,76.000,133.875,1,1
117.500,77.000,133.875,1,1
117.500,78.000,133.875,1,1
117.500,79.000,133.875,1,1
117.500,80.000,133.875,1,1
117.500,81.000,133.875,1,1
117.500,82.000,133.875,1,1
117.500,83.000,133.875,1,1
117.500,84.000,133.875,1,1
117.500,85.000,133.875,1,1
117.500,86.000,133.875,1,1
117.500,87.000,133.875,1,1
117.500,88.000,133.875,1,1
117.500,89.000,133.875,1,1
117.500,90.000,133.875,1,1
117.500,91.000,133.875,1,1
117.500,92.000,133.875,1,1
117.500,93.000,133.875,1,1
117.500,94.000,133.875,1,1
117.500,95.000,133.875,1,1
117.500,96.000,133.875,1,1
117.500,97.000,133.875,1,1
117.500,98.000,133.875,1,1
117.500,99.000,133.875,1,1
117.500,100.000,133.875,1,1
117.500,101.000,133.875,1,1
117.500,102.000,133.875,1,1
117.500,103.000,133.875,1,1
117.500,104.000,133.875,1,1
117.500,105.000,133.875,1,1
117.500,106.000,133.875,1,1
117.500,107.000,133.875,1,1
117.500,108.000,133.875,1,1
117.500,109.000,133.875,1,1
117.500,110.000,133.875,1,1
117.500,111.000,133.875,1,1
117.500,112.000,133.875,1,1
117.500,113.000,133.875,1,1
117.500,114.000,133.875,1,1
117.500,115.000,133.875,1,1
117.500,116.000,133.875,1,1
117.500,117.000,133.875,1,1
117.500,118.000,133.875,1,1
117.500,119.000,133.875,1,1
117.500,120.000,133.875,1,1
117.500,121.000,133.875,1,1
117.500,122.000,133.875,1,1
117.500,123.000,133.875,1,1
117.500,124.000,133.875,1,1
117.500,125.000,133.875,1,1
117.500,126.000,133.875,1,1
117.500,127.000,133.875,1,1
117.500,128.000,133.875,1,1
117.500,129.000,133.875,1,1
117.500,130.000,133.875,1,1
117.500,131.000,133.875,1,1
117.500,132.000,133.875,1,1
117.500,133.000,133.875,1,1
117.500,134.000,133.875,0,1
117.500,135.000,133.875,0,1
117.500,136.000,133.875,0,1
117.500,137.000,133.875,0,1
117.500,138.000,133.875,0,1
117.500,139.000,133.875,0,1
117.500,140.000,133.875,0,1
117.500,141.000,133.875,0,1
117.500,142.000,133.875,0,1
117.500,143.000,133.875,0,1
117.500,144.000,133.875,0,1
117.500,145.000,133.875,0,1
117.500,146.000,133.875,0,1
117.500,147.000,133.875,0,1
117.500,148.000,133.875,0,1
117.500,149.000,133.875,0,1
117.500,150.000,133.875,0,1
117.500,151.000,133.875,0,1
117.500,152.000,133.875,0,1
117.500,153.000,133.875,0,1
117.500,154.000,133.875,0,1
117.500,155.000,133.875,0,1
117.500,156.000,133.875,0,1
117.500,157.000,133.875,0,1
117.500,158.000,133.875,0,1
117.500,159.000,133.875,0,1
117.500,160.000,133.875,0,1
117.500,161.000,133.875,0,1
117.500,162.000,133.875,0,1
117.500,163.000,133.875,0,1
117.500,164.000,133.875,0,1
117.500,165.000,133.875,0,1
117.500,166.000,133.875,0,1
117.500,167.000,133.875,0,1
117.500,168.000,133.875,0,1
117.500,169.000,133.875,0,1
117.500,170.000,133.875,0,1
117.500,171.000,133.875,0,1
117.500,172.000,133.875,0,1
117.500,173.000,133.875,0,1
117.500,174.000,133.875,0,1
117.500,175.000,133.875,0,1
117.500,176.000,133.875,0,1
117.500,177.000,133.875,0,1
117.500,178.000,133.875,0,1
117.500,179.000,133.875,0,1
117.500,180.000,133.875,0,1
120.000,20.000,133.000,1,1
120.000,21.000,133.000,1,1
120.000,22.000,133.000,1,1
120.000,23.000,133.000,1,1
120.000,24.000,133.000,1,1
120.000,25.000,133.000,1,1
120.000,26.000,133.000,1,1
120.000,27.000,133.000,1,1
120.000,28.000,133.000,1,1
120.000,29.000,133.000,1,1
120.000,30.000,133.000,1,1
120.000,31.000,133.000,1,1
120.000,32.000,133.000,1,1
120.000,33.000,133.000,1,1
120.000,34.000,133.000,1,1
120.000,35.000,133.000,1,1
120.000,36.000,133.000,1,1
120.000,37.000,133.000,1,1
120.000,38.000,133.000,1,1
120.000,39.000,133.000,1,1
120.000,40.000,133.000,1,1
120.000,41.000,133.000,1,1
120.000,42.000,133.000,1,1
120.000,43.000,133.000,1,1
120.000,44.000,133.000,1,1
120.000,45.000,133.000,1,1
120.000,46.000,133.000,1,1
120.000,47.000,133.000,1,1
120.000,48.000,133.000,1,1
120.000,49.000,133.000,1,1
120.000,50.000,133.000,1,1
120.000,51.000,133.000,1,1
120.000,52.000,133.000,1,1
120.000,53.000,133.000,1,1
120.000,54.000,133.000,1,1
120.000,55.000,133.000,1,1
120.000,56.000,133.000,1,1
120.000,57.000,133.000,1,1
120.000,58.000,133.000,1,1
120.000,59.000,133.000,1,1
120.000,60.000,133.000,1,1
120.000,61.000,133.000,1,1
120.000,62.000,133.000,1,1
120.000,63.000,133.000,1,1
120.000,64.000,133.000,1,1
120.000,65.000,133.000,1,1
120.000,66.000,133.000,1,1
120.000,67.000,133.000,1,1
120.000,68.000,133.000,1,1
120.000,69.000,133.000,1,1
120.000,70.000,133.000,1,1
120.000,71.000,133.000,1,1
120.000,72.000,133.000,1,1
120.000,73.000,133.000,1,1
120.000,74.000,133.000,1,1
120.000,75.000,133.000,1,1
120.000,76.000,133.000,1,1
120.000,77.000,133.000,1,1
120.000,78.000,133.000,1,1
120.000,79.000,133.000,1,1
120.000,80.000,133.000,1,1
120.000,81.000,133.000,1,1
120.000,82.000,133.000,1,1
120.000,83.000,133.000,1,1
120.000,84.000,133.000,1,1
120.000,85.000,133.000,1,1
120.000,86.000,133.000,1,1
120.000,87.000,133.000,1,1
120.000,88.000,133.000,1,1
120.000,89.000,133.000,1,1
120.000,90.000,133.000,1,1
120.000,91.000,133.000,1,1
120.000,92.000,133.000,1,1
120.000,93.000,133.000,1,1
120.000,94.000,133.000,1,1
120.000,95.000,133.000,1,1
120.000,96.000,133.000,1,1
120.000,97.000,133.000,1,1
120.000,98.000,133.000,1,1
120.000,99.000,133.000,1,1
120.000,100.000,133.000,1,1
120.000,101.000,133.000,1,1
120.000,102.000,133.000,1,1
120.000,103.000,133.000,1,1
120.000,104.000,133.000,1,1
120.000,105.000,133.000,1,1
120.000,106.000,133.000,1,1
120.000,107.000,133.000,1,1
120.000,108.000,133.000,1,1
120.000,109.000,133.000,1,1
120.000,110.000,133.000,1,1
120.000,111.000,133.000,1,1
120.000,112.000,133.000,1,1
120.000,113.000,133.000,1,1
120.000,114.000,133.000,1,1
120.000,115.000,133.000,1,1
120.000,116.000,133.000,1,1
120.000,117.000,133.000,1,1
120.000,118.000,133.000,1,1
120.000,119.000,133.000,1,1
120.000,120.000,133.000,1,1
120.000,121.000,133.000,1,1
120.000,122.000,133.000,1,1
120.000,123.000,133.000,1,1
120.000,124.000,133.000,1,1
120.000,125.000,133.000,1,1
120.000,126.000,133.000,1,1
120.000,127.000,133.000,1,1
120.000,128.000,133.000,1,1
120.000,129.000,133.000,1,1
120.000,130.000,133.000,1,1
120.000,131.000,133.000,1,1
120.000,132.000,133.000,1,1
120.000,133.000,133.000,1,1
120.000,134.000,133.000,0,1
120.000,135.000,133.000,0,1
120.000,136.000,133.000,0,1
120.000,137.000,133.000,0,1
120.000,138.000,133.000,0,1
120.000,139.000,133.000,0,1
120.000,140.000,133.000,0,1
120.000,141.000,133.000,0,1
120.000,142.000,133.000,0,1
120.000,143.000,133.000,0,1
120.000,144.000,133.000,0,1
120.000,145.000,133.000,0,1
120.000,146.000,133.000,0,1
120.000,147.000,133.000,0,1
120.000,148.000,133.000,0,1
120.000,149.000,133.000,0,1
120.000,150.000,133.000,0,1
120.000,151.000,133.000,0,1
120.000,152.000,133.000,0,1
120.000,153.000,133.000,0,1
120.000,154.000,133.000,0,1
120.000,155.000,133.000,0,1
120.000,156.000,133.000,0,1
120.000,157.000,133.000,0,1
120.000,158.000,133.000,0,1
120.000,159.000,133.000,0,1
120.000,160.000,133.000,0,1
120.000,161.000,133.000,0,1
120.000,162.000,133.000,0,1
120.000,163.000,133.000,0,1
120.000,164.000,133.000,0,1
120.000,165.000,133.000,0,1
120.000,166.000,133.000,0,1
120.000,167.000,133.000,0,1
120.000,168.000,133.000,0,1
120.000,169.000,133.000,0,1
120.000,170.000,133.000,0,1
120.000,171.000,133.000,0,1
120.000,172.000,133.000,0,1
120.000,173.000,133.000,0,1
120.000,174.000,133.000,0,1
120.000,175.000,133.000,0,1
120.000,176.000,133.000,0,1
120.000,177.000,133.000,0,1
120.000,178.000,133.000,0,1
120.000,179.000,133.000,0,1
120.000,180.000,133.000,0,1
122.500,20.000,132.125,1,1
122.500,21.000,132.125,1,1
122.500,22.000,132.125,1,1
122.500,23.000,132.125,1,1
122.500,24.000,132.125,1,1
122.500,25.000,132.125,1,1
122.500,26.000,132.125,1,1
122.500,27.000,132.125,1,1
122.500,28.000,132.125,1,1
122.500,29.000,132.125,1,1
122.500,30.000,132.125,1,1
122.500,31.000,132.125,1,1
122.500,32.000,132.125,1,1
122.500,33.000,132.125,1,1
122.500,34.000,132.125,1,1
122.500,35.000,132.125,1,1
122.500,36.000,132.125,1,1
122.500,37.000,132.125,1,1
122.500,38.000,132.125,1,1
122.500,39.000,132.125,1,1
122.500,40.000,132.125,1,1
122.500,41.000,132.125,1,1
122.500,42.000,132.125,1,1
122.500,43.000,132.125,1,1
122.500,44.000,132.125,1,1
122.500,45.000,132.125,1,1
122.500,46.000,132.125,1,1
122.500,47.000,132.125,1,1
122.500,48.000,132.125,1,1
122.500,49.000,132.125,1,1
122.500,50.000,132.125,1,1
122.500,51.000,132.125,1,1
122.500,52.000,132.125,1,1
122.500,53.000,132.125,1,1
122.500,54.000,132.125,1,1
122.500,55.000,132.125,1,1
122.500,56.000,132.125,1,1
122.500,57.000,132.125,1,1
122.500,58.000,132.125,1,1
122.500,59.000,132.125,1,1
122.500,60.000,132.125,1,1
122.500,61.000,132.125,1,1
122.500,62.000,132.125,1,1
122.500,63.000,132.125,1,1
122.500,64.000,132.125,1,1
122.500,65.000,132.125,1,1
122.500,66.000,132.125,1,1
122.500,67.000,132.125,1,1
122.500,68.000,132.125,1,1
122.500,69.000,132.125,1,1
122.500,70.000,132.125,1,1
122.500,71.000,132.125,1,1
122.500,72.000,132.125,1,1
122.500,73.000,132.125,1,1
122.500,74.000,132.125,1,1
122.500,75.000,132.125,1,1
122.500,76.000,132.125,1,1
122.500,77.000,132.125,1,1
122.500,78.000,132.125,1,1
122.500,79.000,132.125,1,1
122.500,80.000,132.125,1,1
122.500,81.000,132.125,1,1
122.500,82.000,132.125,1,1
122.500,83.000,132.125,1,1
122.500,84.000,132.125,1,1
122.500,85.000,132.125,1,1
122.500,86.000,132.125,1,1
122.500,87.000,132.125,1,1
122.500,88.000,132.125,1,1
122.500,89.000,132.125,1,1
122.500,90.000,132.125,1,1
122.500,91.000,132.125,1,1
122.500,92.000,132.125,1,1
122.500,93.000,132.125,1,1
122.500,94.000,132.125,1,1
122.500,95.000,132.125,1,1
122.500,96.000,132.125,1,1
122.500,97.000,132.125,1,1
122.500,98.000,132.125,1,1
122.500,99.000,132.125,1,1
122.500,100.000,132.125,1,1
122.500,101.000,132.125,1,1
122.500,102.000,132.125,1,1
122.500,103.000,132.125,1,1
122.500,104.000,132.125,1,1
122.500,105.000,132.125,1,1
122.500,106.000,132.125,1,1
122.500,107.000,132.125,1,1
122.500,108.000,132.125,1,1
122.500,109.000,132.125,1,1
122.500,110.000,132.125,1,1
122.500,111.000,132.125,1,1
122.500,112.000,132.125,1,1
122.500,113.000,132.125,1,1
122.500,114.000,132.125,1,1
122.500,115.000,132.125,1,1
122.500,116.000,132.125,1,1
122.500,117.000,132.125,1,1
122.500,118.000,132.125,1,1
122.500,119.000,132.125,1,1
122.500,120.000,132.125,1,1
122.500,121.000,132.125,1,1
122.500,122.000,132.125,1,1
122.500,123.000,132.125,1,1
122.500,124.000,132.125,1,1
122.500,125.000,132.125,1,1
122.500,126.000,132.125,1,1
122.500,127.000,132.125,1,1
122.500,128.000,132.125,1,1
122.500,129.000,132.125,1,1
122.500,130.000,132.125,1,1
122.500,131.000,132.125,1,1
122.500,132.000,132.125,1,1
122.500,133.000,132.125,0,1
122.500,134.000,132.125,0,1
122.500,135.000,132.125,0,1
122.500,136.000,132.125,0,1
122.500,137.000,132.125,0,1
122.500,138.000,132.125,0,1
122.500,139.000,132.125,0,1
122.500,140.000,132.125,0,1
122.500,141.000,132.125,0,1
122.500,142.000,132.125,0,1
122.500,143.000,132.125,0,1
122.500,144.000,132.125,0,1
122.500,145.000,132.125,0,1
122.500,146.000,132.125,0,1
122.500,147.000,132.125,0,1
122.500,148.000,132.125,0,1
122.500,149.000,132.125,0,1
122.500,150.000,132.125,0,1
122.500,151.000,132.125,0,1
122.500,152.000,132.125,0,1
122.500,153.000,132.125,0,1
122.500,154.000,132.125,0,1
122.500,155.000,132.125,0,1
122.500,156.000,132.125,0,1
122.500,157.000,132.125,0,1
122.500,158.000,132.125,0,1
122.500,159.000,132.125,0,1
122.500,160.000,132.125,0,1
122.500,161.000,132.125,0,1
122.500,162.000,132.125,0,1
122.500,163.000,132.125,0,1
122.500,164.000,132.125,0,1
122.500,165.000,132.125,0,1
122.500,166.000,132.125,0,1
122.500,167.000,132.125,0,1
122.500,168.000,132.125,0,1
122.500,169.000,132.125,0,1
122.500,170.000,132.125,0,1
122.500,171.000,132.125,0,1
122.500,172.000,132.125,0,1
122.500,173.000,132.125,0,1
122.500,174.000,132.125,0,1
122.500,175.000,132.125,0,1
122.500,176.000,132.125,0,1
122.500,177.000,132.125,0,1
122.500,178.000,132.125,0,1
122.500,179.000,132.125,0,1
122.500,180.000,132.125,0,1
125.000,20.000,131.250,1,1
125.000,21.000,131.250,1,1
125.000,22.000,131.250,1,1
125.000,23.000,131.250,1,1
125.000,24.000,131.250,1,1
125.000,25.000,131.250,1,1
125.000,26.000,131.250,1,1
125.000,27.000,131.250,1,1
125.000,28.000,131.250,1,1
125.000,29.000,131.250,1,1
125.000,30.000,131.250,1,1
125.000,31.000,131.250,1,1
125.000,32.000,131.250,1,1
125.000,33.000,131.250,1,1
125.000,34.000,131.250,1,1
125.000,35.000,131.250,1,1
125.000,36.000,131.250,1,1
125.000,37.000,131.250,1,1
125.000,38.000,131.250,1,1
125.000,39.000,131.250,1,1
125.000,40.000,131.250,1,1
125.000,41.000,131.250,1,1
125.000,42.000,131.250,1,1
125.000,43.000,131.250,1,1
125.000,44.000,131.250,1,1
125.000,45.000,131.250,1,1
125.000,46.000,131.250,1,1
125.000,47.000,131.250,1,1
125.000,48.000,131.250,1,1
125.000,49.000,131.250,1,1
125.000,50.000,131.250,1,1
125.000,51.000,131.250,1,1
125.000,52.000,131.250,1,1
125.000,53.000,131.250,1,1
125.000,54.000,131.250,1,1
125.000,55.000,131.250,1,1
125.000,56.000,131.250,1,1
125.000,57.000,131.250,1,1
125.000,58.000,131.250,1,1
125.000,59.000,131.250,1,1
125.000,60.000,131.250,1,1
125.000,61.000,131.250,1,1
125.000,62.000,131.250,1,1
125.000,63.000,131.250,1,1
125.000,64.000,131.250,1,1
125.000,65.000,131.250,1,1
125.000,66.000,131.250,1,1
125.000,67.000,131.250,1,1
125.000,68.000,131.250,1,1
125.000,69.000,131.250,1,1
125.000,70.000,131.250,1,1
125.000,71.000,131.250,1,1
125.000,72.000,131.250,1,1
125.000,73.000,131.250,1,1
125.000,74.000,131.250,1,1
125.000,75.000,131.250,1,1
125.000,76.000,131.250,1,1
125.000,77.000,131.250,1,1
125.000,78.000,131.250,1,1
125.000,79.000,131.250,1,1
125.000,80.000,131.250,1,1
125.000,81.000,131.250,1,1
125.000,82.000,131.250,1,1
125.000,83.000,131.250,1,1
125.000,84.000,131.250,1,1
125.000,85.000,131.250,1,1
125.000,86.000,131.250,1,1
125.000,87.000,131.250,1,1
125.000,88.000,131.250,1,1
125.000,89.000,131.250,1,1
125.000,90.000,131.250,1,1
125.000,91.000,131.250,1,1
125.000,92.000,131.250,1,1
125.000,93.000,131.250,1,1
125.000,94.000,131.250,1,1
125.000,95.000,131.250,1,1
125.000,96.000,131.250,1,1
125.000,97.000,131.250,1,1
125.000,98.000,131.250,1,1
125.000,99.000,131.250,1,1
125.000,100.000,131.250,1,1
125.000,101.000,131.250,1,1
125.000,102.000,131.250,1,1
125.000,103.000,131.250,1,1
125.000,104.000,131.250,1,1
125.000,105.000,131.250,1,1
125.000,106.000,131.250,1,1
125.000,107.000,131.250,1,1
125.000,108.000,131.250,1,1
125.000,109.000,131.250,1,1
125.000,110.000,131.250,1,1
125.000,111.000,131.250,1,1
125.000,112.000,131.250,1,1
125.000,113.000,131.250,1,1
125.000,114.000,131.250,1,1
125.000,115.000,131.250,1,1
125.000,116.000,131.250,1,1
125.000,117.000,131.250,1,1
125.000,118.000,131.250,1,1
125.000,119.000,131.250,1,1
125.000,120.000,131.250,1,1
125.000,121.000,131.250,1,1
125.000,122.000,131.250,1,1
125.000,123.000,131.250,1,1
125.000,124.000,131.250,1,1
125.000,125.000,131.250,1,1
125.000,126.000,131.250,1,1
125.000,127.000,131.250,1,1
125.000,128.000,131.250,1,1
125.000,129.000,131.250,1,1
125.000,130.000,131.250,1,1
125.000,131.000,131.250,1,1
125.000,132.000,131.250,0,1
125.000,133.000,131.250,0,1
125.000,134.000,131.250,0,1
125.000,135.000,131.250,0,1
125.000,136.000,131.250,0,1
125.000,137.000,131.250,0,1
125.000,138.000,131.250,0,1
125.000,139.000,131.250,0,1
125.000,140.000,131.250,0,1
125.000,141.000,131.250,0,1
125.000,142.000,131.250,0,1
125.000,143.000,131.250,0,1
125.000,144.000,131.250,0,1
125.000,145.000,131.250,0,1
125.000,146.000,131.250,0,1
125.000,147.000,131.250,0,1
125.000,148.000,131.250,0,1
125.000,149.000,131.250,0,1
125.000,150.000,131.250,0,1
125.000,151.000,131.250,0,1
125.000,152.000,131.250,0,1
125.000,153.000,131.250,0,1
125.000,154.000,131.250,0,1
125.000,155.000,131.250,0,1
125.000,156.000,131.250,0,1
125.000,157.000,131.250,0,1
125.000,158.000,131.250,0,1
125.000,159.000,131.250,0,1
125.000,160.000,131.250,0,1
125.000,161.000,131.250,0,1
125.000,162.000,131.250,0,1
125.000,163.000,131.250,0,1
125.000,164.000,131.250,0,1
125.000,165.000,131.250,0,1
125.000,166.000,131.250,0,1
125.000,167.000,131.250,0,1
125.000,168.000,131.250,0,1
125.000,169.000,131.250,0,1
125.000,170.000,131.250,0,1
125.000,171.000,131.250,0,1
125.000,172.000,131.250,0,1
125.000,173.000,131.250,0,1
125.000,174.000,131.250,0,1
125.000,175.000,131.250,0,1
125.000,176.000,131.250,0,1
125.000,177.000,131.250,0,1
125.000,178.000,131.250,0,1
125.000,179.000,131.250,0,1
125.000,180.000,131.250,0,1
127.500,20.000,130.375,1,1
127.500,21.000,130.375,1,1
127.500,22.000,130.375,1,1
127.500,23.000,130.375,1,1
127.500,24.000,130.375,1,1
127.500,25.000,130.375,1,1
127.500,26.000,130.375,1,1
127.500,27.000,130.375,1,1
127.500,28.000,130.375,1,1
127.500,29.000,130.375,1,1
127.500,30.000,130.375,1,1
127.500,31.000,130.375,1,1
127.500,32.000,130.375,1,1
127.500,33.000,130.375,1,1
127.500,34.000,130.375,1,1
127.500,35.000,130.375,1,1
127.500,36.000,130.375,1,1
127.500,37.000,130.375,1,1
127.500,38.000,130.375,1,1
127.500,39.000,130.375,1,1
127.500,40.000,130.375,1,1
127.500,41.000,130.375,1,1
127.500,42.000,130.375,1,1
127.500,43.000,130.375,1,1
127.500,44.000,130.375,1,1
127.500,45.000,130.375,1,1
127.500,46.000,130.375,1,1
127.500,47.000,130.375,1,1
127.500,48.000,130.375,1,1
127.500,49.000,130.375,1,1
127.500,50.000,130.375,1,1
127.500,51.000,130.375,1,1
127.500,52.000,130.375,1,1
127.500,53.000,130.375,1,1
127.500,54.000,130.375,1,1
127.500,55.000,130.375,1,1
127.500,56.000,130.375,1,1
127.500,57.000,130.375,1,1
127.500,58.000,130.375,1,1
127.500,59.000,130.375,1,1
127.500,60.000,130.375,1,1
127.500,61.000,130.375,1,1
127.500,62.000,130.375,1,1
127.500,63.000,130.375,1,1
127.500,64.000,130.375,1,1
127.500,65.000,130.375,1,1
127.500,66.000,130.375,1,1
127.500,67.000,130.375,1,1
127.500,68.000,130.375,1,1
127.500,69.000,130.375,1,1
127.500,70.000,130.375,1,1
127.500,71.000,130.375,1,1
127.500,72.000,130.375,1,1
127.500,73.000,130.375,1,1
127.500,74.000,130.375,1,1
127.500,75.000,130.375,1,1
127.500,76.000,130.375,1,1
127.500,77.000,130.375,1,1
127.500,78.000,130.375,1,1
127.500,79.000,130.375,1,1
127.500,80.000,130.375,1,1
127.500,81.000,130.375,1,1
127.500,82.000,130.375,1,1
127.500,83.000,130.375,1,1
127.500,84.000,130.375,1,1
127.500,85.000,130.375,1,1
127.500,86.000,130.375,1,1
127.500,87.000,130.375,1,1
127.500,88.000,130.375,1,1
127.500,89.000,130.375,1,1
127.500,90.000,130.375,1,1
127.500,91.000,130.375,1,1
127.500,92.000,130.375,1,1
127.500,93.000,130.375,1,1
127.500,94.000,130.375,1,1
127.500,95.000,130.375,1,1
127.500,96.000,130.375,1,1
127.500,97.000,130.375,1,1
127.500,98.000,130.375,1,1
127.500,99.000,130.375,1,1
127.500,100.000,130.375,1,1
127.500,101.000,130.375,1,1
127.500,102.000,130.375,1,1
127.500,103.000,130.375,1,1
127.500,104.000,130.375,1,1
127.500,105.000,130.375,1,1
127.500,106.000,130.375,1,1
127.500,107.000,130.375,1,1
127.500,108.000,130.375,1,1
127.500,109.000,130.375,1,1
127.500,110.000,130.375,1,1
127.500,111.000,130.375,1,1
127.500,112.000,130.375,1,1
127.500,113.000,130.375,1,1
127.500,114.000,130.375,1,1
127.500,115.000,130.375,1,1
127.500,116.000,130.375,1,1
127.500,117.000,130.375,1,1
127.500,118.000,130.375,1,1
127.500,119.000,130.375,1,1
127.500,120.000,130.375,1,1
127.500,121.000,130.375,1,1
127.500,122.000,130.375,1,1
127.500,123.000,130.375,1,1
127.500,124.000,130.375,1,1
127.500,125.000,130.375,1,1
127.500,126.000,130.375,1,1
127.500,127.000,130.375,1,1
127.500,128.000,130.375,1,1
127.500,129.000,130.375,1,1
127.500,130.000,130.375,1,1
127.500,131.000,130.375,0,1
127.500,132.000,130.375,0,1
127.500,133.000,130.375,0,1
127.500,134.000,130.375,0,1
127.500,135.000,130.375,0,1
127.500,136.000,130.375,0,1
127.500,137.000,130.375,0,1
127.500,138.000,130.375,0,1
127.500,139.000,130.375,0,1
127.500,140.000,130.375,0,1
127.500,141.000,130.375,0,1
127.500,142.000,130.375,0,1
127.500,143.000,130.375,0,1
127.500,144.000,130.375,0,1
127.500,145.000,130.375,0,1
127.500,146.000,130.375,0,1
127.500,147.000,130.375,0,1
127.500,148.000,130.375,0,1
127.500,149.000,130.375,0,1
127.500,150.000,130.375,0,1
127.500,151.000,130.375,0,1
127.500,152.000,130.375,0,1
127.500,153.000,130.375,0,1
127.500,154.000,130.375,0,1
127.500,155.000,130.375,0,1
127.500,156.000,130.375,0,1
127.500,157.000,130.375,0,1
127.500,158.000,130.375,0,1
127.500,159.000,130.375,0,1
127.500,160.000,130.375,0,1
127.500,161.000,130.375,0,1
127.500,162.000,130.375,0,1
127.500,163.000,130.375,0,1
127.500,164.000,130.375,0,1
127.500,165.000,130.375,0,1
127.500,166.000,130.375,0,1
127.500,167.000,130.375,0,1
127.500,168.000,130.375,0,1
127.500,169.000,130.375,0,1
127.500,170.000,130.375,0,1
127.500,171.000,130.375,0,1
127.500,172.000,130.375,0,1
127.500,173.000,130.375,0,1
127.500,174.000,130.375,0,1
127.500,175.000,130.375,0,1
127.500,176.000,130.375,0,1
127.500,177.000,130.375,0,1
127.500,178.000,130.375,0,1
127.500,179.000,130.375,0,1
127.500,180.000,130.375,0,1
130.000,20.000,129.500,1,1
130.000,21.000,129.500,1,1
130.000,22.000,129.500,1,1
130.000,23.000,129.500,1,1
130.000,24.000,129.500,1,1
130.000,25.000,129.500,1,1
130.000,26.000,129.500,1,1
130.000,27.000,129.500,1,1
130.000,28.000,129.500,1,1
130.000,29.000,129.500,1,1
130.000,30.000,129.500,1,1
130.000,31.000,129.500,1,1
130.000,32.000,129.500,1,1
130.000,33.000,129.500,1,1
130.000,34.000,129.500,1,1
130.000,35.000,129.500,1,1
130.000,36.000,129.500,1,1
130.000,37.000,129.500,1,1
130.000,38.000,129.500,1,1
130.000,39.000,129.500,1,1
130.000,40.000,129.500,1,1
130.000,41.000,129.500,1,1
130.000,42.000,129.500,1,1
130.000,43.000,129.500,1,1
130.000,44.000,129.500,1,1
130.000,45.000,129.500,1,1
130.000,46.000,129.500,1,1
130.000,47.000,129.500,1,1
130.000,48.000,129.500,1,1
130.000,49.000,129.500,1,1
130.000,50.000,129.500,1,1
130.000,51.000,129.500,1,1
130.000,52.000,129.500,1,1
130.000,53.000,129.500,1,1
130.000,54.000,129.500,1,1
130.000,55.000,129.500,1,1
130.000,56.000,129.500,1,1
130.000,57.000,129.500,1,1
130.000,58.000,129.500,1,1
130.000,59.000,129.500,1,1
130.000,60.000,129.500,1,1
130.000,61.000,129.500,1,1
130.000,62.000,129.500,1,1
130.000,63.000,129.500,1,1
130.000,64.000,129.500,1,1
130.000,65.000,129.500,1,1
130.000,66.000,129.500,1,1
130.000,67.000,129.500,1,1
130.000,68.000,129.500,1,1
130.000,69.000,129.500,1,1
130.000,70.000,129.500,1,1
130.000,71.000,129.500,1,1
130.000,72.000,129.500,1,1
130.000,73.000,129.500,1,1
130.000,74.000,129.500,1,1
130.000,75.000,129.500,1,1
130.000,76.000,129.500,1,1
130.000,77.000,129.500,1,1
130.000,78.000,129.500,1,1
130.000,79.000,129.500,1,1
130.000,80.000,129.500,1,1
130.000,81.000,129.500,1,1
130.000,82.000,129.500,1,1
130.000,83.000,129.500,1,1
130.000,84.000,129.500,1,1
130.000,85.000,129.500,1,1
130.000,86.000,129.500,1,1
130.000,87.000,129.500,1,1
130.000,88.000,129.500,1,1
130.000,89.000,129.500,1,1
130.000,90.000,129.500,1,1
130.000,91.000,129.500,1,1
130.000,92.000,129.500,1,1
130.000,93.000,129.500,1,1
130.000,94.000,129.500,1,1
130.000,95.000,129.500,1,1
130.000,96.000,129.500,1,1
130.000,97.000,129.500,1,1
130.000,98.000,129.500,1,1
130.000,99.000,129.500,1,1
130.000,100.000,129.500,1,1
130.000,101.000,129.500,1,1
130.000,102.000,129.500,1,1
130.000,103.000,129.500,1,1
130.000,104.000,129.500,1,1
130.000,105.000,129.500,1,1
130.000,106.000,129.500,1,1
130.000,107.000,129.500,1,1
130.000,108.000,129.500,1,1
130.000,109.000,129.500,1,1
130.000,110.000,129.500,1,1
130.000,111.000,129.500,1,1
130.000,112.000,129.500,1,1
130.000,113.000,129.500,1,1
130.000,114.000,129.500,1,1
130.000,115.000,129.500,1,1
130.000,116.000,129.500,1,1
130.000,117.000,129.500,1,1
130.000,118.000,129.500,1,1
130.000,119.000,129.500,1,1
130.000,120.000,129.500,1,1
130.000,121.000,129.500,1,1
130.000,122.000,129.500,1,1
130.000,123.000,129.500,1,1
130.000,124.000,129.500,1,1
130.000,125.000,129.500,1,1
130.000,126.000,129.500,1,1
130.000,127.000,129.500,1,1
130.000,128.000,129.500,1,1
130.000,129.000,129.500,1,1
130.000,130.000,129.500,0,1
130.000,131.000,129.500,0,1
130.000,132.000,129.500,0,1
130.000,133.000,129.500,0,1
130.000,134.000,129.500,0,1
130.000,135.000,129.500,0,1
130.000,136.000,129.500,0,1
130.000,137.000,129.500,0,1
130.000,138.000,129.500,0,1
130.000,139.000,129.500,0,1
130.000,140.000,129.500,0,1
130.000,141.000,129.500,0,1
130.000,142.000,129.500,0,1
130.000,143.000,129.500,0,1
130.000,144.000,129.500,0,1
130.000,145.000,129.500,0,1
130.000,146.000,129.500,0,1
130.000,147.000,129.500,0,1
130.000,148.000,129.500,0,1
130.000,149.000,129.500,0,1
130.000,150.000,129.500,0,1
130.000,151.000,129.500,0,1
130.000,152.000,129.500,0,1
130.000,153.000,129.500,0,1
130.000,154.000,129.500,0,1
130.000,155.000,129.500,0,1
130.000,156.000,129.500,0,1
130.000,157.000,129.500,0,1
130.000,158.000,129.500,0,1
130.000,159.000,129.500,0,1
130.000,160.000,129.500,0,1
130.000,161.000,129.500,0,1
130.000,162.000,129.500,0,1
130.000,163.000,129.500,0,1
130.000,164.000,129.500,0,1
130.000,165.000,129.500,0,1
130.000,166.000,129.500,0,1
130.000,167.000,129.500,0,1
130.000,168.000,129.500,0,1
130.000,169.000,129.500,0,1
130.000,170.000,129.500,0,1
130.000,171.000,129.500,0,1
130.000,172.000,129.500,0,1
130.000,173.000,129.500,0,1
130.000,174.000,129.500,0,1
130.000,175.000,129.500,0,1
130.000,176.000,129.500,0,1
130.000,177.000,129.500,0,1
130.000,178.000,129.500,0,1
130.000,179.000,129.500,0,1
130.000,180.000,129.500,0,1
132.500,20.000,128.625,1,1
132.500,21.000,128.625,1,1
132.500,22.000,128.625,1,1
132.500,23.000,128.625,1,1
132.500,24.000,128.625,1,1
132.500,25.000,128.625,1,1
132.500,26.000,128.625,1,1
132.500,27.000,128.625,1,1
132.500,28.000,128.625,1,1
132.500,29.000,128.625,1,1
132.500,30.000,128.625,1,1
132.500,31.000,128.625,1,1
132.500,32.000,128.625,1,1
132.500,33.000,128.625,1,1
132.500,34.000,128.625,1,1
132.500,35.000,128.625,1,1
132.500,36.000,128.625,1,1
132.500,37.000,128.625,1,1
132.500,38.000,128.625,1,1
132.500,39.000,128.625,1,1
132.500,40.000,128.625,1,1
132.500,41.000,128.625,1,1
132.500,42.000,128.625,1,1
132.500,43.000,128.625,1,1
132.500,44.000,128.625,1,1
132.500,45.000,128.625,1,1
132.500,46.000,128.625,1,1
132.500,47.000,128.625,1,1
132.500,48.000,128.625,1,1
132.500,49.000,128.625,1,1
132.500,50.000,128.625,1,1
132.500,51.000,128.625,1,1
132.500,52.000,128.625,1,1
132.500,53.000,128.625,1,1
132.500,54.000,128.625,1,1
132.500,55.000,128.625,1,1
132.500,56.000,128.625,1,1
132.500,57.000,128.625,1,1
132.500,58.000,128.625,1,1
132.500,59.000,128.625,1,1
132.500,60.000,128.625,1,1
132.500,61.000,128.625,1,1
132.500,62.000,128.625,1,1
132.500,63.000,128.625,1,1
132.500,64.000,128.625,1,1
132.500,65.000,128.625,1,1
132.500,66.000,128.625,1,1
132.500,67.000,128.625,1,1
132.500,68.000,128.625,1,1
132.500,69.000,128.625,1,1
132.500,70.000,128.625,1,1
132.500,71.000,128.625,1,1
132.500,72.000,128.625,1,1
132.500,73.000,128.625,1,1
132.500,74.000,128.625,1,1
132.500,75.000,128.625,1,1
132.500,76.000,128.625,1,1
132.500,77.000,128.625,1,1
132.500,78.000,128.625,1,1
132.500,79.000,128.625,1,1
132.500,80.000,128.625,1,1
132.500,81.000,128.625,1,1
132.500,82.000,128.625,1,1
132.500,83.000,128.625,1,1
132.500,84.000,128.625,1,1
132.500,85.000,128.625,1,1
132.500,86.000,128.625,1,1
132.500,87.000,128.625,1,1
132.500,88.000,128.625,1,1
132.500,89.000,128.625,1,1
132.500,90.000,128.625,1,1
132.500,91.000,128.625,1,1
132.500,92.000,128.625,1,1
132.500,93.000,128.625,1,1
132.500,94.000,128.625,1,1
132.500,95.000,128.625,1,1
132.500,96.000,128.625,1,1
132.500,97.000,128.625,1,1
132.500,98.000,128.625,1,1
132.500,99.000,128.625,1,1
132.500,100.000,128.625,1,1
132.500,101.000,128.625,1,1
132.500,102.000,128.625,1,1
132.500,103.000,128.625,1,1
132.500,104.000,128.625,1,1
132.500,105.000,128.625,1,1
132.500,106.000,128.625,1,1
132.500,107.000,128.625,1,1
132.500,108.000,128.625,1,1
132.500,109.000,128.625,1,1
132.500,110.000,128.625,1,1
132.500,111.000,128.625,1,1
132.500,112.000,128.625,1,1
132.500,113.000,128.625,1,1
132.500,114.000,128.625,1,1
132.500,115.000,128.625,1,1
132.500,116.000,128.625,1,1
132.500,117.000,128.625,1,1
132.500,118.000,128.625,1,1
132.500,119.000,128.625,1,1
132.500,120.000,128.625,1,1
132.500,121.000,128.625,1,1
132.500,122.000,128.625,1,1
132.500,123.000,128.625,1,1
132.500,124.000,128.625,1,1
132.500,125.000,128.625,1,1
132.500,126.000,128.625,1,1
132.500,127.000,128.625,1,1
132.500,128.000,128.625,1,1
132.500,129.000,128.625,0,1
132.500,130.000,128.625,0,1
132.500,131.000,128.625,0,1
132.500,132.000,128.625,0,1
132.500,133.000,128.625,0,1
132.500,134.000,128.625,0,1
132.500,135.000,128.625,0,1
132.500,136.000,128.625,0,1
132.500,137.000,128.625,0,1
132.500,138.000,128.625,0,1
132.500,139.000,128.625,0,1
132.500,140.000,128.625,0,1
132.500,141.000,128.625,0,1
132.500,142.000,128.625,0,1
132.500,143.000,128.625,0,1
132.500,144.000,128.625,0,1
132.500,145.000,128.625,0,1
132.500,146.000,128.625,0,1
132.500,147.000,128.625,0,1
132.500,148.000,128.625,0,1
132.500,149.000,128.625,0,1
132.500,150.000,128.625,0,1
132.500,151.000,128.625,0,1
132.500,152.000,128.625,0,1
132.500,153.000,128.625,0,1
132.500,154.000,128.625,0,1
132.500,155.000,128.625,0,1
132.500,156.000,128.625,0,1
132.500,157.000,128.625,0,1
132.500,158.000,128.625,0,1
132.500,159.000,128.625,0,1
132.500,160.000,128.625,0,1
132.500,161.000,128.625,0,1
132.500,162.000,128.625,0,1
132.500,163.000,128.625,0,1
132.500,164.000,128.625,0,1
132.500,165.000,128.625,0,1
132.500,166.000,128.625,0,1
132.500,167.000,128.625,0,1
132.500,168.000,128.625,0,1
132.500,169.000,128.625,0,1
132.500,170.000,128.625,0,1
132.500,171.000,128.625,0,1
132.500,172.000,128.625,0,1
132.500,173.000,128.625,0,1
132.500,174.000,128.625,0,1
132.500,175.000,128.625,0,1
132.500,176.000,128.625,0,1
132.500,177.000,128.625,0,1
132.500,178.000,128.625,0,1
132.500,179.000,128.625,0,1
132.500,180.000,128.625,0,1
135.000,20.000,127.750,1,1
135.000,21.000,127.750,1,1
135.000,22.000,127.750,1,1
135.000,23.000,127.750,1,1
135.000,24.000,127.750,1,1
135.000,25.000,127.750,1,1
135.000,26.000,127.750,1,1
135.000,27.000,127.750,1,1
135.000,28.000,127.750,1,1
135.000,29.000,127.750,1,1
135.000,30.000,127.750,1,1
135.000,31.000,127.750,1,1
135.000,32.000,127.750,1,1
135.000,33.000,127.750,1,1
135.000,34.000,127.750,1,1
135.000,35.000,127.750,1,1
135.000,36.000,127.750,1,1
135.000,37.000,127.750,1,1
135.000,38.000,127.750,1,1
135.000,39.000,127.750,1,1
135.000,40.000,127.750,1,1
135.000,41.000,127.750,1,1
135.000,42.000,127.750,1,1
135.000,43.000,127.750,1,1
135.000,44.000,127.750,1,1
135.000,45.000,127.750,1,1
135.000,46.000,127.750,1,1
135.000,47.000,127.750,1,1
135.000,48.000,127.750,1,1
135.000,49.000,127.750,1,1
135.000,50.000,127.750,1,1
135.000,51.000,127.750,1,1
135.000,52.000,127.750,1,1
135.000,53.000,127.750,1,1
135.000,54.000,127.750,1,1
135.000,55.000,127.750,1,1
135.000,56.000,127.750,1,1
135.000,57.000,127.750,1,1
135.000,58.000,127.750,1,1
135.000,59.000,127.750,1,1
135.000,60.000,127.750,1,1
135.000,61.000,127.750,1,1
135.000,62.000,127.750,1,1
135.000,63.000,127.750,1,1
135.000,64.000,127.750,1,1
135.000,65.000,127.750,1,1
135.000,66.000,127.750,1,1
135.000,67.000,127.750,1,1
135.000,68.000,127.750,1,1
135.000,69.000,127.750,1,1
135.000,70.000,127.750,1,1
135.000,71.000,127.750,1,1
135.000,72.000,127.750,1,1
135.000,73.000,127.750,1,1
135.000,74.000,127.750,1,1
135.000,75.000,127.750,1,1
135.000,76.000,127.750,1,1
135.000,77.000,127.750,1,1
135.000,78.000,127.750,1,1
135.000,79.000,127.750,1,1
135.000,80.000,127.750,1,1
135.000,81.000,127.750,1,1
135.000,82.000,127.750,1,1
135.000,83.000,127.750,1,1
135.000,84.000,127.750,1,1
135.000,85.000,127.750,1,1
135.000,86.000,127.750,1,1
135.000,87.000,127.750,1,1
135.000,88.000,127.750,1,1
135.000,89.000,127.750,1,1
135.000,90.000,127.750,1,1
135.000,91.000,127.750,1,1
135.000,92.000,127.750,1,1
135.000,93.000,127.750,1,1
135.000,94.000,127.750,1,1
135.000,95.000,127.750,1,1
135.000,96.000,127.750,1,1
135.000,97.000,127.750,1,1
135.000,98.000,127.750,1,1
135.000,99.000,127.750,1,1
135.000,100.000,127.750,1,1
135.000,101.000,127.750,1,1
135.000,102.000,127.750,1,1
135.000,103.000,127.750,1,1
135.000,104.000,127.750,1,1
135.000,105.000,127.750,1,1
135.000,106.000,127.750,1,1
135.000,107.000,127.750,1,1
135.000,108.000,127.750,1,1
135.000,109.000,127.750,1,1
135.000,110.000,127.750,1,1
135.000,111.000,127.750,1,1
135.000,112.000,127.750,1,1
135.000,113.000,127.750,1,1
135.000,114.000,127.750,1,1
135.000,115.000,127.750,1,1
135.000,116.000,127.750,1,1
135.000,117.000,127.750,1,1
135.000,118.000,127.750,1,1
135.000,119.000,127.750,1,1
135.000,120.000,127.750,1,1
135.000,121.000,127.750,1,1
135.000,122.000,127.750,1,1
135.000,123.000,127.750,1,1
135.000,124.000,127.750,1,1
135.000,125.000,127.750,1,1
135.000,126.000,127.750,1,1
135.000,127.000,127.750,1,1
135.000,128.000,127.750,0,1
135.000,129.000,127.750,0,1
135.000,130.000,127.750,0,1
135.000,131.000,127.750,0,1
135.000,132.000,127.750,0,1
135.000,133.000,127.750,0,1
135.000,134.000,127.750,0,1
135.000,135.000,127.750,0,1
135.000,136.000,127.750,0,1
135.000,137.000,127.750,0,1
135.000,138.000,127.750,0,1
135.000,139.000,127.750,0,1
135.000,140.000,127.750,0,1
135.000,141.000,127.750,0,1
135.000,142.000,127.750,0,1
135.000,143.000,127.750,0,1
135.000,144.000,127.750,0,1
135.000,145.000,127.750,0,1
135.000,146.000,127.750,0,1
135.000,147.000,127.750,0,1
135.000,148.000,127.750,0,1
135.000,149.000,127.750,0,1
135.000,150.000,127.750,0,1
135.000,151.000,127.750,0,1
135.000,152.000,127.750,0,1
135.000,153.000,127.750,0,1
135.000,154.000,127.750,0,1
135.000,155.000,127.750,0,1
135.000,156.000,127.750,0,1
135.000,157.000,127.750,0,1
135.000,158.000,127.750,0,1
135.000,159.000,127.750,0,1
135.000,160.000,127.750,0,1
135.000,161.000,127.750,0,1
135.000,162.000,127.750,0,1
135.000,163.000,127.750,0,1
135.000,164.000,127.750,0,1
135.000,165.000,127.750,0,1
135.000,166.000,127.750,0,1
135.000,167.000,127.750,0,1
135.000,168.000,127.750,0,1
135.000,169.000,127.750,0,1
135.000,170.000,127.750,0,1
135.000,171.000,127.750,0,1
135.000,172.000,127.750,0,1
135.000,173.000,127.750,0,1
135.000,174.000,127.750,0,1
135.000,175.000,127.750,0,1
135.000,176.000,127.750,0,1
135.000,177.000,127.750,0,1
135.000,178.000,127.750,0,1
135.000,179.000,127.750,0,1
135.000,180.000,127.750,0,1
137.500,20.000,126.875,1,1
137.500,21.000,126.875,1,1
137.500,22.000,126.875,1,1
137.500,23.000,126.875,1,1
137.500,24.000,126.875,1,1
137.500,25.000,126.875,1,1
137.500,26.000,126.875,1,1
137.500,27.000,126.875,1,1
137.500,28.000,126.875,1,1
137.500,29.000,126.875,1,1
137.500,30.000,126.875,1,1
137.500,31.000,126.875,1,1
137.500,32.000,126.875,1,1
137.500,33.000,126.875,1,1
137.500,34.000,126.875,1,1
137.500,35.000,126.875,1,1
137.500,36.000,126.875,1,1
137.500,37.000,126.875,1,1
137.500,38.000,126.875,1,1
137.500,39.000,126.875,1,1
137.500,40.000,126.875,1,1
137.500,41.000,126.875,1,1
137.500,42.000,126.875,1,1
137.500,43.000,126.875,1,1
137.500,44.000,126.875,1,1
137.500,45.000,126.875,1,1
137.500,46.000,126.875,1,1
137.500,47.000,126.875,1,1
137.500,48.000,126.875,1,1
137.500,49.000,126.875,1,1
137.500,50.000,126.875,1,1
137.500,51.000,126.875,1,1
137.500,52.000,126.875,1,1
137.500,53.000,126.875,1,1
137.500,54.000,126.875,1,1
137.500,55.000,126.875,1,1
137.500,56.000,126.875,1,1
137.500,57.000,126.875,1,1
137.500,58.000,126.875,1,1
137.500,59.000,126.875,1,1
137.500,60.000,126.875,1,1
137.500,61.000,126.875,1,1
137.500,62.000,126.875,1,1
137.500,63.000,126.875,1,1
137.500,64.000,126.875,1,1
137.500,65.000,126.875,1,1
137.500,66.000,126.875,1,1
137.500,67.000,126.875,1,1
137.500,68.000,126.875,1,1
137.500,69.000,126.875,1,1
137.500,70.000,126.875,1,1
137.500,71.000,126.875,1,1
137.500,72.000,126.875,1,1
137.500,73.000,126.875,1,1
137.500,74.000,126.875,1,1
137.500,75.000,126.875,1,1
137.500,76.000,126.875,1,1
137.500,77.000,126.875,1,1
137.500,78.000,126.875,1,1
137.500,79.000,126.875,1,1
137.500,80.000,126.875,1,1
137.500,81.000,126.875,1,1
137.500,82.000,126.875,1,1
137.500,83.000,126.875,1,1
137.500,84.000,126.875,1,1
137.500,85.000,126.875,1,1
137.500,86.000,126.875,1,1
137.500,87.000,126.875,1,1
137.500,88.000,126.875,1,1
137.500,89.000,126.875,1,1
137.500,90.000,126.875,1,1
137.500,91.000,126.875,1,1
137.500,92.000,126.875,1,1
137.500,93.000,126.875,1,1
137.500,94.000,126.875,1,1
137.500,95.000,126.875,1,1
137.500,96.000,126.875,1,1
137.500,97.000,126.875,1,1
137.500,98.000,126.875,1,1
137.500,99.000,126.875,1,1
137.500,100.000,126.875,1,1
137.500,101.000,126.875,1,1
137.500,102.000,126.875,1,1
137.500,103.000,126.875,1,1
137.500,104.000,126.875,1,1
137.500,105.000,126.875,1,1
137.500,106.000,126.875,1,1
137.500,107.000,126.875,1,1
137.500,108.000,126.875,1,1
137.500,109.000,126.875,1,1
137.500,110.000,126.875,1,1
137.500,111.000,126.875,1,1
137.500,112.000,126.875,1,1
137.500,113.000,126.875,1,1
137.500,114.000,126.875,1,1
137.500,115.000,126.875,1,1
137.500,116.000,126.875,1,1
137.500,117.000,126.875,1,1
137.500,118.000,126.875,1,1
137.500,119.000,126.875,1,1
137.500,120.000,126.875,1,1
137.500,121.000,126.875,1,1
137.500,122.000,126.875,1,1
137.500,123.000,126.875,1,1
137.500,124.000,126.875,1,1
137.500,125.000,126.875,1,1
137.500,126.000,126.875,1,1
137.500,127.000,126.875,0,1
137.500,128.000,126.875,0,1
137.500,129.000,126.875,0,1
137.500,130.000,126.875,0,1
137.500,131.000,126.875,0,1
137.500,132.000,126.875,0,1
137.500,133.000,126.875,0,1
137.500,134.000,126.875,0,1
137.500,135.000,126.875,0,1
137.500,136.000,126.875,0,1
137.500,137.000,126.875,0,1
137.500,138.000,126.875,0,1
137.500,139.000,126.875,0,1
137.500,140.000,126.875,0,1
137.500,141.000,126.875,0,1
137.500,142.000,126.875,0,1
137.500,143.000,126.875,0,1
137.500,144.000,126.875,0,1
137.500,145.000,126.875,0,1
137.500,146.000,126.875,0,1
137.500,147.000,126.875,0,1
137.500,148.000,126.875,0,1
137.500,149.000,126.875,0,1
137.500,150.000,126.875,0,1
137.500,151.000,126.875,0,1
137.500,152.000,126.875,0,1
137.500,153.000,126.875,0,1
137.500,154.000,126.875,0,1
137.500,155.000,126.875,0,1
137.500,156.000,126.875,0,1
137.500,157.000,126.875,0,1
137.500,158.000,126.875,0,1
137.500,159.000,126.875,0,1
137.500,160.000,126.875,0,1
137.500,161.000,126.875,0,1
137.500,162.000,126.875,0,1
137.500,163.000,126.875,0,1
137.500,164.000,126.875,0,1
137.500,165.000,126.875,0,1
137.500,166.000,126.875,0,1
137.500,167.000,126.875,0,1
137.500,168.000,126.875,0,1
137.500,169.000,126.875,0,1
137.500,170.000,126.875,0,1
137.500,171.000,126.875,0,1
137.500,172.000,126.875,0,1
137.500,173.000,126.875,0,1
137.500,174.000,126.875,0,1
137.500,175.000,126.875,0,1
137.500,176.000,126.875,0,1
137.500,177.000,126.875,0,1
137.500,178.000,126.875,0,1
137.500,179.000,126.875,0,1
137.500,180.000,126.875,0,1
140.000,20.000,126.000,1,1
140.000,21.000,126.000,1,1
140.000,22.000,126.000,1,1
140.000,23.000,126.000,1,1
140.000,24.000,126.000,1,1
140.000,25.000,126.000,1,1
140.000,26.000,126.000,1,1
140.000,27.000,126.000,1,1
140.000,28.000,126.000,1,1
140.000,29.000,126.000,1,1
140.000,30.000,126.000,1,1
140.000,31.000,126.000,1,1
140.000,32.000,126.000,1,1
140.000,33.000,126.000,1,1
140.000,34.000,126.000,1,1
140.000,35.000,126.000,1,1
140.000,36.000,126.000,1,1
140.000,37.000,126.000,1,1
140.000,38.000,126.000,1,1
140.000,39.000,126.000,1,1
140.000,40.000,126.000,1,1
140.000,41.000,126.000,1,1
140.000,42.000,126.000,1,1
140.000,43.000,126.000,1,1
140.000,44.000,126.000,1,1
140.000,45.000,126.000,1,1
140.000,46.000,126.000,1,1
140.000,47.000,126.000,1,1
140.000,48.000,126.000,1,1
140.000,49.000,126.000,1,1
140.000,50.000,126.000,1,1
140.000,51.000,126.000,1,1
140.000,52.000,126.000,1,1
140.000,53.000,126.000,1,1
140.000,54.000,126.000,1,1
140.000,55.000,126.000,1,1
140.000,56.000,126.000,1,1
140.000,57.000,126.000,1,1
140.000,58.000,126.000,1,1
140.000,59.000,126.000,1,1
140.000,60.000,126.000,1,1
140.000,61.000,126.000,1,1
140.000,62.000,126.000,1,1
140.000,63.000,126.000,1,1
140.000,64.000,126.000,1,1
140.000,65.000,126.000,1,1
140.000,66.000,126.000,1,1
140.000,67.000,126.000,1,1
140.000,68.000,126.000,1,1
140.000,69.000,126.000,1,1
140.000,70.000,126.000,1,1
140.000,71.000,126.000,1,1
140.000,72.000,126.000,1,1
140.000,73.000,126.000,1,1
140.000,74.000,126.000,1,1
140.000,75.000,126.000,1,1
140.000,76.000,126.000,1,1
140.000,77.000,126.000,1,1
140.000,78.000,126.000,1,1
140.000,79.000,126.000,1,1
140.000,80.000,126.000,1,1
140.000,81.000,126.000,1,1
140.000,82.000,126.000,1,1
140.000,83.000,126.000,1,1
140.000,84.000,126.000,1,1
140.000,85.000,126.000,1,1
140.000,86.000,126.000,1,1
140.000,87.000,126.000,1,1
140.000,88.000,126.000,1,1
140.000,89.000,126.000,1,1
140.000,90.000,126.000,1,1
140.000,91.000,126.000,1,1
140.000,92.000,126.000,1,1
140.000,93.000,126.000,1,1
140.000,94.000,126.000,1,1
140.000,95.000,126.000,1,1
140.000,96.000,126.000,1,1
140.000,97.000,126.000,1,1
140.000,98.000,126.000,1,1
140.000,99.000,126.000,1,1
140.000,100.000,126.000,1,1
140.000,101.000,126.000,1,1
140.000,102.000,126.000,1,1
140.000,103.000,126.000,1,1
140.000,104.000,126.000,1,1
140.000,105.000,126.000,1,1
140.000,106.000,126.000,1,1
140.000,107.000,126.000,1,1
140.000,108.000,126.000,1,1
140.000,109.000,126.000,1,1
140.000,110.000,126.000,1,1
140.000,111.000,126.000,1,1
140.000,112.000,126.000,1,1
140.000,113.000,126.000,1,1
140.000,114.000,126.000,1,1
140.000,115.000,126.000,1,1
140.000,116.000,126.000,1,1
140.000,117.000,126.000,1,1
140.000,118.000,126.000,1,1
140.000,119.000,126.000,1,1
140.000,120.000,126.000,1,1
140.000,121.000,126.000,1,1
140.000,122.000,126.000,1,1
140.000,123.000,126.000,1,1
140.000,124.000,126.000,1,1
140.000,125.000,126.000,1,1
140.000,126.000,126.000,1,1
140.000,127.000,126.000,0,1
140.000,128.000,126.000,0,1
140.000,129.000,126.000,0,1
140.000,130.000,126.000,0,1
140.000,131.000,126.000,0,1
140.000,132.000,126.000,0,1
140.000,133.000,126.000,0,1
140.000,134.000,126.000,0,1
140.000,135.000,126.000,0,1
140.000,136.000,126.000,0,1
140.000,137.000,126.000,0,1
140.000,138.000,126.000,0,1
140.000,139.000,126.000,0,1
140.000,140.000,126.000,0,1
140.000,141.000,126.000,0,1
140.000,142.000,126.000,0,1
140.000,143.000,126.000,0,1
140.000,144.000,126.000,0,1
140.000,145.000,126.000,0,1
140.000,146.000,126.000,0,1
140.000,147.000,126.000,0,1
140.000,148.000,126.000,0,1
140.000,149.000,126.000,0,1
140.000,150.000,126.000,0,1
140.000,151.000,126.000,0,1
140.000,152.000,126.000,0,1
140.000,153.000,126.000,0,1
140.000,154.000,126.000,0,1
140.000,155.000,126.000,0,1
140.000,156.000,126.000,0,1
140.000,157.000,126.000,0,1
140.000,158.000,126.000,0,1
140.000,159.000,126.000,0,1
140.000,160.000,126.000,0,1
140.000,161.000,126.000,0,1
140.000,162.000,126.000,0,1
140.000,163.000,126.000,0,1
140.000,164.000,126.000,0,1
140.000,165.000,126.000,0,1
140.000,166.000,126.000,0,1
140.000,167.000,126.000,0,1
140.000,168.000,126.000,0,1
140.000,169.000,126.000,0,1
140.000,170.000,126.000,0,1
140.000,171.000,126.000,0,1
140.000,172.000,126.000,0,1
140.000,173.000,126.000,0,1
140.000,174.000,126.000,0,1
140.000,175.000,126.000,0,1
140.000,176.000,126.000,0,1
140.000,177.000,126.000,0,1
140.000,178.000,126.000,0,1
140.000,179.000,126.000,0,1
140.000,180.000,126.000,0,1
142.500,20.000,125.125,1,1
142.500,21.000,125.125,1,1
142.500,22.000,125.125,1,1
142.500,23.000,125.125,1,1
142.500,24.000,125.125,1,1
142.500,25.000,125.125,1,1
142.500,26.000,125.125,1,1
142.500,27.000,125.125,1,1
142.500,28.000,125.125,1,1
142.500,29.000,125.125,1,1
142.500,30.000,125.125,1,1
142.500,31.000,125.125,1,1
142.500,32.000,125.125,1,1
142.500,33.000,125.125,1,1
142.500,34.000,125.125,1,1
142.500,35.000,125.125,1,1
142.500,36.000,125.125,1,1
142.500,37.000,125.125,1,1
142.500,38.000,125.125,1,1
142.500,39.000,125.125,1,1
142.500,40.000,125.125,1,1
142.500,41.000,125.125,1,1
142.500,42.000,125.125,1,1
142.500,43.000,125.125,1,1
142.500,44.000,125.125,1,1
142.500,45.000,125.125,1,1
142.500,46.000,125.125,1,1
142.500,47.000,125.125,1,1
142.500,48.000,125.125,1,1
142.500,49.000,125.125,1,1
142.500,50.000,125.125,1,1
142.500,51.000,125.125,1,1
142.500,52.000,125.125,1,1
142.500,53.000,125.125,1,1
142.500,54.000,125.125,1,1
142.500,55.000,125.125,1,1
142.500,56.000,125.125,1,1
142.500,57.000,125.125,1,1
142.500,58.000,125.125,1,1
142.500,59.000,125.125,1,1
142.500,60.000,125.125,1,1
142.500,61.000,125.125,1,1
142.500,62.000,125.125,1,1
142.500,63.000,125.125,1,1
142.500,64.000,125.125,1,1
142.500,65.000,125.125,1,1
142.500,66.000,125.125,1,1
142.500,67.000,125.125,1,1
142.500,68.000,125.125,1,1
142.500,69.000,125.125,1,1
142.500,70.000,125.125,1,1
142.500,71.000,125.125,1,1
142.500,72.000,125.125,1,1
142.500,73.000,125.125,1,1
142.500,74.000,125.125,1,1
142.500,75.000,125.125,1,1
142.500,76.000,125.125,1,1
142.500,77.000,125.125,1,1
142.500,78.000,125.125,1,1
142.500,79.000,125.125,1,1
142.500,80.000,125.125,1,1
142.500,81.000,125.125,1,1
142.500,82.000,125.125,1,1
142.500,83.000,125.125,1,1
142.500,84.000,125.125,1,1
142.500,85.000,125.125,1,1
142.500,86.000,125.125,1,1
142.500,87.000,125.125,1,1
142.500,88.000,125.125,1,1
142.500,89.000,125.125,1,1
142.500,90.000,125.125,1,1
142.500,91.000,125.125,1,1
142.500,92.000,125.125,1,1
142.500,93.000,125.125,1,1
142.500,94.000,125.125,1,1
142.500,95.000,125.125,1,1
142.500,96.000,125.125,1,1
142.500,97.000,125.125,1,1
142.500,98.000,125.125,1,1
142.500,99.000,125.125,1,1
142.500,100.000,125.125,1,1
142.500,101.000,125.125,1,1
142.500,102.000,125.125,1,1
142.500,103.000,125.125,1,1
142.500,104.000,125.125,1,1
142.500,105.000,125.125,1,1
142.500,106.000,125.125,1,1
142.500,107.000,125.125,1,1
142.500,108.000,125.125,1,1
142.500,109.000,125.125,1,1
142.500,110.000,125.125,1,1
142.500,111.000,125.125,1,1
142.500,112.000,125.125,1,1
142.500,113.000,125.125,1,1
142.500,114.000,125.125,1,1
142.500,115.000,125.125,1,1
142.500,116.000,125.125,1,1
142.500,117.000,125.125,1,1
142.500,118.000,125.125,1,1
142.500,119.000,125.125,1,1
142.500,120.000,125.125,1,1
142.500,121.000,125.125,1,1
142.500,122.000,125.125,1,1
142.500,123.000,125.125,1,1
142.500,124.000,125.125,1,1
142.500,125.000,125.125,1,1
142.500,126.000,125.125,0,1
142.500,127.000,125.125,0,1
142.500,128.000,125.125,0,1
142.500,129.000,125.125,0,1
142.500,130.000,125.125,0,1
142.500,131.000,125.125,0,1
142.500,132.000,125.125,0,1
142.500,133.000,125.125,0,1
142.500,134.000,125.125,0,1
142.500,135.000,125.125,0,1
142.500,136.000,125.125,0,1
142.500,137.000,125.125,0,1
142.500,138.000,125.125,0,1
142.500,139.000,125.125,0,1
142.500,140.000,125.125,0,1
142.500,141.000,125.125,0,1
142.500,142.000,125.125,0,1
142.500,143.000,125.125,0,1
142.500,144.000,125.125,0,1
142.500,145.000,125.125,0,1
142.500,146.000,125.125,0,1
142.500,147.000,125.125,0,1
142.500,148.000,125.125,0,1
142.500,149.000,125.125,0,1
142.500,150.000,125.125,0,1
142.500,151.000,125.125,0,1
142.500,152.000,125.125,0,1
142.500,153.000,125.125,0,1
142.500,154.000,125.125,0,1
142.500,155.000,125.125,0,1
142.500,156.000,125.125,0,1
142.500,157.000,125.125,0,1
142.500,158.000,125.125,0,1
142.500,159.000,125.125,0,1
142.500,160.000,125.125,0,1
142.500,161.000,125.125,0,1
142.500,162.000,125.125,0,1
142.500,163.000,125.125,0,1
142.500,164.000,125.125,0,1
142.500,165.000,125.125,0,1
142.500,166.000,125.125,0,1
142.500,167.000,125.125,0,1
142.500,168.000,125.125,0,1
142.500,169.000,125.125,0,1
142.500,170.000,125.125,0,1
142.500,171.000,125.125,0,1
142.500,172.000,125.125,0,1
142.500,173.000,125.125,0,1
142.500,174.000,125.125,0,1
142.500,175.000,125.125,0,1
142.500,176.000,125.125,0,1
142.500,177.000,125.125,0,1
142.500,178.000,125.125,0,1
142.500,179.000,125.125,0,1
142.500,180.000,125.125,0,1
145.000,20.000,124.250,1,1
145.000,21.000,124.250,1,1
145.000,22.000,124.250,1,1
145.000,23.000,124.250,1,1
145.000,24.000,124.250,1,1
145.000,25.000,124.250,1,1
145.000,26.000,124.250,1,1
145.000,27.000,124.250,1,1
145.000,28.000,124.250,1,1
145.000,29.000,124.250,1,1
145.000,30.000,124.250,1,1
145.000,31.000,124.250,1,1
145.000,32.000,124.250,1,1
145.000,33.000,124.250,1,1
145.000,34.000,124.250,1,1
145.000,35.000,124.250,1,1
145.000,36.000,124.250,1,1
145.000,37.000,124.250,1,1
145.000,38.000,124.250,1,1
145.000,39.000,124.250,1,1
145.000,40.000,124.250,1,1
145.000,41.000,124.250,1,1
145.000,42.000,124.250,1,1
145.000,43.000,124.250,1,1
145.000,44.000,124.250,1,1
145.000,45.000,124.250,1,1
145.000,46.000,124.250,1,1
145.000,47.000,124.250,1,1
145.000,48.000,124.250,1,1
145.000,49.000,124.250,1,1
145.000,50.000,124.250,1,1
145.000,51.000,124.250,1,1
145.000,52.000,124.250,1,1
145.000,53.000,124.250,1,1
145.000,54.000,124.250,1,1
145.000,55.000,124.250,1,1
145.000,56.000,124.250,1,1
145.000,57.000,124.250,1,1
145.000,58.000,124.250,1,1
145.000,59.000,124.250,1,1
145.000,60.000,124.250,1,1
145.000,61.000,124.250,1,1
145.000,62.000,124.250,1,1
145.000,63.000,124.250,1,1
145.000,64.000,124.250,1,1
145.000,65.000,124.250,1,1
145.000,66.000,124.250,1,1
145.000,67.000,124.250,1,1
145.000,68.000,124.250,1,1
145.000,69.000,124.250,1,1
145.000,70.000,124.250,1,1
145.000,71.000,124.250,1,1
145.000,72.000,124.250,1,1
145.000,73.000,124.250,1,1
145.000,74.000,124.250,1,1
145.000,75.000,124.250,1,1
145.000,76.000,124.250,1,1
145.000,77.000,124.250,1,1
145.000,78.000,124.250,1,1
145.000,79.000,124.250,1,1
145.000,80.000,124.250,1,1
145.000,81.000,124.250,1,1
145.000,82.000,124.250,1,1
145.000,83.000,124.250,1,1
145.000,84.000,124.250,1,1
145.000,85.000,124.250,1,1
145.000,86.000,124.250,1,1
145.000,87.000,124.250,1,1
145.000,88.000,124.250,1,1
145.000,89.000,124.250,1,1
145.000,90.000,124.250,1,1
145.000,91.000,124.250,1,1
145.000,92.000,124.250,1,1
145.000,93.000,124.250,1,1
145.000,94.000,124.250,1,1
145.000,95.000,124.250,1,1
145.000,96.000,124.250,1,1
145.000,97.000,124.250,1,1
145.000,98.000,124.250,1,1
145.000,99.000,124.250,1,1
145.000,100.000,124.250,1,1
145.000,101.000,124.250,1,1
145.000,102.000,124.250,1,1
145.000,103.000,124.250,1,1
145.000,104.000,124.250,1,1
145.000,105.000,124.250,1,1
145.000,106.000,124.250,1,1
145.000,107.000,124.250,1,1
145.000,108.000,124.250,1,1
145.000,109.000,124.250,1,1
145.000,110.000,124.250,1,1
145.000,111.000,124.250,1,1
145.000,112.000,124.250,1,1
145.000,113.000,124.250,1,1
145.000,114.000,124.250,1,1
145.000,115.000,124.250,1,1
145.000,116.000,124.250,1,1
145.000,117.000,124.250,1,1
145.000,118.000,124.250,1,1
145.000,119.000,124.250,1,1
145.000,120.000,124.250,1,1
145.000,121.000,124.250,1,1
145.000,122.000,124.250,1,1
145.000,123.000,124.250,1,1
145.000,124.000,124.250,1,1
145.000,125.000,124.250,0,1
145.000,126.000,124.250,0,1
145.000,127.000,124.250,0,1
145.000,128.000,124.250,0,1
145.000,129.000,124.250,0,1
145.000,130.000,124.250,0,1
145.000,131.000,124.250,0,1
145.000,132.000,124.250,0,1
145.000,133.000,124.250,0,1
145.000,134.000,124.250,0,1
145.000,135.000,124.250,0,1
145.000,136.000,124.250,0,1
145.000,137.000,124.250,0,1
145.000,138.000,124.250,0,1
145.000,139.000,124.250,0,1
145.000,140.000,124.250,0,1
145.000,141.000,124.250,0,1
145.000,142.000,124.250,0,1
145.000,143.000,124.250,0,1
145.000,144.000,124.250,0,1
145.000,145.000,124.250,0,1
145.000,146.000,124.250,0,1
145.000,147.000,124.250,0,1
145.000,148.000,124.250,0,1
145.000,149.000,124.250,0,1
145.000,150.000,124.250,0,1
145.000,151.000,124.250,0,1
145.000,152.000,124.250,0,1
145.000,153.000,124.250,0,1
145.000,154.000,124.250,0,1
145.000,155.000,124.250,0,1
145.000,156.000,124.250,0,1
145.000,157.000,124.250,0,1
145.000,158.000,124.250,0,1
145.000,159.000,124.250,0,1
145.000,160.000,124.250,0,1
145.000,161.000,124.250,0,1
145.000,162.000,124.250,0,1
145.000,163.000,124.250,0,1
145.000,164.000,124.250,0,1
145.000,165.000,124.250,0,1
145.000,166.000,124.250,0,1
145.000,167.000,124.250,0,1
145.000,168.000,124.250,0,1
145.000,169.000,124.250,0,1
145.000,170.000,124.250,0,1
145.000,171.000,124.250,0,1
145.000,172.000,124.250,0,1
145.000,173.000,124.250,0,1
145.000,174.000,124.250,0,1
145.000,175.000,124.250,0,1
145.000,176.000,124.250,0,1
145.000,177.000,124.250,0,1
145.000,178.000,124.250,0,1
145.000,179.000,124.250,0,1
145.000,180.000,124.250,0,1
147.500,20.000,123.375,1,1
147.500,21.000,123.375,1,1
147.500,22.000,123.375,1,1
147.500,23.000,123.375,1,1
147.500,24.000,123.375,1,1
147.500,25.000,123.375,1,1
147.500,26.000,123.375,1,1
147.500,27.000,123.375,1,1
147.500,28.000,123.375,1,1
147.500,29.000,123.375,1,1
147.500,30.000,123.375,1,1
147.500,31.000,123.375,1,1
147.500,32.000,123.375,1,1
147.500,33.000,123.375,1,1
147.500,34.000,123.375,1,1
147.500,35.000,123.375,1,1
147.500,36.000,123.375,1,1
147.500,37.000,123.375,1,1
147.500,38.000,123.375,1,1
147.500,39.000,123.375,1,1
147.500,40.000,123.375,1,1
147.500,41.000,123.375,1,1
147.500,42.000,123.375,1,1
147.500,43.000,123.375,1,1
147.500,44.000,123.375,1,1
147.500,45.000,123.375,1,1
147.500,46.000,123.375,1,1
147.500,47.000,123.375,1,1
147.500,48.000,123.375,1,1
147.500,49.000,123.375,1,1
147.500,50.000,123.375,1,1
147.500,51.000,123.375,1,1
147.500,52.000,123.375,1,1
147.500,53.000,123.375,1,1
147.500,54.000,123.375,1,1
147.500,55.000,123.375,1,1
147.500,56.000,123.375,1,1
147.500,57.000,123.375,1,1
147.500,58.000,123.375,1,1
147.500,59.000,123.375,1,1
147.500,60.000,123.375,1,1
147.500,61.000,123.375,1,1
147.500,62.000,123.375,1,1
147.500,63.000,123.375,1,1
147.500,64.000,123.375,1,1
147.500,65.000,123.375,1,1
147.500,66.000,123.375,1,1
147.500,67.000,123.375,1,1
147.500,68.000,123.375,1,1
147.500,69.000,123.375,1,1
147.500,70.000,123.375,1,1
147.500,71.000,123.375,1,1
147.500,72.000,123.375,1,1
147.500,73.000,123.375,1,1
147.500,74.000,123.375,1,1
147.500,75.000,123.375,1,1
147.500,76.000,123.375,1,1
147.500,77.000,123.375,1,1
147.500,78.000,123.375,1,1
147.500,79.000,123.375,1,1
147.500,80.000,123.375,1,1
147.500,81.000,123.375,1,1
147.500,82.000,123.375,1,1
147.500,83.000,123.375,1,1
147.500,84.000,123.375,1,1
147.500,85.000,123.375,1,1
147.500,86.000,123.375,1,1
147.500,87.000,123.375,1,1
147.500,88.000,123.375,1,1
147.500,89.000,123.375,1,1
147.500,90.000,123.375,1,1
147.500,91.000,123.375,1,1
147.500,92.000,123.375,1,1
147.500,93.000,123.375,1,1
147.500,94.000,123.375,1,1
147.500,95.000,123.375,1,1
147.500,96.000,123.375,1,1
147.500,97.000,123.375,1,1
147.500,98.000,123.375,1,1
147.500,99.000,123.375,1,1
147.500,100.000,123.375,1,1
147.500,101.000,123.375,1,1
147.500,102.000,123.375,1,1
147.500,103.000,123.375,1,1
147.500,104.000,123.375,1,1
147.500,105.000,123.375,1,1
147.500,106.000,123.375,1,1
147.500,107.000,123.375,1,1
147.500,108.000,123.375,1,1
147.500,109.000,123.375,1,1
147.500,110.000,123.375,1,1
147.500,111.000,123.375,1,1
147.500,112.000,123.375,1,1
147.500,113.000,123.375,1,1
147.500,114.000,123.375,1,1
147.500,115.000,123.375,1,1
147.500,116.000,123.375,1,1
147.500,117.000,123.375,1,1
147.500,118.000,123.375,1,1
147.500,119.000,123.375,1,1
147.500,120.000,123.375,1,1
147.500,121.000,123.375,1,1
147.500,122.000,123.375,1,1
147.500,123.000,123.375,1,1
147.500,124.000,123.375,0,1
147.500,125.000,123.375,0,1
147.500,126.000,123.375,0,1
147.500,127.000,123.375,0,1
147.500,128.000,123.375,0,1
147.500,129.000,123.375,0,1
147.500,130.000,123.375,0,1
147.500,131.000,123.375,0,1
147.500,132.000,123.375,0,1
147.500,133.000,123.375,0,1
147.500,134.000,123.375,0,1
147.500,135.000,123.375,0,1
147.500,136.000,123.375,0,1
147.500,137.000,123.375,0,1
147.500,138.000,123.375,0,1
147.500,139.000,123.375,0,1
147.500,140.000,123.375,0,1
147.500,141.000,123.375,0,1
147.500,142.000,123.375,0,1
147.500,143.000,123.375,0,1
147.500,144.000,123.375,0,1
147.500,145.000,123.375,0,1
147.500,146.000,123.375,0,1
147.500,147.000,123.375,0,1
147.500,148.000,123.375,0,1
147.500,149.000,123.375,0,1
147.500,150.000,123.375,0,1
147.500,151.000,123.375,0,1
147.500,152.000,123.375,0,1
147.500,153.000,123.375,0,1
147.500,154.000,123.375,0,1
147.500,155.000,123.375,0,1
147.500,156.000,123.375,0,1
147.500,157.000,123.375,0,1
147.500,158.000,123.375,0,1
147.500,159.000,123.375,0,1
147.500,160.000,123.375,0,1
147.500,161.000,123.375,0,1
147.500,162.000,123.375,0,1
147.500,163.000,123.375,0,1
147.500,164.000,123.375,0,1
147.500,165.000,123.375,0,1
147.500,166.000,123.375,0,1
147.500,167.000,123.375,0,1
147.500,168.000,123.375,0,1
147.500,169.000,123.375,0,1
147.500,170.000,123.375,0,1
147.500,171.000,123.375,0,1
147.500,172.000,123.375,0,1
147.500,173.000,123.375,0,1
147.500,174.000,123.375,0,1
147.500,175.000,123.375,0,1
147.500,176.000,123.375,0,1
147.500,177.000,123.375,0,1
147.500,178.000,123.375,0,1
147.500,179.000,123.375,0,1
147.500,180.000,123.375,0,1
150.000,20.000,122.500,1,1
150.000,21.000,122.500,1,1
150.000,22.000,122.500,1,1
150.000,23.000,122.500,1,1
150.000,24.000,122.500,1,1
150.000,25.000,122.500,1,1
150.000,26.000,122.500,1,1
150.000,27.000,122.500,1,1
150.000,28.000,122.500,1,1
150.000,29.000,122.500,1,1
150.000,30.000,122.500,1,1
150.000,31.000,122.500,1,1
150.000,32.000,122.500,1,1
150.000,33.000,122.500,1,1
150.000,34.000,122.500,1,1
150.000,35.000,122.500,1,1
150.000,36.000,122.500,1,1
150.000,37.000,122.500,1,1
150.000,38.000,122.500,1,1
150.000,39.000,122.500,1,1
150.000,40.000,122.500,1,1
150.000,41.000,122.500,1,1
150.000,42.000,122.500,1,1
150.000,43.000,122.500,1,1
150.000,44.000,122.500,1,1
150.000,45.000,122.500,1,1
150.000,46.000,122.500,1,1
150.000,47.000,122.500,1,1
150.000,48.000,122.500,1,1
150.000,49.000,122.500,1,1
150.000,50.000,122.500,1,1
150.000,51.000,122.500,1,1
150.000,52.000,122.500,1,1
150.000,53.000,122.500,1,1
150.000,54.000,122.500,1,1
150.000,55.000,122.500,1,1
150.000,56.000,122.500,1,1
150.000,57.000,122.500,1,1
150.000,58.000,122.500,1,1
150.000,59.000,122.500,1,1
150.000,60.000,122.500,1,1
150.000,61.000,122.500,1,1
150.000,62.000,122.500,1,1
150.000,63.000,122.500,1,1
150.000,64.000,122.500,1,1
150.000,65.000,122.500,1,1
150.000,66.000,122.500,1,1
150.000,67.000,122.500,1,1
150.000,68.000,122.500,1,1
150.000,69.000,122.500,1,1
150.000,70.000,122.500,1,1
150.000,71.000,122.500,1,1
150.000,72.000,122.500,1,1
150.000,73.000,122.500,1,1
150.000,74.000,122.500,1,1
150.000,75.000,122.500,1,1
150.000,76.000,122.500,1,1
150.000,77.000,122.500,1,1
150.000,78.000,122.500,1,1
150.000,79.000,122.500,1,1
150.000,80.000,122.500,1,1
150.000,81.000,122.500,1,1
150.000,82.000,122.500,1,1
150.000,83.000,122.500,1,1
150.000,84.000,122.500,1,1
150.000,85.000,122.500,1,1
150.000,86.000,122.500,1,1
150.000,87.000,122.500,1,1
150.000,88.000,122.500,1,1
150.000,89.000,122.500,1,1
150.000,90.000,122.500,1,1
150.000,91.000,122.500,1,1
150.000,92.000,122.500,1,1
150.000,93.000,122.500,1,1
150.000,94.000,122.500,1,1
150.000,95.000,122.500,1,1
150.000,96.000,122.500,1,1
150.000,97.000,122.500,1,1
150.000,98.000,122.500,1,1
150.000,99.000,122.500,1,1
150.000,100.000,122.500,1,1
150.000,101.000,122.500,1,1
150.000,102.000,122.500,1,1
150.000,103.000,122.500,1,1
150.000,104.000,122.500,1,1
150.000,105.000,122.500,1,1
150.000,106.000,122.500,1,1
150.000,107.000,122.500,1,1
150.000,108.000,122.500,1,1
150.000,109.000,122.500,1,1
150.000,110.000,122.500,1,1
150.000,111.000,122.500,1,1
150.000,112.000,122.500,1,1
150.000,113.000,122.500,1,1
150.000,114.000,122.500,1,1
150.000,115.000,122.500,1,1
150.000,116.000,122.500,1,1
150.000,117.000,122.500,1,1
150.000,118.000,122.500,1,1
150.000,119.000,122.500,1,1
150.000,120.000,122.500,1,1
150.000,121.000,122.500,1,1
150.000,122.000,122.500,1,1
150.000,123.000,122.500,0,1
150.000,124.000,122.500,0,1
150.000,125.000,122.500,0,1
150.000,126.000,122.500,0,1
150.000,127.000,122.500,0,1
150.000,128.000,122.500,0,1
150.000,129.000,122.500,0,1
150.000,130.000,122.500,0,1
150.000,131.000,122.500,0,1
150.000,132.000,122.500,0,1
150.000,133.000,122.500,0,1
150.000,134.000,122.500,0,1
150.000,135.000,122.500,0,1
150.000,136.000,122.500,0,1
150.000,137.000,122.500,0,1
150.000,138.000,122.500,0,1
150.000,139.000,122.500,0,1
150.000,140.000,122.500,0,1
150.000,141.000,122.500,0,1
150.000,142.000,122.500,0,1
150.000,143.000,122.500,0,1
150.000,144.000,122.500,0,1
150.000,145.000,122.500,0,1
150.000,146.000,122.500,0,1
150.000,147.000,122.500,0,1
150.000,148.000,122.500,0,1
150.000,149.000,122.500,0,1
150.000,150.000,122.500,0,1
150.000,151.000,122.500,0,1
150.000,152.000,122.500,0,1
150.000,153.000,122.500,0,1
150.000,154.000,122.500,0,1
150.000,155.000,122.500,0,1
150.000,156.000,122.500,0,1
150.000,157.000,122.500,0,1
150.000,158.000,122.500,0,1
150.000,159.000,122.500,0,1
150.000,160.000,122.500,0,1
150.000,161.000,122.500,0,1
150.000,162.000,122.500,0,1
150.000,163.000,122.500,0,1
150.000,164.000,122.500,0,1
150.000,165.000,122.500,0,1
150.000,166.000,122.500,0,1
150.000,167.000,122.500,0,1
150.000,168.000,122.500,0,1
150.000,169.000,122.500,0,1
150.000,170.000,122.500,0,1
150.000,171.000,122.500,0,1
150.000,172.000,122.500,0,1
150.000,173.000,122.500,0,1
150.000,174.000,122.500,0,1
150.000,175.000,122.500,0,1
150.000,176.000,122.500,0,1
150.000,177.000,122.500,0,1
150.000,178.000,122.500,0,1
150.000,179.000,122.500,0,1
150.000,180.000,122.500,0,1
152.500,20.000,121.625,1,1
152.500,21.000,121.625,1,1
152.500,22.000,121.625,1,1
152.500,23.000,121.625,1,1
152.500,24.000,121.625,1,1
152.500,25.000,121.625,1,1
152.500,26.000,121.625,1,1
152.500,27.000,121.625,1,1
152.500,28.000,121.625,1,1
152.500,29.000,121.625,1,1
152.500,30.000,121.625,1,1
152.500,31.000,121.625,1,1
152.500,32.000,121.625,1,1
152.500,33.000,121.625,1,1
152.500,34.000,121.625,1,1
152.500,35.000,121.625,1,1
152.500,36.000,121.625,1,1
152.500,37.000,121.625,1,1
152.500,38.000,121.625,1,1
152.500,39.000,121.625,1,1
152.500,40.000,121.625,1,1
152.500,41.000,121.625,1,1
152.500,42.000,121.625,1,1
152.500,43.000,121.625,1,1
152.500,44.000,121.625,1,1
152.500,45.000,121.625,1,1
152.500,46.000,121.625,1,1
152.500,47.000,121.625,1,1
152.500,48.000,121.625,1,1
152.500,49.000,121.625,1,1
152.500,50.000,121.625,1,1
152.500,51.000,121.625,1,1
152.500,52.000,121.625,1,1
152.500,53.000,121.625,1,1
152.500,54.000,121.625,1,1
152.500,55.000,121.625,1,1
152.500,56.000,121.625,1,1
152.500,57.000,121.625,1,1
152.500,58.000,121.625,1,1
152.500,59.000,121.625,1,1
152.500,60.000,121.625,1,1
152.500,61.000,121.625,1,1
152.500,62.000,121.625,1,1
152.500,63.000,121.625,1,1
152.500,64.000,121.625,1,1
152.500,65.000,121.625,1,1
152.500,66.000,121.625,1,1
152.500,67.000,121.625,1,1
152.500,68.000,121.625,1,1
152.500,69.000,121.625,1,1
152.500,70.000,121.625,1,1
152.500,71.000,121.625,1,1
152.500,72.000,121.625,1,1
152.500,73.000,121.625,1,1
152.500,74.000,121.625,1,1
152.500,75.000,121.625,1,1
152.500,76.000,121.625,1,1
152.500,77.000,121.625,1,1
152.500,78.000,121.625,1,1
152.500,79.000,121.625,1,1
152.500,80.000,121.625,1,1
152.500,81.000,121.625,1,1
152.500,82.000,121.625,1,1
152.500,83.000,121.625,1,1
152.500,84.000,121.625,1,1
152.500,85.000,121.625,1,1
152.500,86.000,121.625,1,1
152.500,87.000,121.625,1,1
152.500,88.000,121.625,1,1
152.500,89.000,121.625,1,1
152.500,90.000,121.625,1,1
152.500,91.000,121.625,1,1
152.500,92.000,121.625,1,1
152.500,93.000,121.625,1,1
152.500,94.000,121.625,1,1
152.500,95.000,121.625,1,1
152.500,96.000,121.625,1,1
152.500,97.000,121.625,1,1
152.500,98.000,121.625,1,1
152.500,99.000,121.625,1,1
152.500,100.000,121.625,1,1
152.500,101.000,121.625,1,1
152.500,102.000,121.625,1,1
152.500,103.000,121.625,1,1
152.500,104.000,121.625,1,1
152.500,105.000,121.625,1,1
152.500,106.000,121.625,1,1
152.500,107.000,121.625,1,1
152.500,108.000,121.625,1,1
152.500,109.000,121.625,1,1
152.500,110.000,121.625,1,1
152.500,111.000,121.625,1,1
152.500,112.000,121.625,1,1
152.500,113.000,121.625,1,1
152.500,114.000,121.625,1,1
152.500,115.000,121.625,1,1
152.500,116.000,121.625,1,1
152.500,117.000,121.625,1,1
152.500,118.000,121.625,1,1
152.500,119.000,121.625,1,1
152.500,120.000,121.625,1,1
152.500,121.000,121.625,1,1
152.500,122.000,121.625,0,1
152.500,123.000,121.625,0,1
152.500,124.000,121.625,0,1
152.500,125.000,121.625,0,1
152.500,126.000,121.625,0,1
152.500,127.000,121.625,0,1
152.500,128.000,121.625,0,1
152.500,129.000,121.625,0,1
152.500,130.000,121.625,0,1
152.500,131.000,121.625,0,1
152.500,132.000,121.625,0,1
152.500,133.000,121.625,0,1
152.500,134.000,121.625,0,1
152.500,135.000,121.625,0,1
152.500,136.000,121.625,0,1
152.500,137.000,121.625,0,1
152.500,138.000,121.625,0,1
152.500,139.000,121.625,0,1
152.500,140.000,121.625,0,1
152.500,141.000,121.625,0,1
152.500,142.000,121.625,0,1
152.500,143.000,121.625,0,1
152.500,144.000,121.625,0,1
152.500,145.000,121.625,0,1
152.500,146.000,121.625,0,1
152.500,147.000,121.625,0,1
152.500,148.000,121.625,0,1
152.500,149.000,121.625,0,1
152.500,150.000,121.625,0,1
152.500,151.000,121.625,0,1
152.500,152.000,121.625,0,1
152.500,153.000,121.625,0,1
152.500,154.000,121.625,0,1
152.500,155.000,121.625,0,1
152.500,156.000,121.625,0,1
152.500,157.000,121.625,0,1
152.500,158.000,121.625,0,1
152.500,159.000,121.625,0,1
152.500,160.000,121.625,0,1
152.500,161.000,121.625,0,1
152.500,162.000,121.625,0,1
152.500,163.000,121.625,0,1
152.500,164.000,121.625,0,1
152.500,165.000,121.625,0,1
152.500,166.000,121.625,0,1
152.500,167.000,121.625,0,1
152.500,168.000,121.625,0,1
152.500,169.000,121.625,0,1
152.500,170.000,121.625,0,1
152.500,171.000,121.625,0,1
152.500,172.000,121.625,0,1
152.500,173.000,121.625,0,1
152.500,174.000,121.625,0,1
152.500,175.000,121.625,0,1
152.500,176.000,121.625,0,1
152.500,177.000,121.625,0,1
152.500,178.000,121.625,0,1
152.500,179.000,121.625,0,1
152.500,180.000,121.625,0,1
155.000,20.000,120.750,1,1
155.000,21.000,120.750,1,1
155.000,22.000,120.750,1,1
155.000,23.000,120.750,1,1
155.000,24.000,120.750,1,1
155.000,25.000,120.750,1,1
155.000,26.000,120.750,1,1
155.000,27.000,120.750,1,1
155.000,28.000,120.750,1,1
155.000,29.000,120.750,1,1
155.000,30.000,120.750,1,1
155.000,31.000,120.750,1,1
155.000,32.000,120.750,1,1
155.000,33.000,120.750,1,1
155.000,34.000,120.750,1,1
155.000,35.000,120.750,1,1
155.000,36.000,120.750,1,1
155.000,37.000,120.750,1,1
155.000,38.000,120.750,1,1
155.000,39.000,120.750,1,1
155.000,40.000,120.750,1,1
155.000,41.000,120.750,1,1
155.000,42.000,120.750,1,1
155.000,43.000,120.750,1,1
155.000,44.000,120.750,1,1
155.000,45.000,120.750,1,1
155.000,46.000,120.750,1,1
155.000,47.000,120.750,1,1
155.000,48.000,120.750,1,1
155.000,49.000,120.750,1,1
155.000,50.000,120.750,1,1
155.000,51.000,120.750,1,1
155.000,52.000,120.750,1,1
155.000,53.000,120.750,1,1
155.000,54.000,120.750,1,1
155.000,55.000,120.750,1,1
155.000,56.000,120.750,1,1
155.000,57.000,120.750,1,1
155.000,58.000,120.750,1,1
155.000,59.000,120.750,1,1
155.000,60.000,120.750,1,1
155.000,61.000,120.750,1,1
155.000,62.000,120.750,1,1
155.000,63.000,120.750,1,1
155.000,64.000,120.750,1,1
155.000,65.000,120.750,1,1
155.000,66.000,120.750,1,1
155.000,67.000,120.750,1,1
155.000,68.000,120.750,1,1
155.000,69.000,120.750,1,1
155.000,70.000,120.750,1,1
155.000,71.000,120.750,1,1
155.000,72.000,120.750,1,1
155.000,73.000,120.750,1,1
155.000,74.000,120.750,1,1
155.000,75.000,120.750,1,1
155.000,76.000,120.750,1,1
155.000,77.000,120.750,1,1
155.000,78.000,120.750,1,1
155.000,79.000,120.750,1,1
155.000,80.000,120.750,1,1
155.000,81.000,120.750,1,1
155.000,82.000,120.750,1,1
155.000,83.000,120.750,1,1
155.000,84.000,120.750,1,1
155.000,85.000,120.750,1,1
155.000,86.000,120.750,1,1
155.000,87.000,120.750,1,1
155.000,88.000,120.750,1,1
155.000,89.000,120.750,1,1
155.000,90.000,120.750,1,1
155.000,91.000,120.750,1,1
155.000,92.000,120.750,1,1
155.000,93.000,120.750,1,1
155.000,94.000,120.750,1,1
155.000,95.000,120.750,1,1
155.000,96.000,120.750,1,1
155.000,97.000,120.750,1,1
155.000,98.000,120.750,1,1
155.000,99.000,120.750,1,1
155.000,100.000,120.750,1,1
155.000,101.000,120.750,1,1
155.000,102.000,120.750,1,1
155.000,103.000,120.750,1,1
155.000,104.000,120.750,1,1
155.000,105.000,120.750,1,1
155.000,106.000,120.750,1,1
155.000,107.000,120.750,1,1
155.000,108.000,120.750,1,1
155.000,109.000,120.750,1,1
155.000,110.000,120.750,1,1
155.000,111.000,120.750,1,1
155.000,112.000,120.750,1,1
155.000,113.000,120.750,1,1
155.000,114.000,120.750,1,1
155.000,115.000,120.750,1,1
155.000,116.000,120.750,1,1
155.000,117.000,120.750,1,1
155.000,118.000,120.750,1,1
155.000,119.000,120.750,1,1
155.000,120.000,120.750,1,1
155.000,121.000,120.750,0,1
155.000,122.000,120.750,0,1
155.000,123.000,120.750,0,1
155.000,124.000,120.750,0,1
155.000,125.000,120.750,0,1
155.000,126.000,120.750,0,1
155.000,127.000,120.750,0,1
155.000,128.000,120.750,0,1
155.000,129.000,120.750,0,1
155.000,130.000,120.750,0,1
155.000,131.000,120.750,0,1
155.000,132.000,120.750,0,1
155.000,133.000,120.750,0,1
155.000,134.000,120.750,0,1
155.000,135.000,120.750,0,1
155.000,136.000,120.750,0,1
155.000,137.000,120.750,0,1
155.000,138.000,120.750,0,1
155.000,139.000,120.750,0,1
155.000,140.000,120.750,0,1
155.000,141.000,120.750,0,1
155.000,142.000,120.750,0,1
155.000,143.000,120.750,0,1
155.000,144.000,120.750,0,1
155.000,145.000,120.750,0,1
155.000,146.000,120.750,0,1
155.000,147.000,120.750,0,1
155.000,148.000,120.750,0,1
155.000,149.000,120.750,0,1
155.000,150.000,120.750,0,1
155.000,151.000,120.750,0,1
155.000,152.000,120.750,0,1
155.000,153.000,120.750,0,1
155.000,154.000,120.750,0,1
155.000,155.000,120.750,0,1
155.000,156.000,120.750,0,1
155.000,157.000,120.750,0,1
155.000,158.000,120.750,0,1
155.000,159.000,120.750,0,1
155.000,160.000,120.750,0,1
155.000,161.000,120.750,0,1
155.000,162.000,120.750,0,1
155.000,163.000,120.750,0,1
155.000,164.000,120.750,0,1
155.000,165.000,120.750,0,1
155.000,166.000,120.750,0,1
155.000,167.000,120.750,0,1
155.000,168.000,120.750,0,1
155.000,169.000,120.750,0,1
155.000,170.000,120.750,0,1
155.000,171.000,120.750,0,1
155.000,172.000,120.750,0,1
155.000,173.000,120.750,0,1
155.000,174.000,120.750,0,1
155.000,175.000,120.750,0,1
155.000,176.000,120.750,0,1
155.000,177.000,120.750,0,1
155.000,178.000,120.750,0,1
155.000,179.000,120.750,0,1
155.000,180.000,120.750,0,1
157.500,20.000,119.875,1,1
157.500,21.000,119.875,1,1
157.500,22.000,119.875,1,1
157.500,23.000,119.875,1,1
157.500,24.000,119.875,1,1
157.500,25.000,119.875,1,1
157.500,26.000,119.875,1,1
157.500,27.000,119.875,1,1
157.500,28.000,119.875,1,1
157.500,29.000,119.875,1,1
157.500,30.000,119.875,1,1
157.500,31.000,119.875,1,1
157.500,32.000,119.875,1,1
157.500,33.000,119.875,1,1
157.500,34.000,119.875,1,1
157.500,35.000,119.875,1,1
157.500,36.000,119.875,1,1
157.500,37.000,119.875,1,1
157.500,38.000,119.875,1,1
157.500,39.000,119.875,1,1
157.500,40.000,119.875,1,1
157.500,41.000,119.875,1,1
157.500,42.000,119.875,1,1
157.500,43.000,119.875,1,1
157.500,44.000,119.875,1,1
157.500,45.000,119.875,1,1
157.500,46.000,119.875,1,1
157.500,47.000,119.875,1,1
157.500,48.000,119.875,1,1
157.500,49.000,119.875,1,1
157.500,50.000,119.875,1,1
157.500,51.000,119.875,1,1
157.500,52.000,119.875,1,1
157.500,53.000,119.875,1,1
157.500,54.000,119.875,1,1
157.500,55.000,119.875,1,1
157.500,56.000,119.875,1,1
157.500,57.000,119.875,1,1
157.500,58.000,119.875,1,1
157.500,59.000,119.875,1,1
157.500,60.000,119.875,1,1
157.500,61.000,119.875,1,1
157.500,62.000,119.875,1,1
157.500,63.000,119.875,1,1
157.500,64.000,119.875,1,1
157.500,65.000,119.875,1,1
157.500,66.000,119.875,1,1
157.500,67.000,119.875,1,1
157.500,68.000,119.875,1,1
157.500,69.000,119.875,1,1
157.500,70.000,119.875,1,1
157.500,71.000,119.875,1,1
157.500,72.000,119.875,1,1
157.500,73.000,119.875,1,1
157.500,74.000,119.875,1,1
157.500,75.000,119.875,1,1
157.500,76.000,119.875,1,1
157.500,77.000,119.875,1,1
157.500,78.000,119.875,1,1
157.500,79.000,119.875,1,1
157.500,80.000,119.875,1,1
157.500,81.000,119.875,1,1
157.500,82.000,119.875,1,1
157.500,83.000,119.875,1,1
157.500,84.000,119.875,1,1
157.500,85.000,119.875,1,1
157.500,86.000,119.875,1,1
157.500,87.000,119.875,1,1
157.500,88.000,119.875,1,1
157.500,89.000,119.875,1,1
157.500,90.000,119.875,1,1
157.500,91.000,119.875,1,1
157.500,92.000,119.875,1,1
157.500,93.000,119.875,1,1
157.500,94.000,119.875,1,1
157.500,95.000,119.875,1,1
157.500,96.000,119.875,1,1
157.500,97.000,119.875,1,1
157.500,98.000,119.875,1,1
157.500,99.000,119.875,1,1
157.500,100.000,119.875,1,1
157.500,101.000,119.875,1,1
157.500,102.000,119.875,1,1
157.500,103.000,119.875,1,1
157.500,104.000,119.875,1,1
157.500,105.000,119.875,1,1
157.500,106.000,119.875,1,1
157.500,107.000,119.875,1,1
157.500,108.000,119.875,1,1
157.500,109.000,119.875,1,1
157.500,110.000,119.875,1,1
157.500,111.000,119.875,1,1
157.500,112.000,119.875,1,1
157.500,113.000,119.875,1,1
157.500,114.000,119.875,1,1
157.500,115.000,119.875,1,1
157.500,116.000,119.875,1,1
157.500,117.000,119.875,1,1
157.500,118.000,119.875,1,1
157.500,119.000,119.875,1,1
157.500,120.000,119.875,0,1
157.500,121.000,119.875,0,1
157.500,122.000,119.875,0,1
157.500,123.000,119.875,0,1
157.500,124.000,119.875,0,1
157.500,125.000,119.875,0,1
157.500,126.000,119.875,0,1
157.500,127.000,119.875,0,1
157.500,128.000,119.875,0,1
157.500,129.000,119.875,0,1
157.500,130.000,119.875,0,1
157.500,131.000,119.875,0,1
157.500,132.000,119.875,0,1
157.500,133.000,119.875,0,1
157.500,134.000,119.875,0,1
157.500,135.000,119.875,0,1
157.500,136.000,119.875,0,1
157.500,137.000,119.875,0,1
157.500,138.000,119.875,0,1
157.500,139.000,119.875,0,1
157.500,140.000,119.875,0,1
157.500,141.000,119.875,0,1
157.500,142.000,119.875,0,1
157.500,143.000,119.875,0,1
157.500,144.000,119.875,0,1
157.500,145.000,119.875,0,1
157.500,146.000,119.875,0,1
157.500,147.000,119.875,0,1
157.500,148.000,119.875,0,1
157.500,149.000,119.875,0,1
157.500,150.000,119.875,0,1
157.500,151.000,119.875,0,1
157.500,152.000,119.875,0,1
157.500,153.000,119.875,0,1
157.500,154.000,119.875,0,1
157.500,155.000,119.875,0,1
157.500,156.000,119.875,0,1
157.500,157.000,119.875,0,1
157.500,158.000,119.875,0,1
157.500,159.000,119.875,0,1
157.500,160.000,119.875,0,1
157.500,161.000,119.875,0,1
157.500,162.000,119.875,0,1
157.500,163.000,119.875,0,1
157.500,164.000,119.875,0,1
157.500,165.000,119.875,0,1
157.500,166.000,119.875,0,1
157.500,167.000,119.875,0,1
157.500,168.000,119.875,0,1
157.500,169.000,119.875,0,1
157.500,170.000,119.875,0,1
157.500,171.000,119.875,0,1
157.500,172.000,119.875,0,1
157.500,173.000,119.875,0,1
157.500,174.000,119.875,0,1
157.500,175.000,119.875,0,1
157.500,176.000,119.875,0,1
157.500,177.000,119.875,0,1
157.500,178.000,119.875,0,1
157.500,179.000,119.875,0,1
157.500,180.000,119.875,0,1
160.000,20.000,119.000,1,1
160.000,21.000,119.000,1,1
160.000,22.000,119.000,1,1
160.000,23.000,119.000,1,1
160.000,24.000,119.000,1,1
160.000,25.000,119.000,1,1
160.000,26.000,119.000,1,1
160.000,27.000,119.000,1,1
160.000,28.000,119.000,1,1
160.000,29.000,119.000,1,1
160.000,30.000,119.000,1,1
160.000,31.000,119.000,1,1
160.000,32.000,119.000,1,1
160.000,33.000,119.000,1,1
160.000,34.000,119.000,1,1
160.000,35.000,119.000,1,1
160.000,36.000,119.000,1,1
160.000,37.000,119.000,1,1
160.000,38.000,119.000,1,1
160.000,39.000,119.000,1,1
160.000,40.000,119.000,1,1
160.000,41.000,119.000,1,1
160.000,42.000,119.000,1,1
160.000,43.000,119.000,1,1
160.000,44.000,119.000,1,1
160.000,45.000,119.000,1,1
160.000,46.000,119.000,1,1
160.000,47.000,119.000,1,1
160.000,48.000,119.000,1,1
160.000,49.000,119.000,1,1
160.000,50.000,119.000,1,1
160.000,51.000,119.000,1,1
160.000,52.000,119.000,1,1
160.000,53.000,119.000,1,1
160.000,54.000,119.000,1,1
160.000,55.000,119.000,1,1
160.000,56.000,119.000,1,1
160.000,57.000,119.000,1,1
160.000,58.000,119.000,1,1
160.000,59.000,119.000,1,1
160.000,60.000,119.000,1,1
160.000,61.000,119.000,1,1
160.000,62.000,119.000,1,1
160.000,63.000,119.000,1,1
160.000,64.000,119.000,1,1
160.000,65.000,119.000,1,1
160.000,66.000,119.000,1,1
160.000,67.000,119.000,1,1
160.000,68.000,119.000,1,1
160.000,69.000,119.000,1,1
160.000,70.000,119.000,1,1
160.000,71.000,119.000,1,1
160.000,72.000,119.000,1,1
160.000,73.000,119.000,1,1
160.000,74.000,119.000,1,1
160.000,75.000,119.000,1,1
160.000,76.000,119.000,1,1
160.000,77.000,119.000,1,1
160.000,78.000,119.000,1,1
160.000,79.000,119.000,1,1
160.000,80.000,119.000,1,1
160.000,81.000,119.000,1,1
160.000,82.000,119.000,1,1
160.000,83.000,119.000,1,1
160.000,84.000,119.000,1,1
160.000,85.000,119.000,1,1
160.000,86.000,119.000,1,1
160.000,87.000,119.000,1,1
160.000,88.000,119.000,1,1
160.000,89.000,119.000,1,1
160.000,90.000,119.000,1,1
160.000,91.000,119.000,1,1
160.000,92.000,119.000,1,1
160.000,93.000,119.000,1,1
160.000,94.000,119.000,1,1
160.000,95.000,119.000,1,1
160.000,96.000,119.000,1,1
160.000,97.000,119.000,1,1
160.000,98.000,119.000,1,1
160.000,99.000,119.000,1,1
160.000,100.000,119.000,1,1
160.000,101.000,119.000,1,1
160.000,102.000,119.000,1,1
160.000,103.000,119.000,1,1
160.000,104.000,119.000,1,1
160.000,105.000,119.000,1,1
160.000,106.000,119.000,1,1
160.000,107.000,119.000,1,1
160.000,108.000,119.000,1,1
160.000,109.000,119.000,1,1
160.000,110.000,119.000,1,1
160.000,111.000,119.000,1,1
160.000,112.000,119.000,1,1
160.000,113.000,119.000,1,1
160.000,114.000,119.000,1,1
160.000,115.000,119.000,1,1
160.000,116.000,119.000,1,1
160.000,117.000,119.000,1,1
160.000,118.000,119.000,1,1
160.000,119.000,119.000,1,1
160.000,120.000,119.000,0,1
160.000,121.000,119.000,0,1
160.000,122.000,119.000,0,1
160.000,123.000,119.000,0,1
160.000,124.000,119.000,0,1
160.000,125.000,119.000,0,1
160.000,126.000,119.000,0,1
160.000,127.000,119.000,0,1
160.000,128.000,119.000,0,1
160.000,129.000,119.000,0,1
160.000,130.000,119.000,0,1
160.000,131.000,119.000,0,1
160.000,132.000,119.000,0,1
160.000,133.000,119.000,0,1
160.000,134.000,119.000,0,1
160.000,135.000,119.000,0,1
160.000,136.000,119.000,0,1
160.000,137.000,119.000,0,1
160.000,138.000,119.000,0,1
160.000,139.000,119.000,0,1
160.000,140.000,119.000,0,1
160.000,141.000,119.000,0,1
160.000,142.000,119.000,0,1
160.000,143.000,119.000,0,1
160.000,144.000,119.000,0,1
160.000,145.000,119.000,0,1
160.000,146.000,119.000,0,1
160.000,147.000,119.000,0,1
160.000,148.000,119.000,0,1
160.000,149.000,119.000,0,1
160.000,150.000,119.000,0,1
160.000,151.000,119.000,0,1
160.000,152.000,119.000,0,1
160.000,153.000,119.000,0,1
160.000,154.000,119.000,0,1
160.000,155.000,119.000,0,1
160.000,156.000,119.000,0,1
160.000,157.000,119.000,0,1
160.000,158.000,119.000,0,1
160.000,159.000,119.000,0,1
160.000,160.000,119.000,0,1
160.000,161.000,119.000,0,1
160.000,162.000,119.000,0,1
160.000,163.000,119.000,0,1
160.000,164.000,119.000,0,1
160.000,165.000,119.000,0,1
160.000,166.000,119.000,0,1
160.000,167.000,119.000,0,1
160.000,168.000,119.000,0,1
160.000,169.000,119.000,0,1
160.000,170.000,119.000,0,1
160.000,171.000,119.000,0,1
160.000,172.000,119.000,0,1
160.000,173.000,119.000,0,1
160.000,174.000,119.000,0,1
160.000,175.000,119.000,0,1
160.000,176.000,119.000,0,1
160.000,177.000,119.000,0,1
160.000,178.000,119.000,0,1
160.000,179.000,119.000,0,1
160.000,180.000,119.000,0,1
162.500,20.000,118.125,1,1
162.500,21.000,118.125,1,1
162.500,22.000,118.125,1,1
162.500,23.000,118.125,1,1
162.500,24.000,118.125,1,1
162.500,25.000,118.125,1,1
162.500,26.000,118.125,1,1
162.500,27.000,118.125,1,1
162.500,28.000,118.125,1,1
162.500,29.000,118.125,1,1
162.500,30.000,118.125,1,1
162.500,31.000,118.125,1,1
162.500,32.000,118.125,1,1
162.500,33.000,118.125,1,1
162.500,34.000,118.125,1,1
162.500,35.000,118.125,1,1
162.500,36.000,118.125,1,1
162.500,37.000,118.125,1,1
162.500,38.000,118.125,1,1
162.500,39.000,118.125,1,1
162.500,40.000,118.125,1,1
162.500,41.000,118.125,1,1
162.500,42.000,118.125,1,1
162.500,43.000,118.125,1,1
162.500,44.000,118.125,1,1
162.500,45.000,118.125,1,1
162.500,46.000,118.125,1,1
162.500,47.000,118.125,1,1
162.500,48.000,118.125,1,1
162.500,49.000,118.125,1,1
162.500,50.000,118.125,1,1
162.500,51.000,118.125,1,1
162.500,52.000,118.125,1,1
162.500,53.000,118.125,1,1
162.500,54.000,118.125,1,1
162.500,55.000,118.125,1,1
162.500,56.000,118.125,1,1
162.500,57.000,118.125,1,1
162.500,58.000,118.125,1,1
162.500,59.000,118.125,1,1
162.500,60.000,118.125,1,1
162.500,61.000,118.125,1,1
162.500,62.000,118.125,1,1
162.500,63.000,118.125,1,1
162.500,64.000,118.125,1,1
162.500,65.000,118.125,1,1
162.500,66.000,118.125,1,1
162.500,67.000,118.125,1,1
162.500,68.000,118.125,1,1
162.500,69.000,118.125,1,1
162.500,70.000,118.125,1,1
162.500,71.000,118.125,1,1
162.500,72.000,118.125,1,1
162.500,73.000,118.125,1,1
162.500,74.000,118.125,1,1
162.500,75.000,118.125,1,1
162.500,76.000,118.125,1,1
162.500,77.000,118.125,1,1
162.500,78.000,118.125,1,1
162.500,79.000,118.125,1,1
162.500,80.000,118.125,1,1
162.500,81.000,118.125,1,1
162.500,82.000,118.125,1,1
162.500,83.000,118.125,1,1
162.500,84.000,118.125,1,1
162.500,85.000,118.125,1,1
162.500,86.000,118.125,1,1
162.500,87.000,118.125,1,1
162.500,88.000,118.125,1,1
162.500,89.000,118.125,1,1
162.500,90.000,118.125,1,1
162.500,91.000,118.125,1,1
162.500,92.000,118.125,1,1
162.500,93.000,118.125,1,1
162.500,94.000,118.125,1,1
162.500,95.000,118.125,1,1
162.500,96.000,118.125,1,1
162.500,97.000,118.125,1,1
162.500,98.000,118.125,1,1
162.500,99.000,118.125,1,1
162.500,100.000,118.125,1,1
162.500,101.000,118.125,1,1
162.500,102.000,118.125,1,1
162.500,103.000,118.125,1,1
162.500,104.000,118.125,1,1
162.500,105.000,118.125,1,1
162.500,106.000,118.125,1,1
162.500,107.000,118.125,1,1
162.500,108.000,118.125,1,1
162.500,109.000,118.125,1,1
162.500,110.000,118.125,1,1
162.500,111.000,118.125,1,1
162.500,112.000,118.125,1,1
162.500,113.000,118.125,1,1
162.500,114.000,118.125,1,1
162.500,115.000,118.125,1,1
162.500,116.000,118.125,1,1
162.500,117.000,118.125,1,1
162.500,118.000,118.125,1,1
162.500,119.000,118.125,0,1
162.500,120.000,118.125,0,1
162.500,121.000,118.125,0,1
162.500,122.000,118.125,0,1
162.500,123.000,118.125,0,1
162.500,124.000,118.125,0,1
162.500,125.000,118.125,0,1
162.500,126.000,118.125,0,1
162.500,127.000,118.125,0,1
162.500,128.000,118.125,0,1
162.500,129.000,118.125,0,1
162.500,130.000,118.125,0,1
162.500,131.000,118.125,0,1
162.500,132.000,118.125,0,1
162.500,133.000,118.125,0,1
162.500,134.000,118.125,0,1
162.500,135.000,118.125,0,1
162.500,136.000,118.125,0,1
162.500,137.000,118.125,0,1
162.500,138.000,118.125,0,1
162.500,139.000,118.125,0,1
162.500,140.000,118.125,0,1
162.500,141.000,118.125,0,1
162.500,142.000,118.125,0,1
162.500,143.000,118.125,0,1
162.500,144.000,118.125,0,1
162.500,145.000,118.125,0,1
162.500,146.000,118.125,0,1
162.500,147.000,118.125,0,1
162.500,148.000,118.125,0,1
162.500,149.000,118.125,0,1
162.500,150.000,118.125,0,1
162.500,151.000,118.125,0,1
162.500,152.000,118.125,0,1
162.500,153.000,118.125,0,1
162.500,154.000,118.125,0,1
162.500,155.000,118.125,0,1
162.500,156.000,118.125,0,1
162.500,157.000,118.125,0,1
162.500,158.000,118.125,0,1
162.500,159.000,118.125,0,1
162.500,160.000,118.125,0,1
162.500,161.000,118.125,0,1
162.500,162.000,118.125,0,1
162.500,163.000,118.125,0,1
162.500,164.000,118.125,0,1
162.500,165.000,118.125,0,1
162.500,166.000,118.125,0,1
162.500,167.000,118.125,0,1
162.500,168.000,118.125,0,1
162.500,169.000,118.125,0,1
162.500,170.000,118.125,0,1
162.500,171.000,118.125,0,1
162.500,172.000,118.125,0,1
162.500,173.000,118.125,0,1
162.500,174.000,118.125,0,1
162.500,175.000,118.125,0,1
162.500,176.000,118.125,0,1
162.500,177.000,118.125,0,1
162.500,178.000,118.125,0,1
162.500,179.000,118.125,0,1
162.500,180.000,118.125,0,1
165.000,20.000,117.250,1,1
165.000,21.000,117.250,1,1
165.000,22.000,117.250,1,1
165.000,23.000,117.250,1,1
165.000,24.000,117.250,1,1
165.000,25.000,117.250,1,1
165.000,26.000,117.250,1,1
165.000,27.000,117.250,1,1
165.000,28.000,117.250,1,1
165.000,29.000,117.250,1,1
165.000,30.000,117.250,1,1
165.000,31.000,117.250,1,1
165.000,32.000,117.250,1,1
165.000,33.000,117.250,1,1
165.000,34.000,117.250,1,1
165.000,35.000,117.250,1,1
165.000,36.000,117.250,1,1
165.000,37.000,117.250,1,1
165.000,38.000,117.250,1,1
165.000,39.000,117.250,1,1
165.000,40.000,117.250,1,1
165.000,41.000,117.250,1,1
165.000,42.000,117.250,1,1
165.000,43.000,117.250,1,1
165.000,44.000,117.250,1,1
165.000,45.000,117.250,1,1
165.000,46.000,117.250,1,1
165.000,47.000,117.250,1,1
165.000,48.000,117.250,1,1
165.000,49.000,117.250,1,1
165.000,50.000,117.250,1,1
165.000,51.000,117.250,1,1
165.000,52.000,117.250,1,1
165.000,53.000,117.250,1,1
165.000,54.000,117.250,1,1
165.000,55.000,117.250,1,1
165.000,56.000,117.250,1,1
165.000,57.000,117.250,1,1
165.000,58.000,117.250,1,1
165.000,59.000,117.250,1,1
165.000,60.000,117.250,1,1
165.000,61.000,117.250,1,1
165.000,62.000,117.250,1,1
165.000,63.000,117.250,1,1
165.000,64.000,117.250,1,1
165.000,65.000,117.250,1,1
165.000,66.000,117.250,1,1
165.000,67.000,117.250,1,1
165.000,68.000,117.250,1,1
165.000,69.000,117.250,1,1
165.000,70.000,117.250,1,1
165.000,71.000,117.250,1,1
165.000,72.000,117.250,1,1
165.000,73.000,117.250,1,1
165.000,74.000,117.250,1,1
165.000,75.000,117.250,1,1
165.000,76.000,117.250,1,1
165.000,77.000,117.250,1,1
165.000,78.000,117.250,1,1
165.000,79.000,117.250,1,1
165.000,80.000,117.250,1,1
165.000,81.000,117.250,1,1
165.000,82.000,117.250,1,1
165.000,83.000,117.250,1,1
165.000,84.000,117.250,1,1
165.000,85.000,117.250,1,1
165.000,86.000,117.250,1,1
165.000,87.000,117.250,1,1
165.000,88.000,117.250,1,1
165.000,89.000,117.250,1,1
165.000,90.000,117.250,1,1
165.000,91.000,117.250,1,1
165.000,92.000,117.250,1,1
165.000,93.000,117.250,1,1
165.000,94.000,117.250,1,1
165.000,95.000,117.250,1,1
165.000,96.000,117.250,1,1
165.000,97.000,117.250,1,1
165.000,98.000,117.250,1,1
165.000,99.000,117.250,1,1
165.000,100.000,117.250,1,1
165.000,101.000,117.250,1,1
165.000,102.000,117.250,1,1
165.000,103.000,117.250,1,1
165.000,104.000,117.250,1,1
165.000,105.000,117.250,1,1
165.000,106.000,117.250,1,1
165.000,107.000,117.250,1,1
165.000,108.000,117.250,1,1
165.000,109.000,117.250,1,1
165.000,110.000,117.250,1,1
165.000,111.000,117.250,1,1
165.000,112.000,117.250,1,1
165.000,113.000,117.250,1,1
165.000,114.000,117.250,1,1
165.000,115.000,117.250,1,1
165.000,116.000,117.250,1,1
165.000,117.000,117.250,1,1
165.000,118.000,117.250,0,1
165.000,119.000,117.250,0,1
165.000,120.000,117.250,0,1
165.000,121.000,117.250,0,1
165.000,122.000,117.250,0,1
165.000,123.000,117.250,0,1
165.000,124.000,117.250,0,1
165.000,125.000,117.250,0,1
165.000,126.000,117.250,0,1
165.000,127.000,117.250,0,1
165.000,128.000,117.250,0,1
165.000,129.000,117.250,0,1
165.000,130.000,117.250,0,1
165.000,131.000,117.250,0,1
165.000,132.000,117.250,0,1
165.000,133.000,117.250,0,1
165.000,134.000,117.250,0,1
165.000,135.000,117.250,0,1
165.000,136.000,117.250,0,1
165.000,137.000,117.250,0,1
165.000,138.000,117.250,0,1
165.000,139.000,117.250,0,1
165.000,140.000,117.250,0,1
165.000,141.000,117.250,0,1
165.000,142.000,117.250,0,1
165.000,143.000,117.250,0,1
165.000,144.000,117.250,0,1
165.000,145.000,117.250,0,1
165.000,146.000,117.250,0,1
165.000,147.000,117.250,0,1
165.000,148.000,117.250,0,1
165.000,149.000,117.250,0,1
165.000,150.000,117.250,0,1
165.000,151.000,117.250,0,1
165.000,152.000,117.250,0,1
165.000,153.000,117.250,0,1
165.000,154.000,117.250,0,1
165.000,155.000,117.250,0,1
165.000,156.000,117.250,0,1
165.000,157.000,117.250,0,1
165.000,158.000,117.250,0,1
165.000,159.000,117.250,0,1
165.000,160.000,117.250,0,1
165.000,161.000,117.250,0,1
165.000,162.000,117.250,0,1
165.000,163.000,117.250,0,1
165.000,164.000,117.250,0,1
165.000,165.000,117.250,0,1
165.000,166.000,117.250,0,1
165.000,167.000,117.250,0,1
165.000,168.000,117.250,0,1
165.000,169.000,117.250,0,1
165.000,170.000,117.250,0,1
165.000,171.000,117.250,0,1
165.000,172.000,117.250,0,1
165.000,173.000,117.250,0,1
165.000,174.000,117.250,0,1
165.000,175.000,117.250,0,1
165.000,176.000,117.250,0,1
165.000,177.000,117.250,0,1
165.000,178.000,117.250,0,1
165.000,179.000,117.250,0,1
165.000,180.000,117.250,0,1
167.500,20.000,116.375,1,1
167.500,21.000,116.375,1,1
167.500,22.000,116.375,1,1
167.500,23.000,116.375,1,1
167.500,24.000,116.375,1,1
167.500,25.000,116.375,1,1
167.500,26.000,116.375,1,1
167.500,27.000,116.375,1,1
167.500,28.000,116.375,1,1
167.500,29.000,116.375,1,1
167.500,30.000,116.375,1,1
167.500,31.000,116.375,1,1
167.500,32.000,116.375,1,1
167.500,33.000,116.375,1,1
167.500,34.000,116.375,1,1
167.500,35.000,116.375,1,1
167.500,36.000,116.375,1,1
167.500,37.000,116.375,1,1
167.500,38.000,116.375,1,1
167.500,39.000,116.375,1,1
167.500,40.000,116.375,1,1
167.500,41.000,116.375,1,1
167.500,42.000,116.375,1,1
167.500,43.000,116.375,1,1
167.500,44.000,116.375,1,1
167.500,45.000,116.375,1,1
167.500,46.000,116.375,1,1
167.500,47.000,116.375,1,1
167.500,48.000,116.375,1,1
167.500,49.000,116.375,1,1
167.500,50.000,116.375,1,1
167.500,51.000,116.375,1,1
167.500,52.000,116.375,1,1
167.500,53.000,116.375,1,1
167.500,54.000,116.375,1,1
167.500,55.000,116.375,1,1
167.500,56.000,116.375,1,1
167.500,57.000,116.375,1,1
167.500,58.000,116.375,1,1
167.500,59.000,116.375,1,1
167.500,60.000,116.375,1,1
167.500,61.000,116.375,1,1
167.500,62.000,116.375,1,1
167.500,63.000,116.375,1,1
167.500,64.000,116.375,1,1
167.500,65.000,116.375,1,1
167.500,66.000,116.375,1,1
167.500,67.000,116.375,1,1
167.500,68.000,116.375,1,1
167.500,69.000,116.375,1,1
167.500,70.000,116.375,1,1
167.500,71.000,116.375,1,1
167.500,72.000,116.375,1,1
167.500,73.000,116.375,1,1
167.500,74.000,116.375,1,1
167.500,75.000,116.375,1,1
167.500,76.000,116.375,1,1
167.500,77.000,116.375,1,1
167.500,78.000,116.375,1,1
167.500,79.000,116.375,1,1
167.500,80.000,116.375,1,1
167.500,81.000,116.375,1,1
167.500,82.000,116.375,1,1
167.500,83.000,116.375,1,1
167.500,84.000,116.375,1,1
167.500,85.000,116.375,1,1
167.500,86.000,116.375,1,1
167.500,87.000,116.375,1,1
167.500,88.000,116.375,1,1
167.500,89.000,116.375,1,1
167.500,90.000,116.375,1,1
167.500,91.000,116.375,1,1
167.500,92.000,116.375,1,1
167.500,93.000,116.375,1,1
167.500,94.000,116.375,1,1
167.500,95.000,116.375,1,1
167.500,96.000,116.375,1,1
167.500,97.000,116.375,1,1
167.500,98.000,116.375,1,1
167.500,99.000,116.375,1,1
167.500,100.000,116.375,1,1
167.500,101.000,116.375,1,1
167.500,102.000,116.375,1,1
167.500,103.000,116.375,1,1
167.500,104.000,116.375,1,1
167.500,105.000,116.375,1,1
167.500,106.000,116.375,1,1
167.500,107.000,116.375,1,1
167.500,108.000,116.375,1,1
167.500,109.000,116.375,1,1
167.500,110.000,116.375,1,1
167.500,111.000,116.375,1,1
167.500,112.000,116.375,1,1
167.500,113.000,116.375,1,1
167.500,114.000,116.375,1,1
167.500,115.000,116.375,1,1
167.500,116.000,116.375,1,1
167.500,117.000,116.375,0,1
167.500,118.000,116.375,0,1
167.500,119.000,116.375,0,1
167.500,120.000,116.375,0,1
167.500,121.000,116.375,0,1
167.500,122.000,116.375,0,1
167.500,123.000,116.375,0,1
167.500,124.000,116.375,0,1
167.500,125.000,116.375,0,1
167.500,126.000,116.375,0,1
167.500,127.000,116.375,0,1
167.500,128.000,116.375,0,1
167.500,129.000,116.375,0,1
167.500,130.000,116.375,0,1
167.500,131.000,116.375,0,1
167.500,132.000,116.375,0,1
167.500,133.000,116.375,0,1
167.500,134.000,116.375,0,1
167.500,135.000,116.375,0,1
167.500,136.000,116.375,0,1
167.500,137.000,116.375,0,1
167.500,138.000,116.375,0,1
167.500,139.000,116.375,0,1
167.500,140.000,116.375,0,1
167.500,141.000,116.375,0,1
167.500,142.000,116.375,0,1
167.500,143.000,116.375,0,1
167.500,144.000,116.375,0,1
167.500,145.000,116.375,0,1
167.500,146.000,116.375,0,1
167.500,147.000,116.375,0,1
167.500,148.000,116.375,0,1
167.500,149.000,116.375,0,1
167.500,150.000,116.375,0,1
167.500,151.000,116.375,0,1
167.500,152.000,116.375,0,1
167.500,153.000,116.375,0,1
167.500,154.000,116.375,0,1
167.500,155.000,116.375,0,1
167.500,156.000,116.375,0,1
167.500,157.000,116.375,0,1
167.500,158.000,116.375,0,1
167.500,159.000,116.375,0,1
167.500,160.000,116.375,0,1
167.500,161.000,116.375,0,1
167.500,162.000,116.375,0,1
167.500,163.000,116.375,0,1
167.500,164.000,116.375,0,1
167.500,165.000,116.375,0,1
167.500,166.000,116.375,0,1
167.500,167.000,116.375,0,1
167.500,168.000,116.375,0,1
167.500,169.000,116.375,0,1
167.500,170.000,116.375,0,1
167.500,171.000,116.375,0,1
167.500,172.000,116.375,0,1
167.500,173.000,116.375,0,1
167.500,174.000,116.375,0,1
167.500,175.000,116.375,0,1
167.500,176.000,116.375,0,1
167.500,177.000,116.375,0,1
167.500,178.000,116.375,0,1
167.500,179.000,116.375,0,1
167.500,180.000,116.375,0,1
170.000,20.000,115.500,1,1
170.000,21.000,115.500,1,1
170.000,22.000,115.500,1,1
170.000,23.000,115.500,1,1
170.000,24.000,115.500,1,1
170.000,25.000,115.500,1,1
170.000,26.000,115.500,1,1
170.000,27.000,115.500,1,1
170.000,28.000,115.500,1,1
170.000,29.000,115.500,1,1
170.000,30.000,115.500,1,1
170.000,31.000,115.500,1,1
170.000,32.000,115.500,1,1
170.000,33.000,115.500,1,1
170.000,34.000,115.500,1,1
170.000,35.000,115.500,1,1
170.000,36.000,115.500,1,1
170.000,37.000,115.500,1,1
170.000,38.000,115.500,1,1
170.000,39.000,115.500,1,1
170.000,40.000,115.500,1,1
170.000,41.000,115.500,1,1
170.000,42.000,115.500,1,1
170.000,43.000,115.500,1,1
170.000,44.000,115.500,1,1
170.000,45.000,115.500,1,1
170.000,46.000,115.500,1,1
170.000,47.000,115.500,1,1
170.000,48.000,115.500,1,1
170.000,49.000,115.500,1,1
170.000,50.000,115.500,1,1
170.000,51.000,115.500,1,1
170.000,52.000,115.500,1,1
170.000,53.000,115.500,1,1
170.000,54.000,115.500,1,1
170.000,55.000,115.500,1,1
170.000,56.000,115.500,1,1
170.000,57.000,115.500,1,1
170.000,58.000,115.500,1,1
170.000,59.000,115.500,1,1
170.000,60.000,115.500,1,1
170.000,61.000,115.500,1,1
170.000,62.000,115.500,1,1
170.000,63.000,115.500,1,1
170.000,64.000,115.500,1,1
170.000,65.000,115.500,1,1
170.000,66.000,115.500,1,1
170.000,67.000,115.500,1,1
170.000,68.000,115.500,1,1
170.000,69.000,115.500,1,1
170.000,70.000,115.500,1,1
170.000,71.000,115.500,1,1
170.000,72.000,115.500,1,1
170.000,73.000,115.500,1,1
170.000,74.000,115.500,1,1
170.000,75.000,115.500,1,1
170.000,76.000,115.500,1,1
170.000,77.000,115.500,1,1
170.000,78.000,115.500,1,1
170.000,79.000,115.500,1,1
170.000,80.000,115.500,1,1
170.000,81.000,115.500,1,1
170.000,82.000,115.500,1,1
170.000,83.000,115.500,1,1
170.000,84.000,115.500,1,1
170.000,85.000,115.500,1,1
170.000,86.000,115.500,1,1
170.000,87.000,115.500,1,1
170.000,88.000,115.500,1,1
170.000,89.000,115.500,1,1
170.000,90.000,115.500,1,1
170.000,91.000,115.500,1,1
170.000,92.000,115.500,1,1
170.000,93.000,115.500,1,1
170.000,94.000,115.500,1,1
170.000,95.000,115.500,1,1
170.000,96.000,115.500,1,1
170.000,97.000,115.500,1,1
170.000,98.000,115.500,1,1
170.000,99.000,115.500,1,1
170.000,100.000,115.500,1,1
170.000,101.000,115.500,1,1
170.000,102.000,115.500,1,1
170.000,103.000,115.500,1,1
170.000,104.000,115.500,1,1
170.000,105.000,115.500,1,1
170.000,106.000,115.500,1,1
170.000,107.000,115.500,1,1
170.000,108.000,115.500,1,1
170.000,109.000,115.500,1,1
170.000,110.000,115.500,1,1
170.000,111.000,115.500,1,1
170.000,112.000,115.500,1,1
170.000,113.000,115.500,1,1
170.000,114.000,115.500,1,1
170.000,115.000,115.500,1,1
170.000,116.000,115.500,0,1
170.000,117.000,115.500,0,1
170.000,118.000,115.500,0,1
170.000,119.000,115.500,0,1
170.000,120.000,115.500,0,1
170.000,121.000,115.500,0,1
170.000,122.000,115.500,0,1
170.000,123.000,115.500,0,1
170.000,124.000,115.500,0,1
170.000,125.000,115.500,0,1
170.000,126.000,115.500,0,1
170.000,127.000,115.500,0,1
170.000,128.000,115.500,0,1
170.000,129.000,115.500,0,1
170.000,130.000,115.500,0,1
170.000,131.000,115.500,0,1
170.000,132.000,115.500,0,1
170.000,133.000,115.500,0,1
170.000,134.000,115.500,0,1
170.000,135.000,115.500,0,1
170.000,136.000,115.500,0,1
170.000,137.000,115.500,0,1
170.000,138.000,115.500,0,1
170.000,139.000,115.500,0,1
170.000,140.000,115.500,0,1
170.000,141.000,115.500,0,1
170.000,142.000,115.500,0,1
170.000,143.000,115.500,0,1
170.000,144.000,115.500,0,1
170.000,145.000,115.500,0,1
170.000,146.000,115.500,0,1
170.000,147.000,115.500,0,1
170.000,148.000,115.500,0,1
170.000,149.000,115.500,0,1
170.000,150.000,115.500,0,1
170.000,151.000,115.500,0,1
170.000,152.000,115.500,0,1
170.000,153.000,115.500,0,1
170.000,154.000,115.500,0,1
170.000,155.000,115.500,0,1
170.000,156.000,115.500,0,1
170.000,157.000,115.500,0,1
170.000,158.000,115.500,0,1
170.000,159.000,115.500,0,1
170.000,160.000,115.500,0,1
170.000,161.000,115.500,0,1
170.000,162.000,115.500,0,1
170.000,163.000,115.500,0,1
170.000,164.000,115.500,0,1
170.000,165.000,115.500,0,1
170.000,166.000,115.500,0,1
170.000,167.000,115.500,0,1
170.000,168.000,115.500,0,1
170.000,169.000,115.500,0,1
170.000,170.000,115.500,0,1
170.000,171.000,115.500,0,1
170.000,172.000,115.500,0,1
170.000,173.000,115.500,0,1
170.000,174.000,115.500,0,1
170.000,175.000,115.500,0,1
170.000,176.000,115.500,0,1
170.000,177.000,115.500,0,1
170.000,178.000,115.500,0,1
170.000,179.000,115.500,0,1
170.000,180.000,115.500,0,1
172.500,20.000,114.625,1,1
172.500,21.000,114.625,1,1
172.500,22.000,114.625,1,1
172.500,23.000,114.625,1,1
172.500,24.000,114.625,1,1
172.500,25.000,114.625,1,1
172.500,26.000,114.625,1,1
172.500,27.000,114.625,1,1
172.500,28.000,114.625,1,1
172.500,29.000,114.625,1,1
172.500,30.000,114.625,1,1
172.500,31.000,114.625,1,1
172.500,32.000,114.625,1,1
172.500,33.000,114.625,1,1
172.500,34.000,114.625,1,1
172.500,35.000,114.625,1,1
172.500,36.000,114.625,1,1
172.500,37.000,114.625,1,1
172.500,38.000,114.625,1,1
172.500,39.000,114.625,1,1
172.500,40.000,114.625,1,1
172.500,41.000,114.625,1,1
172.500,42.000,114.625,1,1
172.500,43.000,114.625,1,1
172.500,44.000,114.625,1,1
172.500,45.000,114.625,1,1
172.500,46.000,114.625,1,1
172.500,47.000,114.625,1,1
172.500,48.000,114.625,1,1
172.500,49.000,114.625,1,1
172.500,50.000,114.625,1,1
172.500,51.000,114.625,1,1
172.500,52.000,114.625,1,1
172.500,53.000,114.625,1,1
172.500,54.000,114.625,1,1
172.500,55.000,114.625,1,1
172.500,56.000,114.625,1,1
172.500,57.000,114.625,1,1
172.500,58.000,114.625,1,1
172.500,59.000,114.625,1,1
172.500,60.000,114.625,1,1
172.500,61.000,114.625,1,1
172.500,62.000,114.625,1,1
172.500,63.000,114.625,1,1
172.500,64.000,114.625,1,1
172.500,65.000,114.625,1,1
172.500,66.000,114.625,1,1
172.500,67.000,114.625,1,1
172.500,68.000,114.625,1,1
172.500,69.000,114.625,1,1
172.500,70.000,114.625,1,1
172.500,71.000,114.625,1,1
172.500,72.000,114.625,1,1
172.500,73.000,114.625,1,1
172.500,74.000,114.625,1,1
172.500,75.000,114.625,1,1
172.500,76.000,114.625,1,1
172.500,77.000,114.625,1,1
172.500,78.000,114.625,1,1
172.500,79.000,114.625,1,1
172.500,80.000,114.625,1,1
172.500,81.000,114.625,1,1
172.500,82.000,114.625,1,1
172.500,83.000,114.625,1,1
172.500,84.000,114.625,1,1
172.500,85.000,114.625,1,1
172.500,86.000,114.625,1,1
172.500,87.000,114.625,1,1
172.500,88.000,114.625,1,1
172.500,89.000,114.625,1,1
172.500,90.000,114.625,1,1
172.500,91.000,114.625,1,1
172.500,92.000,114.625,1,1
172.500,93.000,114.625,1,1
172.500,94.000,114.625,1,1
172.500,95.000,114.625,1,1
172.500,96.000,114.625,1,1
172.500,97.000,114.625,1,1
172.500,98.000,114.625,1,1
172.500,99.000,114.625,1,1
172.500,100.000,114.625,1,1
172.500,101.000,114.625,1,1
172.500,102.000,114.625,1,1
172.500,103.000,114.625,1,1
172.500,104.000,114.625,1,1
172.500,105.000,114.625,1,1
172.500,106.000,114.625,1,1
172.500,107.000,114.625,1,1
172.500,108.000,114.625,1,1
172.500,109.000,114.625,1,1
172.500,110.000,114.625,1,1
172.500,111.000,114.625,1,1
172.500,112.000,114.625,1,1
172.500,113.000,114.625,1,1
172.500,114.000,114.625,1,1
172.500,115.000,114.625,0,1
172.500,116.000,114.625,0,1
172.500,117.000,114.625,0,1
172.500,118.000,114.625,0,1
172.500,119.000,114.625,0,1
172.500,120.000,114.625,0,1
172.500,121.000,114.625,0,1
172.500,122.000,114.625,0,1
172.500,123.000,114.625,0,1
172.500,124.000,114.625,0,1
172.500,125.000,114.625,0,1
172.500,126.000,114.625,0,1
172.500,127.000,114.625,0,1
172.500,128.000,114.625,0,1
172.500,129.000,114.625,0,1
172.500,130.000,114.625,0,1
172.500,131.000,114.625,0,1
172.500,132.000,114.625,0,1
172.500,133.000,114.625,0,1
172.500,134.000,114.625,0,1
172.500,135.000,114.625,0,1
172.500,136.000,114.625,0,1
172.500,137.000,114.625,0,1
172.500,138.000,114.625,0,1
172.500,139.000,114.625,0,1
172.500,140.000,114.625,0,1
172.500,141.000,114.625,0,1
172.500,142.000,114.625,0,1
172.500,143.000,114.625,0,1
172.500,144.000,114.625,0,1
172.500,145.000,114.625,0,1
172.500,146.000,114.625,0,1
172.500,147.000,114.625,0,1
172.500,148.000,114.625,0,1
172.500,149.000,114.625,0,1
172.500,150.000,114.625,0,1
172.500,151.000,114.625,0,1
172.500,152.000,114.625,0,1
172.500,153.000,114.625,0,1
172.500,154.000,114.625,0,1
172.500,155.000,114.625,0,1
172.500,156.000,114.625,0,1
172.500,157.000,114.625,0,1
172.500,158.000,114.625,0,1
172.500,159.000,114.625,0,1
172.500,160.000,114.625,0,1
172.500,161.000,114.625,0,1
172.500,162.000,114.625,0,1
172.500,163.000,114.625,0,1
172.500,164.000,114.625,0,1
172.500,165.000,114.625,0,1
172.500,166.000,114.625,0,1
172.500,167.000,114.625,0,1
172.500,168.000,114.625,0,1
172.500,169.000,114.625,0,1
172.500,170.000,114.625,0,1
172.500,171.000,114.625,0,1
172.500,172.000,114.625,0,1
172.500,173.000,114.625,0,1
172.500,174.000,114.625,0,1
172.500,175.000,114.625,0,1
172.500,176.000,114.625,0,1
172.500,177.000,114.625,0,1
172.500,178.000,114.625,0,1
172.500,179.000,114.625,0,1
172.500,180.000,114.625,0,1
175.000,20.000,113.750,1,1
175.000,21.000,113.750,1,1
175.000,22.000,113.750,1,1
175.000,23.000,113.750,1,1
175.000,24.000,113.750,1,1
175.000,25.000,113.750,1,1
175.000,26.000,113.750,1,1
175.000,27.000,113.750,1,1
175.000,28.000,113.750,1,1
175.000,29.000,113.750,1,1
175.000,30.000,113.750,1,1
175.000,31.000,113.750,1,1
175.000,32.000,113.750,1,1
175.000,33.000,113.750,1,1
175.000,34.000,113.750,1,1
175.000,35.000,113.750,1,1
175.000,36.000,113.750,1,1
175.000,37.000,113.750,1,1
175.000,38.000,113.750,1,1
175.000,39.000,113.750,1,1
175.000,40.000,113.750,1,1
175.000,41.000,113.750,1,1
175.000,42.000,113.750,1,1
175.000,43.000,113.750,1,1
175.000,44.000,113.750,1,1
175.000,45.000,113.750,1,1
175.000,46.000,113.750,1,1
175.000,47.000,113.750,1,1
175.000,48.000,113.750,1,1
175.000,49.000,113.750,1,1
175.000,50.000,113.750,1,1
175.000,51.000,113.750,1,1
175.000,52.000,113.750,1,1
175.000,53.000,113.750,1,1
175.000,54.000,113.750,1,1
175.000,55.000,113.750,1,1
175.000,56.000,113.750,1,1
175.000,57.000,113.750,1,1
175.000,58.000,113.750,1,1
175.000,59.000,113.750,1,1
175.000,60.000,113.750,1,1
175.000,61.000,113.750,1,1
175.000,62.000,113.750,1,1
175.000,63.000,113.750,1,1
175.000,64.000,113.750,1,1
175.000,65.000,113.750,1,1
175.000,66.000,113.750,1,1
175.000,67.000,113.750,1,1
175.000,68.000,113.750,1,1
175.000,69.000,113.750,1,1
175.000,70.000,113.750,1,1
175.000,71.000,113.750,1,1
175.000,72.000,113.750,1,1
175.000,73.000,113.750,1,1
175.000,74.000,113.750,1,1
175.000,75.000,113.750,1,1
175.000,76.000,113.750,1,1
175.000,77.000,113.750,1,1
175.000,78.000,113.750,1,1
175.000,79.000,113.750,1,1
175.000,80.000,113.750,1,1
175.000,81.000,113.750,1,1
175.000,82.000,113.750,1,1
175.000,83.000,113.750,1,1
175.000,84.000,113.750,1,1
175.000,85.000,113.750,1,1
175.000,86.000,113.750,1,1
175.000,87.000,113.750,1,1
175.000,88.000,113.750,1,1
175.000,89.000,113.750,1,1
175.000,90.000,113.750,1,1
175.000,91.000,113.750,1,1
175.000,92.000,113.750,1,1
175.000,93.000,113.750,1,1
175.000,94.000,113.750,1,1
175.000,95.000,113.750,1,1
175.000,96.000,113.750,1,1
175.000,97.000,113.750,1,1
175.000,98.000,113.750,1,1
175.000,99.000,113.750,1,1
175.000,100.000,113.750,1,1
175.000,101.000,113.750,1,1
175.000,102.000,113.750,1,1
175.000,103.000,113.750,1,1
175.000,104.000,113.750,1,1
175.000,105.000,113.750,1,1
175.000,106.000,113.750,1,1
175.000,107.000,113.750,1,1
175.000,108.000,113.750,1,1
175.000,109.000,113.750,1,1
175.000,110.000,113.750,1,1
175.000,111.000,113.750,1,1
175.000,112.000,113.750,1,1
175.000,113.000,113.750,1,1
175.000,114.000,113.750,0,1
175.000,115.000,113.750,0,1
175.000,116.000,113.750,0,1
175.000,117.000,113.750,0,1
175.000,118.000,113.750,0,1
175.000,119.000,113.750,0,1
175.000,120.000,113.750,0,1
175.000,121.000,113.750,0,1
175.000,122.000,113.750,0,1
175.000,123.000,113.750,0,1
175.000,124.000,113.750,0,1
175.000,125.000,113.750,0,1
175.000,126.000,113.750,0,1
175.000,127.000,113.750,0,1
175.000,128.000,113.750,0,1
175.000,129.000,113.750,0,1
175.000,130.000,113.750,0,1
175.000,131.000,113.750,0,1
175.000,132.000,113.750,0,1
175.000,133.000,113.750,0,1
175.000,134.000,113.750,0,1
175.000,135.000,113.750,0,1
175.000,136.000,113.750,0,1
175.000,137.000,113.750,0,1
175.000,138.000,113.750,0,1
175.000,139.000,113.750,0,1
175.000,140.000,113.750,0,1
175.000,141.000,113.750,0,1
175.000,142.000,113.750,0,1
175.000,143.000,113.750,0,1
175.000,144.000,113.750,0,1
175.000,145.000,113.750,0,1
175.000,146.000,113.750,0,1
175.000,147.000,113.750,0,1
175.000,148.000,113.750,0,1
175.000,149.000,113.750,0,1
175.000,150.000,113.750,0,1
175.000,151.000,113.750,0,1
175.000,152.000,113.750,0,1
175.000,153.000,113.750,0,1
175.000,154.000,113.750,0,1
175.000,155.000,113.750,0,1
175.000,156.000,113.750,0,1
175.000,157.000,113.750,0,1
175.000,158.000,113.750,0,1
175.000,159.000,113.750,0,1
175.000,160.000,113.750,0,1
175.000,161.000,113.750,0,1
175.000,162.000,113.750,0,1
175.000,163.000,113.750,0,1
175.000,164.000,113.750,0,1
175.000,165.000,113.750,0,1
175.000,166.000,113.750,0,1
175.000,167.000,113.750,0,1
175.000,168.000,113.750,0,1
175.000,169.000,113.750,0,1
175.000,170.000,113.750,0,1
175.000,171.000,113.750,0,1
175.000,172.000,113.750,0,1
175.000,173.000,113.750,0,1
175.000,174.000,113.750,0,1
175.000,175.000,113.750,0,1
175.000,176.000,113.750,0,1
175.000,177.000,113.750,0,1
175.000,178.000,113.750,0,1
175.000,179.000,113.750,0,1
175.000,180.000,113.750,0,1
177.500,20.000,112.875,1,1
177.500,21.000,112.875,1,1
177.500,22.000,112.875,1,1
177.500,23.000,112.875,1,1
177.500,24.000,112.875,1,1
177.500,25.000,112.875,1,1
177.500,26.000,112.875,1,1
177.500,27.000,112.875,1,1
177.500,28.000,112.875,1,1
177.500,29.000,112.875,1,1
177.500,30.000,112.875,1,1
177.500,31.000,112.875,1,1
177.500,32.000,112.875,1,1
177.500,33.000,112.875,1,1
177.500,34.000,112.875,1,1
177.500,35.000,112.875,1,1
177.500,36.000,112.875,1,1
177.500,37.000,112.875,1,1
177.500,38.000,112.875,1,1
177.500,39.000,112.875,1,1
177.500,40.000,112.875,1,1
177.500,41.000,112.875,1,1
177.500,42.000,112.875,1,1
177.500,43.000,112.875,1,1
177.500,44.000,112.875,1,1
177.500,45.000,112.875,1,1
177.500,46.000,112.875,1,1
177.500,47.000,112.875,1,1
177.500,48.000,112.875,1,1
177.500,49.000,112.875,1,1
177.500,50.000,112.875,1,1
177.500,51.000,112.875,1,1
177.500,52.000,112.875,1,1
177.500,53.000,112.875,1,1
177.500,54.000,112.875,1,1
177.500,55.000,112.875,1,1
177.500,56.000,112.875,1,1
177.500,57.000,112.875,1,1
177.500,58.000,112.875,1,1
177.500,59.000,112.875,1,1
177.500,60.000,112.875,1,1
177.500,61.000,112.875,1,1
177.500,62.000,112.875,1,1
177.500,63.000,112.875,1,1
177.500,64.000,112.875,1,1
177.500,65.000,112.875,1,1
177.500,66.000,112.875,1,1
177.500,67.000,112.875,1,1
177.500,68.000,112.875,1,1
177.500,69.000,112.875,1,1
177.500,70.000,112.875,1,1
177.500,71.000,112.875,1,1
177.500,72.000,112.875,1,1
177.500,73.000,112.875,1,1
177.500,74.000,112.875,1,1
177.500,75.000,112.875,1,1
177.500,76.000,112.875,1,1
177.500,77.000,112.875,1,1
177.500,78.000,112.875,1,1
177.500,79.000,112.875,1,1
177.500,80.000,112.875,1,1
177.500,81.000,112.875,1,1
177.500,82.000,112.875,1,1
177.500,83.000,112.875,1,1
177.500,84.000,112.875,1,1
177.500,85.000,112.875,1,1
177.500,86.000,112.875,1,1
177.500,87.000,112.875,1,1
177.500,88.000,112.875,1,1
177.500,89.000,112.875,1,1
177.500,90.000,112.875,1,1
177.500,91.000,112.875,1,1
177.500,92.000,112.875,1,1
177.500,93.000,112.875,1,1
177.500,94.000,112.875,1,1
177.500,95.000,112.875,1,1
177.500,96.000,112.875,1,1
177.500,97.000,112.875,1,1
177.500,98.000,112.875,1,1
177.500,99.000,112.875,1,1
177.500,100.000,112.875,1,1
177.500,101.000,112.875,1,1
177.500,102.000,112.875,1,1
177.500,103.000,112.875,1,1
177.500,104.000,112.875,1,1
177.500,105.000,112.875,1,1
177.500,106.000,112.875,1,1
177.500,107.000,112.875,1,1
177.500,108.000,112.875,1,1
177.500,109.000,112.875,1,1
177.500,110.000,112.875,1,1
177.500,111.000,112.875,1,1
177.500,112.000,112.875,1,1
177.500,113.000,112.875,0,1
177.500,114.000,112.875,0,1
177.500,115.000,112.875,0,1
177.500,116.000,112.875,0,1
177.500,117.000,112.875,0,1
177.500,118.000,112.875,0,1
177.500,119.000,112.875,0,1
177.500,120.000,112.875,0,1
177.500,121.000,112.875,0,1
177.500,122.000,112.875,0,1
177.500,123.000,112.875,0,1
177.500,124.000,112.875,0,1
177.500,125.000,112.875,0,1
177.500,126.000,112.875,0,1
177.500,127.000,112.875,0,1
177.500,128.000,112.875,0,1
177.500,129.000,112.875,0,1
177.500,130.000,112.875,0,1
177.500,131.000,112.875,0,1
177.500,132.000,112.875,0,1
177.500,133.000,112.875,0,1
177.500,134.000,112.875,0,1
177.500,135.000,112.875,0,1
177.500,136.000,112.875,0,1
177.500,137.000,112.875,0,1
177.500,138.000,112.875,0,1
177.500,139.000,112.875,0,1
177.500,140.000,112.875,0,1
177.500,141.000,112.875,0,1
177.500,142.000,112.875,0,1
177.500,143.000,112.875,0,1
177.500,144.000,112.875,0,1
177.500,145.000,112.875,0,1
177.500,146.000,112.875,0,1
177.500,147.000,112.875,0,1
177.500,148.000,112.875,0,1
177.500,149.000,112.875,0,1
177.500,150.000,112.875,0,1
177.500,151.000,112.875,0,1
177.500,152.000,112.875,0,1
177.500,153.000,112.875,0,1
177.500,154.000,112.875,0,1
177.500,155.000,112.875,0,1
177.500,156.000,112.875,0,1
177.500,157.000,112.875,0,1
177.500,158.000,112.875,0,1
177.500,159.000,112.875,0,1
177.500,160.000,112.875,0,1
177.500,161.000,112.875,0,1
177.500,162.000,112.875,0,1
177.500,163.000,112.875,0,1
177.500,164.000,112.875,0,1
177.500,165.000,112.875,0,1
177.500,166.000,112.875,0,1
177.500,167.000,112.875,0,1
177.500,168.000,112.875,0,1
177.500,169.000,112.875,0,1
177.500,170.000,112.875,0,1
177.500,171.000,112.875,0,1
177.500,172.000,112.875,0,1
177.500,173.000,112.875,0,1
177.500,174.000,112.875,0,1
177.500,175.000,112.875,0,1
177.500,176.000,112.875,0,1
177.500,177.000,112.875,0,1
177.500,178.000,112.875,0,1
177.500,179.000,112.875,0,1
177.500,180.000,112.875,0,1
180.000,20.000,112.000,1,1
180.000,21.000,112.000,1,1
180.000,22.000,112.000,1,1
180.000,23.000,112.000,1,1
180.000,24.000,112.000,1,1
180.000,25.000,112.000,1,1
180.000,26.000,112.000,1,1
180.000,27.000,112.000,1,1
180.000,28.000,112.000,1,1
180.000,29.000,112.000,1,1
180.000,30.000,112.000,1,1
180.000,31.000,112.000,1,1
180.000,32.000,112.000,1,1
180.000,33.000,112.000,1,1
180.000,34.000,112.000,1,1
180.000,35.000,112.000,1,1
180.000,36.000,112.000,1,1
180.000,37.000,112.000,1,1
180.000,38.000,112.000,1,1
180.000,39.000,112.000,1,1
180.000,40.000,112.000,1,1
180.000,41.000,112.000,1,1
180.000,42.000,112.000,1,1
180.000,43.000,112.000,1,1
180.000,44.000,112.000,1,1
180.000,45.000,112.000,1,1
180.000,46.000,112.000,1,1
180.000,47.000,112.000,1,1
180.000,48.000,112.000,1,1
180.000,49.000,112.000,1,1
180.000,50.000,112.000,1,1
180.000,51.000,112.000,1,1
180.000,52.000,112.000,1,1
180.000,53.000,112.000,1,1
180.000,54.000,112.000,1,1
180.000,55.000,112.000,1,1
180.000,56.000,112.000,1,1
180.000,57.000,112.000,1,1
180.000,58.000,112.000,1,1
180.000,59.000,112.000,1,1
180.000,60.000,112.000,1,1
180.000,61.000,112.000,1,1
180.000,62.000,112.000,1,1
180.000,63.000,112.000,1,1
180.000,64.000,112.000,1,1
180.000,65.000,112.000,1,1
180.000,66.000,112.000,1,1
180.000,67.000,112.000,1,1
180.000,68.000,112.000,1,1
180.000,69.000,112.000,1,1
180.000,70.000,112.000,1,1
180.000,71.000,112.000,1,1
180.000,72.000,112.000,1,1
180.000,73.000,112.000,1,1
180.000,74.000,112.000,1,1
180.000,75.000,112.000,1,1
180.000,76.000,112.000,1,1
180.000,77.000,112.000,1,1
180.000,78.000,112.000,1,1
180.000,79.000,112.000,1,1
180.000,80.000,112.000,1,1
180.000,81.000,112.000,1,1
180.000,82.000,112.000,1,1
180.000,83.000,112.000,1,1
180.000,84.000,112.000,1,1
180.000,85.000,112.000,1,1
180.000,86.000,112.000,1,1
180.000,87.000,112.000,1,1
180.000,88.000,112.000,1,1
180.000,89.000,112.000,1,1
180.000,90.000,112.000,1,1
180.000,91.000,112.000,1,1
180.000,92.000,112.000,1,1
180.000,93.000,112.000,1,1
180.000,94.000,112.000,1,1
180.000,95.000,112.000,1,1
180.000,96.000,112.000,1,1
180.000,97.000,112.000,1,1
180.000,98.000,112.000,1,1
180.000,99.000,112.000,1,1
180.000,100.000,112.000,1,1
180.000,101.000,112.000,1,1
180.000,102.000,112.000,1,1
180.000,103.000,112.000,1,1
180.000,104.000,112.000,1,1
180.000,105.000,112.000,1,1
180.000,106.000,112.000,1,1
180.000,107.000,112.000,1,1
180.000,108.000,112.000,1,1
180.000,109.000,112.000,1,1
180.000,110.000,112.000,1,1
180.000,111.000,112.000,1,1
180.000,112.000,112.000,1,1
180.000,113.000,112.000,0,1
180.000,114.000,112.000,0,1
180.000,115.000,112.000,0,1
180.000,116.000,112.000,0,1
180.000,117.000,112.000,0,1
180.000,118.000,112.000,0,1
180.000,119.000,112.000,0,1
180.000,120.000,112.000,0,1
180.000,121.000,112.000,0,1
180.000,122.000,112.000,0,1
180.000,123.000,112.000,0,1
180.000,124.000,112.000,0,1
180.000,125.000,112.000,0,1
180.000,126.000,112.000,0,1
180.000,127.000,112.000,0,1
180.000,128.000,112.000,0,1
180.000,129.000,112.000,0,1
180.000,130.000,112.000,0,1
180.000,131.000,112.000,0,1
180.000,132.000,112.000,0,1
180.000,133.000,112.000,0,1
180.000,134.000,112.000,0,1
180.000,135.000,112.000,0,1
180.000,136.000,112.000,0,1
180.000,137.000,112.000,0,1
180.000,138.000,112.000,0,1
180.000,139.000,112.000,0,1
180.000,140.000,112.000,0,1
180.000,141.000,112.000,0,1
180.000,142.000,112.000,0,1
180.000,143.000,112.000,0,1
180.000,144.000,112.000,0,1
180.000,145.000,112.000,0,1
180.000,146.000,112.000,0,1
180.000,147.000,112.000,0,1
180.000,148.000,112.000,0,1
180.000,149.000,112.000,0,1
180.000,150.000,112.000,0,1
180.000,151.000,112.000,0,1
180.000,152.000,112.000,0,1
180.000,153.000,112.000,0,1
180.000,154.000,112.000,0,1
180.000,155.000,112.000,0,1
180.000,156.000,112.000,0,1
180.000,157.000,112.000,0,1
180.000,158.000,112.000,0,1
180.000,159.000,112.000,0,1
180.000,160.000,112.000,0,1
180.000,161.000,112.000,0,1
180.000,162.000,112.000,0,1
180.000,163.000,112.000,0,1
180.000,164.000,112.000,0,1
180.000,165.000,112.000,0,1
180.000,166.000,112.000,0,1
180.000,167.000,112.000,0,1
180.000,168.000,112.000,0,1
180.000,169.000,112.000,0,1
180.000,170.000,112.000,0,1
180.000,171.000,112.000,0,1
180.000,172.000,112.000,0,1
180.000,173.000,112.000,0,1
180.000,174.000,112.000,0,1
180.000,175.000,112.000,0,1
180.000,176.000,112.000,0,1
180.000,177.000,112.000,0,1
180.000,178.000,112.000,0,1
180.000,179.000,112.000,0,1
180.000,180.000,112.000,0,1
182.500,20.000,111.125,1,1
182.500,21.000,111.125,1,1
182.500,22.000,111.125,1,1
182.500,23.000,111.125,1,1
182.500,24.000,111.125,1,1
182.500,25.000,111.125,1,1
182.500,26.000,111.125,1,1
182.500,27.000,111.125,1,1
182.500,28.000,111.125,1,1
182.500,29.000,111.125,1,1
182.500,30.000,111.125,1,1
182.500,31.000,111.125,1,1
182.500,32.000,111.125,1,1
182.500,33.000,111.125,1,1
182.500,34.000,111.125,1,1
182.500,35.000,111.125,1,1
182.500,36.000,111.125,1,1
182.500,37.000,111.125,1,1
182.500,38.000,111.125,1,1
182.500,39.000,111.125,1,1
182.500,40.000,111.125,1,1
182.500,41.000,111.125,1,1
182.500,42.000,111.125,1,1
182.500,43.000,111.125,1,1
182.500,44.000,111.125,1,1
182.500,45.000,111.125,1,1
182.500,46.000,111.125,1,1
182.500,47.000,111.125,1,1
182.500,48.000,111.125,1,1
182.500,49.000,111.125,1,1
182.500,50.000,111.125,1,1
182.500,51.000,111.125,1,1
182.500,52.000,111.125,1,1
182.500,53.000,111.125,1,1
182.500,54.000,111.125,1,1
182.500,55.000,111.125,1,1
182.500,56.000,111.125,1,1
182.500,57.000,111.125,1,1
182.500,58.000,111.125,1,1
182.500,59.000,111.125,1,1
182.500,60.000,111.125,1,1
182.500,61.000,111.125,1,1
182.500,62.000,111.125,1,1
182.500,63.000,111.125,1,1
182.500,64.000,111.125,1,1
182.500,65.000,111.125,1,1
182.500,66.000,111.125,1,1
182.500,67.000,111.125,1,1
182.500,68.000,111.125,1,1
182.500,69.000,111.125,1,1
182.500,70.000,111.125,1,1
182.500,71.000,111.125,1,1
182.500,72.000,111.125,1,1
182.500,73.000,111.125,1,1
182.500,74.000,111.125,1,1
182.500,75.000,111.125,1,1
182.500,76.000,111.125,1,1
182.500,77.000,111.125,1,1
182.500,78.000,111.125,1,1
182.500,79.000,111.125,1,1
182.500,80.000,111.125,1,1
182.500,81.000,111.125,1,1
182.500,82.000,111.125,1,1
182.500,83.000,111.125,1,1
182.500,84.000,111.125,1,1
182.500,85.000,111.125,1,1
182.500,86.000,111.125,1,1
182.500,87.000,111.125,1,1
182.500,88.000,111.125,1,1
182.500,89.000,111.125,1,1
182.500,90.000,111.125,1,1
182.500,91.000,111.125,1,1
182.500,92.000,111.125,1,1
182.500,93.000,111.125,1,1
182.500,94.000,111.125,1,1
182.500,95.000,111.125,1,1
182.500,96.000,111.125,1,1
182.500,97.000,111.125,1,1
182.500,98.000,111.125,1,1
182.500,99.000,111.125,1,1
182.500,100.000,111.125,1,1
182.500,101.000,111.125,1,1
182.500,102.000,111.125,1,1
182.500,103.000,111.125,1,1
182.500,104.000,111.125,1,1
182.500,105.000,111.125,1,1
182.500,106.000,111.125,1,1
182.500,107.000,111.125,1,1
182.500,108.000,111.125,1,1
182.500,109.000,111.125,1,1
182.500,110.000,111.125,1,1
182.500,111.000,111.125,1,1
182.500,112.000,111.125,0,1
182.500,113.000,111.125,0,1
182.500,114.000,111.125,0,1
182.500,115.000,111.125,0,1
182.500,116.000,111.125,0,1
182.500,117.000,111.125,0,1
182.500,118.000,111.125,0,1
182.500,119.000,111.125,0,1
182.500,120.000,111.125,0,1
182.500,121.000,111.125,0,1
182.500,122.000,111.125,0,1
182.500,123.000,111.125,0,1
182.500,124.000,111.125,0,1
182.500,125.000,111.125,0,1
182.500,126.000,111.125,0,1
182.500,127.000,111.125,0,1
182.500,128.000,111.125,0,1
182.500,129.000,111.125,0,1
182.500,130.000,111.125,0,1
182.500,131.000,111.125,0,1
182.500,132.000,111.125,0,1
182.500,133.000,111.125,0,1
182.500,134.000,111.125,0,1
182.500,135.000,111.125,0,1
182.500,136.000,111.125,0,1
182.500,137.000,111.125,0,1
182.500,138.000,111.125,0,1
182.500,139.000,111.125,0,1
182.500,140.000,111.125,0,1
182.500,141.000,111.125,0,1
182.500,142.000,111.125,0,1
182.500,143.000,111.125,0,1
182.500,144.000,111.125,0,1
182.500,145.000,111.125,0,1
182.500,146.000,111.125,0,1
182.500,147.000,111.125,0,1
182.500,148.000,111.125,0,1
182.500,149.000,111.125,0,1
182.500,150.000,111.125,0,1
182.500,151.000,111.125,0,1
182.500,152.000,111.125,0,1
182.500,153.000,111.125,0,1
182.500,154.000,111.125,0,1
182.500,155.000,111.125,0,1
182.500,156.000,111.125,0,1
182.500,157.000,111.125,0,1
182.500,158.000,111.125,0,1
182.500,159.000,111.125,0,1
182.500,160.000,111.125,0,1
182.500,161.000,111.125,0,1
182.500,162.000,111.125,0,1
182.500,163.000,111.125,0,1
182.500,164.000,111.125,0,1
182.500,165.000,111.125,0,1
182.500,166.000,111.125,0,1
182.500,167.000,111.125,0,1
182.500,168.000,111.125,0,1
182.500,169.000,111.125,0,1
182.500,170.000,111.125,0,1
182.500,171.000,111.125,0,1
182.500,172.000,111.125,0,1
182.500,173.000,111.125,0,1
182.500,174.000,111.125,0,1
182.500,175.000,111.125,0,1
182.500,176.000,111.125,0,1
182.500,177.000,111.125,0,1
182.500,178.000,111.125,0,1
182.500,179.000,111.125,0,1
182.500,180.000,111.125,0,1
185.000,20.000,110.250,1,1
185.000,21.000,110.250,1,1
185.000,22.000,110.250,1,1
185.000,23.000,110.250,1,1
185.000,24.000,110.250,1,1
185.000,25.000,110.250,1,1
185.000,26.000,110.250,1,1
185.000,27.000,110.250,1,1
185.000,28.000,110.250,1,1
185.000,29.000,110.250,1,1
185.000,30.000,110.250,1,1
185.000,31.000,110.250,1,1
185.000,32.000,110.250,1,1
185.000,33.000,110.250,1,1
185.000,34.000,110.250,1,1
185.000,35.000,110.250,1,1
185.000,36.000,110.250,1,1
185.000,37.000,110.250,1,1
185.000,38.000,110.250,1,1
185.000,39.000,110.250,1,1
185.000,40.000,110.250,1,1
185.000,41.000,110.250,1,1
185.000,42.000,110.250,1,1
185.000,43.000,110.250,1,1
185.000,44.000,110.250,1,1
185.000,45.000,110.250,1,1
185.000,46.000,110.250,1,1
185.000,47.000,110.250,1,1
185.000,48.000,110.250,1,1
185.000,49.000,110.250,1,1
185.000,50.000,110.250,1,1
185.000,51.000,110.250,1,1
185.000,52.000,110.250,1,1
185.000,53.000,110.250,1,1
185.000,54.000,110.250,1,1
185.000,55.000,110.250,1,1
185.000,56.000,110.250,1,1
185.000,57.000,110.250,1,1
185.000,58.000,110.250,1,1
185.000,59.000,110.250,1,1
185.000,60.000,110.250,1,1
185.000,61.000,110.250,1,1
185.000,62.000,110.250,1,1
185.000,63.000,110.250,1,1
185.000,64.000,110.250,1,1
185.000,65.000,110.250,1,1
185.000,66.000,110.250,1,1
185.000,67.000,110.250,1,1
185.000,68.000,110.250,1,1
185.000,69.000,110.250,1,1
185.000,70.000,110.250,1,1
185.000,71.000,110.250,1,1
185.000,72.000,110.250,1,1
185.000,73.000,110.250,1,1
185.000,74.000,110.250,1,1
185.000,75.000,110.250,1,1
185.000,76.000,110.250,1,1
185.000,77.000,110.250,1,1
185.000,78.000,110.250,1,1
185.000,79.000,110.250,1,1
185.000,80.000,110.250,1,1
185.000,81.000,110.250,1,1
185.000,82.000,110.250,1,1
185.000,83.000,110.250,1,1
185.000,84.000,110.250,1,1
185.000,85.000,110.250,1,1
185.000,86.000,110.250,1,1
185.000,87.000,110.250,1,1
185.000,88.000,110.250,1,1
185.000,89.000,110.250,1,1
185.000,90.000,110.250,1,1
185.000,91.000,110.250,1,1
185.000,92.000,110.250,1,1
185.000,93.000,110.250,1,1
185.000,94.000,110.250,1,1
185.000,95.000,110.250,1,1
185.000,96.000,110.250,1,1
185.000,97.000,110.250,1,1
185.000,98.000,110.250,1,1
185.000,99.000,110.250,1,1
185.000,100.000,110.250,1,1
185.000,101.000,110.250,1,1
185.000,102.000,110.250,1,1
185.000,103.000,110.250,1,1
185.000,104.000,110.250,1,1
185.000,105.000,110.250,1,1
185.000,106.000,110.250,1,1
185.000,107.000,110.250,1,1
185.000,108.000,110.250,1,1
185.000,109.000,110.250,1,1
185.000,110.000,110.250,1,1
185.000,111.000,110.250,0,1
185.000,112.000,110.250,0,1
185.000,113.000,110.250,0,1
185.000,114.000,110.250,0,1
185.000,115.000,110.250,0,1
185.000,116.000,110.250,0,1
185.000,117.000,110.250,0,1
185.000,118.000,110.250,0,1
185.000,119.000,110.250,0,1
185.000,120.000,110.250,0,1
185.000,121.000,110.250,0,1
185.000,122.000,110.250,0,1
185.000,123.000,110.250,0,1
185.000,124.000,110.250,0,1
185.000,125.000,110.250,0,1
185.000,126.000,110.250,0,1
185.000,127.000,110.250,0,1
185.000,128.000,110.250,0,1
185.000,129.000,110.250,0,1
185.000,130.000,110.250,0,1
185.000,131.000,110.250,0,1
185.000,132.000,110.250,0,1
185.000,133.000,110.250,0,1
185.000,134.000,110.250,0,1
185.000,135.000,110.250,0,1
185.000,136.000,110.250,0,1
185.000,137.000,110.250,0,1
185.000,138.000,110.250,0,1
185.000,139.000,110.250,0,1
185.000,140.000,110.250,0,1
185.000,141.000,110.250,0,1
185.000,142.000,110.250,0,1
185.000,143.000,110.250,0,1
185.000,144.000,110.250,0,1
185.000,145.000,110.250,0,1
185.000,146.000,110.250,0,1
185.000,147.000,110.250,0,1
185.000,148.000,110.250,0,1
185.000,149.000,110.250,0,1
185.000,150.000,110.250,0,1
185.000,151.000,110.250,0,1
185.000,152.000,110.250,0,1
185.000,153.000,110.250,0,1
185.000,154.000,110.250,0,1
185.000,155.000,110.250,0,1
185.000,156.000,110.250,0,1
185.000,157.000,110.250,0,1
185.000,158.000,110.250,0,1
185.000,159.000,110.250,0,1
185.000,160.000,110.250,0,1
185.000,161.000,110.250,0,1
185.000,162.000,110.250,0,1
185.000,163.000,110.250,0,1
185.000,164.000,110.250,0,1
185.000,165.000,110.250,0,1
185.000,166.000,110.250,0,1
185.000,167.000,110.250,0,1
185.000,168.000,110.250,0,1
185.000,169.000,110.250,0,1
185.000,170.000,110.250,0,1
185.000,171.000,110.250,0,1
185.000,172.000,110.250,0,1
185.000,173.000,110.250,0,1
185.000,174.000,110.250,0,1
185.000,175.000,110.250,0,1
185.000,176.000,110.250,0,1
185.000,177.000,110.250,0,1
185.000,178.000,110.250,0,1
185.000,179.000,110.250,0,1
185.000,180.000,110.250,0,1
187.500,20.000,109.375,1,1
187.500,21.000,109.375,1,1
187.500,22.000,109.375,1,1
187.500,23.000,109.375,1,1
187.500,24.000,109.375,1,1
187.500,25.000,109.375,1,1
187.500,26.000,109.375,1,1
187.500,27.000,109.375,1,1
187.500,28.000,109.375,1,1
187.500,29.000,109.375,1,1
187.500,30.000,109.375,1,1
187.500,31.000,109.375,1,1
187.500,32.000,109.375,1,1
187.500,33.000,109.375,1,1
187.500,34.000,109.375,1,1
187.500,35.000,109.375,1,1
187.500,36.000,109.375,1,1
187.500,37.000,109.375,1,1
187.500,38.000,109.375,1,1
187.500,39.000,109.375,1,1
187.500,40.000,109.375,1,1
187.500,41.000,109.375,1,1
187.500,42.000,109.375,1,1
187.500,43.000,109.375,1,1
187.500,44.000,109.375,1,1
187.500,45.000,109.375,1,1
187.500,46.000,109.375,1,1
187.500,47.000,109.375,1,1
187.500,48.000,109.375,1,1
187.500,49.000,109.375,1,1
187.500,50.000,109.375,1,1
187.500,51.000,109.375,1,1
187.500,52.000,109.375,1,1
187.500,53.000,109.375,1,1
187.500,54.000,109.375,1,1
187.500,55.000,109.375,1,1
187.500,56.000,109.375,1,1
187.500,57.000,109.375,1,1
187.500,58.000,109.375,1,1
187.500,59.000,109.375,1,1
187.500,60.000,109.375,1,1
187.500,61.000,109.375,1,1
187.500,62.000,109.375,1,1
187.500,63.000,109.375,1,1
187.500,64.000,109.375,1,1
187.500,65.000,109.375,1,1
187.500,66.000,109.375,1,1
187.500,67.000,109.375,1,1
187.500,68.000,109.375,1,1
187.500,69.000,109.375,1,1
187.500,70.000,109.375,1,1
187.500,71.000,109.375,1,1
187.500,72.000,109.375,1,1
187.500,73.000,109.375,1,1
187.500,74.000,109.375,1,1
187.500,75.000,109.375,1,1
187.500,76.000,109.375,1,1
187.500,77.000,109.375,1,1
187.500,78.000,109.375,1,1
187.500,79.000,109.375,1,1
187.500,80.000,109.375,1,1
187.500,81.000,109.375,1,1
187.500,82.000,109.375,1,1
187.500,83.000,109.375,1,1
187.500,84.000,109.375,1,1
187.500,85.000,109.375,1,1
187.500,86.000,109.375,1,1
187.500,87.000,109.375,1,1
187.500,88.000,109.375,1,1
187.500,89.000,109.375,1,1
187.500,90.000,109.375,1,1
187.500,91.000,109.375,1,1
187.500,92.000,109.375,1,1
187.500,93.000,109.375,1,1
187.500,94.000,109.375,1,1
187.500,95.000,109.375,1,1
187.500,96.000,109.375,1,1
187.500,97.000,109.375,1,1
187.500,98.000,109.375,1,1
187.500,99.000,109.375,1,1
187.500,100.000,109.375,1,1
187.500,101.000,109.375,1,1
187.500,102.000,109.375,1,1
187.500,103.000,109.375,1,1
187.500,104.000,109.375,1,1
187.500,105.000,109.375,1,1
187.500,106.000,109.375,1,1
187.500,107.000,109.375,1,1
187.500,108.000,109.375,1,1
187.500,109.000,109.375,1,1
187.500,110.000,109.375,0,1
187.500,111.000,109.375,0,1
187.500,112.000,109.375,0,1
187.500,113.000,109.375,0,1
187.500,114.000,109.375,0,1
187.500,115.000,109.375,0,1
187.500,116.000,109.375,0,1
187.500,117.000,109.375,0,1
187.500,118.000,109.375,0,1
187.500,119.000,109.375,0,1
187.500,120.000,109.375,0,1
187.500,121.000,109.375,0,1
187.500,122.000,109.375,0,1
187.500,123.000,109.375,0,1
187.500,124.000,109.375,0,1
187.500,125.000,109.375,0,1
187.500,126.000,109.375,0,1
187.500,127.000,109.375,0,1
187.500,128.000,109.375,0,1
187.500,129.000,109.375,0,1
187.500,130.000,109.375,0,1
187.500,131.000,109.375,0,1
187.500,132.000,109.375,0,1
187.500,133.000,109.375,0,1
187.500,134.000,109.375,0,1
187.500,135.000,109.375,0,1
187.500,136.000,109.375,0,1
187.500,137.000,109.375,0,1
187.500,138.000,109.375,0,1
187.500,139.000,109.375,0,1
187.500,140.000,109.375,0,1
187.500,141.000,109.375,0,1
187.500,142.000,109.375,0,1
187.500,143.000,109.375,0,1
187.500,144.000,109.375,0,1
187.500,145.000,109.375,0,1
187.500,146.000,109.375,0,1
187.500,147.000,109.375,0,1
187.500,148.000,109.375,0,1
187.500,149.000,109.375,0,1
187.500,150.000,109.375,0,1
187.500,151.000,109.375,0,1
187.500,152.000,109.375,0,1
187.500,153.000,109.375,0,1
187.500,154.000,109.375,0,1
187.500,155.000,109.375,0,1
187.500,156.000,109.375,0,1
187.500,157.000,109.375,0,1
187.500,158.000,109.375,0,1
187.500,159.000,109.375,0,1
187.500,160.000,109.375,0,1
187.500,161.000,109.375,0,1
187.500,162.000,109.375,0,1
187.500,163.000,109.375,0,1
187.500,164.000,109.375,0,1
187.500,165.000,109.375,0,1
187.500,166.000,109.375,0,1
187.500,167.000,109.375,0,1
187.500,168.000,109.375,0,1
187.500,169.000,109.375,0,1
187.500,170.000,109.375,0,1
187.500,171.000,109.375,0,1
187.500,172.000,109.375,0,1
187.500,173.000,109.375,0,1
187.500,174.000,109.375,0,1
187.500,175.000,109.375,0,1
187.500,176.000,109.375,0,1
187.500,177.000,109.375,0,1
187.500,178.000,109.375,0,1
187.500,179.000,109.375,0,1
187.500,180.000,109.375,0,1
190.000,20.000,108.500,1,1
190.000,21.000,108.500,1,1
190.000,22.000,108.500,1,1
190.000,23.000,108.500,1,1
190.000,24.000,108.500,1,1
190.000,25.000,108.500,1,1
190.000,26.000,108.500,1,1
190.000,27.000,108.500,1,1
190.000,28.000,108.500,1,1
190.000,29.000,108.500,1,1
190.000,30.000,108.500,1,1
190.000,31.000,108.500,1,1
190.000,32.000,108.500,1,1
190.000,33.000,108.500,1,1
190.000,34.000,108.500,1,1
190.000,35.000,108.500,1,1
190.000,36.000,108.500,1,1
190.000,37.000,108.500,1,1
190.000,38.000,108.500,1,1
190.000,39.000,108.500,1,1
190.000,40.000,108.500,1,1
190.000,41.000,108.500,1,1
190.000,42.000,108.500,1,1
190.000,43.000,108.500,1,1
190.000,44.000,108.500,1,1
190.000,45.000,108.500,1,1
190.000,46.000,108.500,1,1
190.000,47.000,108.500,1,1
190.000,48.000,108.500,1,1
190.000,49.000,108.500,1,1
190.000,50.000,108.500,1,1
190.000,51.000,108.500,1,1
190.000,52.000,108.500,1,1
190.000,53.000,108.500,1,1
190.000,54.000,108.500,1,1
190.000,55.000,108.500,1,1
190.000,56.000,108.500,1,1
190.000,57.000,108.500,1,1
190.000,58.000,108.500,1,1
190.000,59.000,108.500,1,1
190.000,60.000,108.500,1,1
190.000,61.000,108.500,1,1
190.000,62.000,108.500,1,1
190.000,63.000,108.500,1,1
190.000,64.000,108.500,1,1
190.000,65.000,108.500,1,1
190.000,66.000,108.500,1,1
190.000,67.000,108.500,1,1
190.000,68.000,108.500,1,1
190.000,69.000,108.500,1,1
190.000,70.000,108.500,1,1
190.000,71.000,108.500,1,1
190.000,72.000,108.500,1,1
190.000,73.000,108.500,1,1
190.000,74.000,108.500,1,1
190.000,75.000,108.500,1,1
190.000,76.000,108.500,1,1
190.000,77.000,108.500,1,1
190.000,78.000,108.500,1,1
190.000,79.000,108.500,1,1
190.000,80.000,108.500,1,1
190.000,81.000,108.500,1,1
190.000,82.000,108.500,1,1
190.000,83.000,108.500,1,1
190.000,84.000,108.500,1,1
190.000,85.000,108.500,1,1
190.000,86.000,108.500,1,1
190.000,87.000,108.500,1,1
190.000,88.000,108.500,1,1
190.000,89.000,108.500,1,1
190.000,90.000,108.500,1,1
190.000,91.000,108.500,1,1
190.000,92.000,108.500,1,1
190.000,93.000,108.500,1,1
190.000,94.000,108.500,1,1
190.000,95.000,108.500,1,1
190.000,96.000,108.500,1,1
190.000,97.000,108.500,1,1
190.000,98.000,108.500,1,1
190.000,99.000,108.500,1,1
190.000,100.000,108.500,1,1
190.000,101.000,108.500,1,1
190.000,102.000,108.500,1,1
190.000,103.000,108.500,1,1
190.000,104.000,108.500,1,1
190.000,105.000,108.500,1,1
190.000,106.000,108.500,1,1
190.000,107.000,108.500,1,1
190.000,108.000,108.500,1,1
190.000,109.000,108.500,0,1
190.000,110.000,108.500,0,1
190.000,111.000,108.500,0,1
190.000,112.000,108.500,0,1
190.000,113.000,108.500,0,1
190.000,114.000,108.500,0,1
190.000,115.000,108.500,0,1
190.000,116.000,108.500,0,1
190.000,117.000,108.500,0,1
190.000,118.000,108.500,0,1
190.000,119.000,108.500,0,1
190.000,120.000,108.500,0,1
190.000,121.000,108.500,0,1
190.000,122.000,108.500,0,1
190.000,123.000,108.500,0,1
190.000,124.000,108.500,0,1
190.000,125.000,108.500,0,1
190.000,126.000,108.500,0,1
190.000,127.000,108.500,0,1
190.000,128.000,108.500,0,1
190.000,129.000,108.500,0,1
190.000,130.000,108.500,0,1
190.000,131.000,108.500,0,1
190.000,132.000,108.500,0,1
190.000,133.000,108.500,0,1
190.000,134.000,108.500,0,1
190.000,135.000,108.500,0,1
190.000,136.000,108.500,0,1
190.000,137.000,108.500,0,1
190.000,138.000,108.500,0,1
190.000,139.000,108.500,0,1
190.000,140.000,108.500,0,1
190.000,141.000,108.500,0,1
190.000,142.000,108.500,0,1
190.000,143.000,108.500,0,1
190.000,144.000,108.500,0,1
190.000,145.000,108.500,0,1
190.000,146.000,108.500,0,1
190.000,147.000,108.500,0,1
190.000,148.000,108.500,0,1
190.000,149.000,108.500,0,1
190.000,150.000,108.500,0,1
190.000,151.000,108.500,0,1
190.000,152.000,108.500,0,1
190.000,153.000,108.500,0,1
190.000,154.000,108.500,0,1
190.000,155.000,108.500,0,1
190.000,156.000,108.500,0,1
190.000,157.000,108.500,0,1
190.000,158.000,108.500,0,1
190.000,159.000,108.500,0,1
190.000,160.000,108.500,0,1
190.000,161.000,108.500,0,1
190.000,162.000,108.500,0,1
190.000,163.000,108.500,0,1
190.000,164.000,108.500,0,1
190.000,165.000,108.500,0,1
190.000,166.000,108.500,0,1
190.000,167.000,108.500,0,1
190.000,168.000,108.500,0,1
190.000,169.000,108.500,0,1
190.000,170.000,108.500,0,1
190.000,171.000,108.500,0,1
190.000,172.000,108.500,0,1
190.000,173.000,108.500,0,1
190.000,174.000,108.500,0,1
190.000,175.000,108.500,0,1
190.000,176.000,108.500,0,1
190.000,177.000,108.500,0,1
190.000,178.000,108.500,0,1
190.000,179.000,108.500,0,1
190.000,180.000,108.500,0,1
192.500,20.000,107.625,1,1
192.500,21.000,107.625,1,1
192.500,22.000,107.625,1,1
192.500,23.000,107.625,1,1
192.500,24.000,107.625,1,1
192.500,25.000,107.625,1,1
192.500,26.000,107.625,1,1
192.500,27.000,107.625,1,1
192.500,28.000,107.625,1,1
192.500,29.000,107.625,1,1
192.500,30.000,107.625,1,1
192.500,31.000,107.625,1,1
192.500,32.000,107.625,1,1
192.500,33.000,107.625,1,1
192.500,34.000,107.625,1,1
192.500,35.000,107.625,1,1
192.500,36.000,107.625,1,1
192.500,37.000,107.625,1,1
192.500,38.000,107.625,1,1
192.500,39.000,107.625,1,1
192.500,40.000,107.625,1,1
192.500,41.000,107.625,1,1
192.500,42.000,107.625,1,1
192.500,43.000,107.625,1,1
192.500,44.000,107.625,1,1
192.500,45.000,107.625,1,1
192.500,46.000,107.625,1,1
192.500,47.000,107.625,1,1
192.500,48.000,107.625,1,1
192.500,49.000,107.625,1,1
192.500,50.000,107.625,1,1
192.500,51.000,107.625,1,1
192.500,52.000,107.625,1,1
192.500,53.000,107.625,1,1
192.500,54.000,107.625,1,1
192.500,55.000,107.625,1,1
192.500,56.000,107.625,1,1
192.500,57.000,107.625,1,1
192.500,58.000,107.625,1,1
192.500,59.000,107.625,1,1
192.500,60.000,107.625,1,1
192.500,61.000,107.625,1,1
192.500,62.000,107.625,1,1
192.500,63.000,107.625,1,1
192.500,64.000,107.625,1,1
192.500,65.000,107.625,1,1
192.500,66.000,107.625,1,1
192.500,67.000,107.625,1,1
192.500,68.000,107.625,1,1
192.500,69.000,107.625,1,1
192.500,70.000,107.625,1,1
192.500,71.000,107.625,1,1
192.500,72.000,107.625,1,1
192.500,73.000,107.625,1,1
192.500,74.000,107.625,1,1
192.500,75.000,107.625,1,1
192.500,76.000,107.625,1,1
192.500,77.000,107.625,1,1
192.500,78.000,107.625,1,1
192.500,79.000,107.625,1,1
192.500,80.000,107.625,1,1
192.500,81.000,107.625,1,1
192.500,82.000,107.625,1,1
192.500,83.000,107.625,1,1
192.500,84.000,107.625,1,1
192.500,85.000,107.625,1,1
192.500,86.000,107.625,1,1
192.500,87.000,107.625,1,1
192.500,88.000,107.625,1,1
192.500,89.000,107.625,1,1
192.500,90.000,107.625,1,1
192.500,91.000,107.625,1,1
192.500,92.000,107.625,1,1
192.500,93.000,107.625,1,1
192.500,94.000,107.625,1,1
192.500,95.000,107.625,1,1
192.500,96.000,107.625,1,1
192.500,97.000,107.625,1,1
192.500,98.000,107.625,1,1
192.500,99.000,107.625,1,1
192.500,100.000,107.625,1,1
192.500,101.000,107.625,1,1
192.500,102.000,107.625,1,1
192.500,103.000,107.625,1,1
192.500,104.000,107.625,1,1
192.500,105.000,107.625,1,1
192.500,106.000,107.625,1,1
192.500,107.000,107.625,1,1
192.500,108.000,107.625,0,1
192.500,109.000,107.625,0,1
192.500,110.000,107.625,0,1
192.500,111.000,107.625,0,1
192.500,112.000,107.625,0,1
192.500,113.000,107.625,0,1
192.500,114.000,107.625,0,1
192.500,115.000,107.625,0,1
192.500,116.000,107.625,0,1
192.500,117.000,107.625,0,1
192.500,118.000,107.625,0,1
192.500,119.000,107.625,0,1
192.500,120.000,107.625,0,1
192.500,121.000,107.625,0,1
192.500,122.000,107.625,0,1
192.500,123.000,107.625,0,1
192.500,124.000,107.625,0,1
192.500,125.000,107.625,0,1
192.500,126.000,107.625,0,1
192.500,127.000,107.625,0,1
192.500,128.000,107.625,0,1
192.500,129.000,107.625,0,1
192.500,130.000,107.625,0,1
192.500,131.000,107.625,0,1
192.500,132.000,107.625,0,1
192.500,133.000,107.625,0,1
192.500,134.000,107.625,0,1
192.500,135.000,107.625,0,1
192.500,136.000,107.625,0,1
192.500,137.000,107.625,0,1
192.500,138.000,107.625,0,1
192.500,139.000,107.625,0,1
192.500,140.000,107.625,0,1
192.500,141.000,107.625,0,1
192.500,142.000,107.625,0,1
192.500,143.000,107.625,0,1
192.500,144.000,107.625,0,1
192.500,145.000,107.625,0,1
192.500,146.000,107.625,0,1
192.500,147.000,107.625,0,1
192.500,148.000,107.625,0,1
192.500,149.000,107.625,0,1
192.500,150.000,107.625,0,1
192.500,151.000,107.625,0,1
192.500,152.000,107.625,0,1
192.500,153.000,107.625,0,1
192.500,154.000,107.625,0,1
192.500,155.000,107.625,0,1
192.500,156.000,107.625,0,1
192.500,157.000,107.625,0,1
192.500,158.000,107.625,0,1
192.500,159.000,107.625,0,1
192.500,160.000,107.625,0,1
192.500,161.000,107.625,0,1
192.500,162.000,107.625,0,1
192.500,163.000,107.625,0,1
192.500,164.000,107.625,0,1
192.500,165.000,107.625,0,1
192.500,166.000,107.625,0,1
192.500,167.000,107.625,0,1
192.500,168.000,107.625,0,1
192.500,169.000,107.625,0,1
192.500,170.000,107.625,0,1
192.500,171.000,107.625,0,1
192.500,172.000,107.625,0,1
192.500,173.000,107.625,0,1
192.500,174.000,107.625,0,1
192.500,175.000,107.625,0,1
192.500,176.000,107.625,0,1
192.500,177.000,107.625,0,1
192.500,178.000,107.625,0,1
192.500,179.000,107.625,0,1
192.500,180.000,107.625,0,1
195.000,20.000,106.750,1,1
195.000,21.000,106.750,1,1
195.000,22.000,106.750,1,1
195.000,23.000,106.750,1,1
195.000,24.000,106.750,1,1
195.000,25.000,106.750,1,1
195.000,26.000,106.750,1,1
195.000,27.000,106.750,1,1
195.000,28.000,106.750,1,1
195.000,29.000,106.750,1,1
195.000,30.000,106.750,1,1
195.000,31.000,106.750,1,1
195.000,32.000,106.750,1,1
195.000,33.000,106.750,1,1
195.000,34.000,106.750,1,1
195.000,35.000,106.750,1,1
195.000,36.000,106.750,1,1
195.000,37.000,106.750,1,1
195.000,38.000,106.750,1,1
195.000,39.000,106.750,1,1
195.000,40.000,106.750,1,1
195.000,41.000,106.750,1,1
195.000,42.000,106.750,1,1
195.000,43.000,106.750,1,1
195.000,44.000,106.750,1,1
195.000,45.000,106.750,1,1
195.000,46.000,106.750,1,1
195.000,47.000,106.750,1,1
195.000,48.000,106.750,1,1
195.000,49.000,106.750,1,1
195.000,50.000,106.750,1,1
195.000,51.000,106.750,1,1
195.000,52.000,106.750,1,1
195.000,53.000,106.750,1,1
195.000,54.000,106.750,1,1
195.000,55.000,106.750,1,1
195.000,56.000,106.750,1,1
195.000,57.000,106.750,1,1
195.000,58.000,106.750,1,1
195.000,59.000,106.750,1,1
195.000,60.000,106.750,1,1
195.000,61.000,106.750,1,1
195.000,62.000,106.750,1,1
195.000,63.000,106.750,1,1
195.000,64.000,106.750,1,1
195.000,65.000,106.750,1,1
195.000,66.000,106.750,1,1
195.000,67.000,106.750,1,1
195.000,68.000,106.750,1,1
195.000,69.000,106.750,1,1
195.000,70.000,106.750,1,1
195.000,71.000,106.750,1,1
195.000,72.000,106.750,1,1
195.000,73.000,106.750,1,1
195.000,74.000,106.750,1,1
195.000,75.000,106.750,1,1
195.000,76.000,106.750,1,1
195.000,77.000,106.750,1,1
195.000,78.000,106.750,1,1
195.000,79.000,106.750,1,1
195.000,80.000,106.750,1,1
195.000,81.000,106.750,1,1
195.000,82.000,106.750,1,1
195.000,83.000,106.750,1,1
195.000,84.000,106.750,1,1
195.000,85.000,106.750,1,1
195.000,86.000,106.750,1,1
195.000,87.000,106.750,1,1
195.000,88.000,106.750,1,1
195.000,89.000,106.750,1,1
195.000,90.000,106.750,1,1
195.000,91.000,106.750,1,1
195.000,92.000,106.750,1,1
195.000,93.000,106.750,1,1
195.000,94.000,106.750,1,1
195.000,95.000,106.750,1,1
195.000,96.000,106.750,1,1
195.000,97.000,106.750,1,1
195.000,98.000,106.750,1,1
195.000,99.000,106.750,1,1
195.000,100.000,106.750,1,1
195.000,101.000,106.750,1,1
195.000,102.000,106.750,1,1
195.000,103.000,106.750,1,1
195.000,104.000,106.750,1,1
195.000,105.000,106.750,1,1
195.000,106.000,106.750,1,1
195.000,107.000,106.750,0,1
195.000,108.000,106.750,0,1
195.000,109.000,106.750,0,1
195.000,110.000,106.750,0,1
195.000,111.000,106.750,0,1
195.000,112.000,106.750,0,1
195.000,113.000,106.750,0,1
195.000,114.000,106.750,0,1
195.000,115.000,106.750,0,1
195.000,116.000,106.750,0,1
195.000,117.000,106.750,0,1
195.000,118.000,106.750,0,1
195.000,119.000,106.750,0,1
195.000,120.000,106.750,0,1
195.000,121.000,106.750,0,1
195.000,122.000,106.750,0,1
195.000,123.000,106.750,0,1
195.000,124.000,106.750,0,1
195.000,125.000,106.750,0,1
195.000,126.000,106.750,0,1
195.000,127.000,106.750,0,1
195.000,128.000,106.750,0,1
195.000,129.000,106.750,0,1
195.000,130.000,106.750,0,1
195.000,131.000,106.750,0,1
195.000,132.000,106.750,0,1
195.000,133.000,106.750,0,1
195.000,134.000,106.750,0,1
195.000,135.000,106.750,0,1
195.000,136.000,106.750,0,1
195.000,137.000,106.750,0,1
195.000,138.000,106.750,0,1
195.000,139.000,106.750,0,1
195.000,140.000,106.750,0,1
195.000,141.000,106.750,0,1
195.000,142.000,106.750,0,1
195.000,143.000,106.750,0,1
195.000,144.000,106.750,0,1
195.000,145.000,106.750,0,1
195.000,146.000,106.750,0,1
195.000,147.000,106.750,0,1
195.000,148.000,106.750,0,1
195.000,149.000,106.750,0,1
195.000,150.000,106.750,0,1
195.000,151.000,106.750,0,1
195.000,152.000,106.750,0,1
195.000,153.000,106.750,0,1
195.000,154.000,106.750,0,1
195.000,155.000,106.750,0,1
195.000,156.000,106.750,0,1
195.000,157.000,106.750,0,1
195.000,158.000,106.750,0,1
195.000,159.000,106.750,0,1
195.000,160.000,106.750,0,1
195.000,161.000,106.750,0,1
195.000,162.000,106.750,0,1
195.000,163.000,106.750,0,1
195.000,164.000,106.750,0,1
195.000,165.000,106.750,0,1
195.000,166.000,106.750,0,1
195.000,167.000,106.750,0,1
195.000,168.000,106.750,0,1
195.000,169.000,106.750,0,1
195.000,170.000,106.750,0,1
195.000,171.000,106.750,0,1
195.000,172.000,106.750,0,1
195.000,173.000,106.750,0,1
195.000,174.000,106.750,0,1
195.000,175.000,106.750,0,1
195.000,176.000,106.750,0,1
195.000,177.000,106.750,0,1
195.000,178.000,106.750,0,1
195.000,179.000,106.750,0,1
195.000,180.000,106.750,0,1
197.500,20.000,105.875,1,1
197.500,21.000,105.875,1,1
197.500,22.000,105.875,1,1
197.500,23.000,105.875,1,1
197.500,24.000,105.875,1,1
197.500,25.000,105.875,1,1
197.500,26.000,105.875,1,1
197.500,27.000,105.875,1,1
197.500,28.000,105.875,1,1
197.500,29.000,105.875,1,1
197.500,30.000,105.875,1,1
197.500,31.000,105.875,1,1
197.500,32.000,105.875,1,1
197.500,33.000,105.875,1,1
197.500,34.000,105.875,1,1
197.500,35.000,105.875,1,1
197.500,36.000,105.875,1,1
197.500,37.000,105.875,1,1
197.500,38.000,105.875,1,1
197.500,39.000,105.875,1,1
197.500,40.000,105.875,1,1
197.500,41.000,105.875,1,1
197.500,42.000,105.875,1,1
197.500,43.000,105.875,1,1
197.500,44.000,105.875,1,1
197.500,45.000,105.875,1,1
197.500,46.000,105.875,1,1
197.500,47.000,105.875,1,1
197.500,48.000,105.875,1,1
197.500,49.000,105.875,1,1
197.500,50.000,105.875,1,1
197.500,51.000,105.875,1,1
197.500,52.000,105.875,1,1
197.500,53.000,105.875,1,1
197.500,54.000,105.875,1,1
197.500,55.000,105.875,1,1
197.500,56.000,105.875,1,1
197.500,57.000,105.875,1,1
197.500,58.000,105.875,1,1
197.500,59.000,105.875,1,1
197.500,60.000,105.875,1,1
197.500,61.000,105.875,1,1
197.500,62.000,105.875,1,1
197.500,63.000,105.875,1,1
197.500,64.000,105.875,1,1
197.500,65.000,105.875,1,1
197.500,66.000,105.875,1,1
197.500,67.000,105.875,1,1
197.500,68.000,105.875,1,1
197.500,69.000,105.875,1,1
197.500,70.000,105.875,1,1
197.500,71.000,105.875,1,1
197.500,72.000,105.875,1,1
197.500,73.000,105.875,1,1
197.500,74.000,105.875,1,1
197.500,75.000,105.875,1,1
197.500,76.000,105.875,1,1
197.500,77.000,105.875,1,1
197.500,78.000,105.875,1,1
197.500,79.000,105.875,1,1
197.500,80.000,105.875,1,1
197.500,81.000,105.875,1,1
197.500,82.000,105.875,1,1
197.500,83.000,105.875,1,1
197.500,84.000,105.875,1,1
197.500,85.000,105.875,1,1
197.500,86.000,105.875,1,1
197.500,87.000,105.875,1,1
197.500,88.000,105.875,1,1
197.500,89.000,105.875,1,1
197.500,90.000,105.875,1,1
197.500,91.000,105.875,1,1
197.500,92.000,105.875,1,1
197.500,93.000,105.875,1,1
197.500,94.000,105.875,1,1
197.500,95.000,105.875,1,1
197.500,96.000,105.875,1,1
197.500,97.000,105.875,1,1
197.500,98.000,105.875,1,1
197.500,99.000,105.875,1,1
197.500,100.000,105.875,1,1
197.500,101.000,105.875,1,1
197.500,102.000,105.875,1,1
197.500,103.000,105.875,1,1
197.500,104.000,105.875,1,1
197.500,105.000,105.875,1,1
197.500,106.000,105.875,0,1
197.500,107.000,105.875,0,1
197.500,108.000,105.875,0,1
197.500,109.000,105.875,0,1
197.500,110.000,105.875,0,1
197.500,111.000,105.875,0,1
197.500,112.000,105.875,0,1
197.500,113.000,105.875,0,1
197.500,114.000,105.875,0,1
197.500,115.000,105.875,0,1
197.500,116.000,105.875,0,1
197.500,117.000,105.875,0,1
197.500,118.000,105.875,0,1
197.500,119.000,105.875,0,1
197.500,120.000,105.875,0,1
197.500,121.000,105.875,0,1
197.500,122.000,105.875,0,1
197.500,123.000,105.875,0,1
197.500,124.000,105.875,0,1
197.500,125.000,105.875,0,1
197.500,126.000,105.875,0,1
197.500,127.000,105.875,0,1
197.500,128.000,105.875,0,1
197.500,129.000,105.875,0,1
197.500,130.000,105.875,0,1
197.500,131.000,105.875,0,1
197.500,132.000,105.875,0,1
197.500,133.000,105.875,0,1
197.500,134.000,105.875,0,1
197.500,135.000,105.875,0,1
197.500,136.000,105.875,0,1
197.500,137.000,105.875,0,1
197.500,138.000,105.875,0,1
197.500,139.000,105.875,0,1
197.500,140.000,105.875,0,1
197.500,141.000,105.875,0,1
197.500,142.000,105.875,0,1
197.500,143.000,105.875,0,1
197.500,144.000,105.875,0,1
197.500,145.000,105.875,0,1
197.500,146.000,105.875,0,1
197.500,147.000,105.875,0,1
197.500,148.000,105.875,0,1
197.500,149.000,105.875,0,1
197.500,150.000,105.875,0,1
197.500,151.000,105.875,0,1
197.500,152.000,105.875,0,1
197.500,153.000,105.875,0,1
197.500,154.000,105.875,0,1
197.500,155.000,105.875,0,1
197.500,156.000,105.875,0,1
197.500,157.000,105.875,0,1
197.500,158.000,105.875,0,1
197.500,159.000,105.875,0,1
197.500,160.000,105.875,0,1
197.500,161.000,105.875,0,1
197.500,162.000,105.875,0,1
197.500,163.000,105.875,0,1
197.500,164.000,105.875,0,1
197.500,165.000,105.875,0,1
197.500,166.000,105.875,0,1
197.500,167.000,105.875,0,1
197.500,168.000,105.875,0,1
197.500,169.000,105.875,0,1
197.500,170.000,105.875,0,1
197.500,171.000,105.875,0,1
197.500,172.000,105.875,0,1
197.500,173.000,105.875,0,1
197.500,174.000,105.875,0,1
197.500,175.000,105.875,0,1
197.500,176.000,105.875,0,1
197.500,177.000,105.875,0,1
197.500,178.000,105.875,0,1
197.500,179.000,105.875,0,1
197.500,180.000,105.875,0,1
200.000,20.000,105.000,1,1
200.000,21.000,105.000,1,1
200.000,22.000,105.000,1,1
200.000,23.000,105.000,1,1
200.000,24.000,105.000,1,1
200.000,25.000,105.000,1,1
200.000,26.000,105.000,1,1
200.000,27.000,105.000,1,1
200.000,28.000,105.000,1,1
200.000,29.000,105.000,1,1
200.000,30.000,105.000,1,1
200.000,31.000,105.000,1,1
200.000,32.000,105.000,1,1
200.000,33.000,105.000,1,1
200.000,34.000,105.000,1,1
200.000,35.000,105.000,1,1
200.000,36.000,105.000,1,1
200.000,37.000,105.000,1,1
200.000,38.000,105.000,1,1
200.000,39.000,105.000,1,1
200.000,40.000,105.000,1,1
200.000,41.000,105.000,1,1
200.000,42.000,105.000,1,1
200.000,43.000,105.000,1,1
200.000,44.000,105.000,1,1
200.000,45.000,105.000,1,1
200.000,46.000,105.000,1,1
200.000,47.000,105.000,1,1
200.000,48.000,105.000,1,1
200.000,49.000,105.000,1,1
200.000,50.000,105.000,1,1
200.000,51.000,105.000,1,1
200.000,52.000,105.000,1,1
200.000,53.000,105.000,1,1
200.000,54.000,105.000,1,1
200.000,55.000,105.000,1,1
200.000,56.000,105.000,1,1
200.000,57.000,105.000,1,1
200.000,58.000,105.000,1,1
200.000,59.000,105.000,1,1
200.000,60.000,105.000,1,1
200.000,61.000,105.000,1,1
200.000,62.000,105.000,1,1
200.000,63.000,105.000,1,1
200.000,64.000,105.000,1,1
200.000,65.000,105.000,1,1
200.000,66.000,105.000,1,1
200.000,67.000,105.000,1,1
200.000,68.000,105.000,1,1
200.000,69.000,105.000,1,1
200.000,70.000,105.000,1,1
200.000,71.000,105.000,1,1
200.000,72.000,105.000,1,1
200.000,73.000,105.000,1,1
200.000,74.000,105.000,1,1
200.000,75.000,105.000,1,1
200.000,76.000,105.000,1,1
200.000,77.000,105.000,1,1
200.000,78.000,105.000,1,1
200.000,79.000,105.000,1,1
200.000,80.000,105.000,1,1
200.000,81.000,105.000,1,1
200.000,82.000,105.000,1,1
200.000,83.000,105.000,1,1
200.000,84.000,105.000,1,1
200.000,85.000,105.000,1,1
200.000,86.000,105.000,1,1
200.000,87.000,105.000,1,1
200.000,88.000,105.000,1,1
200.000,89.000,105.000,1,1
200.000,90.000,105.000,1,1
200.000,91.000,105.000,1,1
200.000,92.000,105.000,1,1
200.000,93.000,105.000,1,1
200.000,94.000,105.000,1,1
200.000,95.000,105.000,1,1
200.000,96.000,105.000,1,1
200.000,97.000,105.000,1,1
200.000,98.000,105.000,1,1
200.000,99.000,105.000,1,1
200.000,100.000,105.000,1,1
200.000,101.000,105.000,1,1
200.000,102.000,105.000,1,1
200.000,103.000,105.000,1,1
200.000,104.000,105.000,1,1
200.000,105.000,105.000,1,1
200.000,106.000,105.000,0,1
200.000,107.000,105.000,0,1
200.000,108.000,105.000,0,1
200.000,109.000,105.000,0,1
200.000,110.000,105.000,0,1
200.000,111.000,105.000,0,1
200.000,112.000,105.000,0,1
200.000,113.000,105.000,0,1
200.000,114.000,105.000,0,1
200.000,115.000,105.000,0,1
200.000,116.000,105.000,0,1
200.000,117.000,105.000,0,1
200.000,118.000,105.000,0,1
200.000,119.000,105.000,0,1
200.000,120.000,105.000,0,1
200.000,121.000,105.000,0,1
200.000,122.000,105.000,0,1
200.000,123.000,105.000,0,1
200.000,124.000,105.000,0,1
200.000,125.000,105.000,0,1
200.000,126.000,105.000,0,1
200.000,127.000,105.000,0,1
200.000,128.000,105.000,0,1
200.000,129.000,105.000,0,1
200.000,130.000,105.000,0,1
200.000,131.000,105.000,0,1
200.000,132.000,105.000,0,1
200.000,133.000,105.000,0,1
200.000,134.000,105.000,0,1
200.000,135.000,105.000,0,1
200.000,136.000,105.000,0,1
200.000,137.000,105.000,0,1
200.000,138.000,105.000,0,1
200.000,139.000,105.000,0,1
200.000,140.000,105.000,0,1
200.000,141.000,105.000,0,1
200.000,142.000,105.000,0,1
200.000,143.000,105.000,0,1
200.000,144.000,105.000,0,1
200.000,145.000,105.000,0,1
200.000,146.000,105.000,0,1
200.000,147.000,105.000,0,1
200.000,148.000,105.000,0,1
200.000,149.000,105.000,0,1
200.000,150.000,105.000,0,1
200.000,151.000,105.000,0,1
200.000,152.000,105.000,0,1
200.000,153.000,105.000,0,1
200.000,154.000,105.000,0,1
200.000,155.000,105.000,0,1
200.000,156.000,105.000,0,1
200.000,157.000,105.000,0,1
200.000,158.000,105.000,0,1
200.000,159.000,105.000,0,1
200.000,160.000,105.000,0,1
200.000,161.000,105.000,0,1
200.000,162.000,105.000,0,1
200.000,163.000,105.000,0,1
200.000,164.000,105.000,0,1
200.000,165.000,105.000,0,1
200.000,166.000,105.000,0,1
200.000,167.000,105.000,0,1
200.000,168.000,105.000,0,1
200.000,169.000,105.000,0,1
200.000,170.000,105.000,0,1
200.000,171.000,105.000,0,1
200.000,172.000,105.000,0,1
200.000,173.000,105.000,0,1
200.000,174.000,105.000,0,1
200.000,175.000,105.000,0,1
200.000,176.000,105.000,0,1
200.000,177.000,105.000,0,1
200.000,178.000,105.000,0,1
200.000,179.000,105.000,0,1
200.000,180.000,105.000,0,1
202.500,20.000,104.125,1,1
202.500,21.000,104.125,1,1
202.500,22.000,104.125,1,1
202.500,23.000,104.125,1,1
202.500,24.000,104.125,1,1
202.500,25.000,104.125,1,1
202.500,26.000,104.125,1,1
202.500,27.000,104.125,1,1
202.500,28.000,104.125,1,1
202.500,29.000,104.125,1,1
202.500,30.000,104.125,1,1
202.500,31.000,104.125,1,1
202.500,32.000,104.125,1,1
202.500,33.000,104.125,1,1
202.500,34.000,104.125,1,1
202.500,35.000,104.125,1,1
202.500,36.000,104.125,1,1
202.500,37.000,104.125,1,1
202.500,38.000,104.125,1,1
202.500,39.000,104.125,1,1
202.500,40.000,104.125,1,1
202.500,41.000,104.125,1,1
202.500,42.000,104.125,1,1
202.500,43.000,104.125,1,1
202.500,44.000,104.125,1,1
202.500,45.000,104.125,1,1
202.500,46.000,104.125,1,1
202.500,47.000,104.125,1,1
202.500,48.000,104.125,1,1
202.500,49.000,104.125,1,1
202.500,50.000,104.125,1,1
202.500,51.000,104.125,1,1
202.500,52.000,104.125,1,1
202.500,53.000,104.125,1,1
202.500,54.000,104.125,1,1
202.500,55.000,104.125,1,1
202.500,56.000,104.125,1,1
202.500,57.000,104.125,1,1
202.500,58.000,104.125,1,1
202.500,59.000,104.125,1,1
202.500,60.000,104.125,1,1
202.500,61.000,104.125,1,1
202.500,62.000,104.125,1,1
202.500,63.000,104.125,1,1
202.500,64.000,104.125,1,1
202.500,65.000,104.125,1,1
202.500,66.000,104.125,1,1
202.500,67.000,104.125,1,1
202.500,68.000,104.125,1,1
202.500,69.000,104.125,1,1
202.500,70.000,104.125,1,1
202.500,71.000,104.125,1,1
202.500,72.000,104.125,1,1
202.500,73.000,104.125,1,1
202.500,74.000,104.125,1,1
202.500,75.000,104.125,1,1
202.500,76.000,104.125,1,1
202.500,77.000,104.125,1,1
202.500,78.000,104.125,1,1
202.500,79.000,104.125,1,1
202.500,80.000,104.125,1,1
202.500,81.000,104.125,1,1
202.500,82.000,104.125,1,1
202.500,83.000,104.125,1,1
202.500,84.000,104.125,1,1
202.500,85.000,104.125,1,1
202.500,86.000,104.125,1,1
202.500,87.000,104.125,1,1
202.500,88.000,104.125,1,1
202.500,89.000,104.125,1,1
202.500,90.000,104.125,1,1
202.500,91.000,104.125,1,1
202.500,92.000,104.125,1,1
202.500,93.000,104.125,1,1
202.500,94.000,104.125,1,1
202.500,95.000,104.125,1,1
202.500,96.000,104.125,1,1
202.500,97.000,104.125,1,1
202.500,98.000,104.125,1,1
202.500,99.000,104.125,1,1
202.500,100.000,104.125,1,1
202.500,101.000,104.125,1,1
202.500,102.000,104.125,1,1
202.500,103.000,104.125,1,1
202.500,104.000,104.125,1,1
202.500,105.000,104.125,0,1
202.500,106.000,104.125,0,1
202.500,107.000,104.125,0,1
202.500,108.000,104.125,0,1
202.500,109.000,104.125,0,1
202.500,110.000,104.125,0,1
202.500,111.000,104.125,0,1
202.500,112.000,104.125,0,1
202.500,113.000,104.125,0,1
202.500,114.000,104.125,0,1
202.500,115.000,104.125,0,1
202.500,116.000,104.125,0,1
202.500,117.000,104.125,0,1
202.500,118.000,104.125,0,1
202.500,119.000,104.125,0,1
202.500,120.000,104.125,0,1
202.500,121.000,104.125,0,1
202.500,122.000,104.125,0,1
202.500,123.000,104.125,0,1
202.500,124.000,104.125,0,1
202.500,125.000,104.125,0,1
202.500,126.000,104.125,0,1
202.500,127.000,104.125,0,1
202.500,128.000,104.125,0,1
202.500,129.000,104.125,0,1
202.500,130.000,104.125,0,1
202.500,131.000,104.125,0,1
202.500,132.000,104.125,0,1
202.500,133.000,104.125,0,1
202.500,134.000,104.125,0,1
202.500,135.000,104.125,0,1
202.500,136.000,104.125,0,1
202.500,137.000,104.125,0,1
202.500,138.000,104.125,0,1
202.500,139.000,104.125,0,1
202.500,140.000,104.125,0,1
202.500,141.000,104.125,0,1
202.500,142.000,104.125,0,1
202.500,143.000,104.125,0,1
202.500,144.000,104.125,0,1
202.500,145.000,104.125,0,1
202.500,146.000,104.125,0,1
202.500,147.000,104.125,0,1
202.500,148.000,104.125,0,1
202.500,149.000,104.125,0,1
202.500,150.000,104.125,0,1
202.500,151.000,104.125,0,1
202.500,152.000,104.125,0,1
202.500,153.000,104.125,0,1
202.500,154.000,104.125,0,1
202.500,155.000,104.125,0,1
202.500,156.000,104.125,0,1
202.500,157.000,104.125,0,1
202.500,158.000,104.125,0,1
202.500,159.000,104.125,0,1
202.500,160.000,104.125,0,1
202.500,161.000,104.125,0,1
202.500,162.000,104.125,0,1
202.500,163.000,104.125,0,1
202.500,164.000,104.125,0,1
202.500,165.000,104.125,0,1
202.500,166.000,104.125,0,1
202.500,167.000,104.125,0,1
202.500,168.000,104.125,0,1
202.500,169.000,104.125,0,1
202.500,170.000,104.125,0,1
202.500,171.000,104.125,0,1
202.500,172.000,104.125,0,1
202.500,173.000,104.125,0,1
202.500,174.000,104.125,0,1
202.500,175.000,104.125,0,1
202.500,176.000,104.125,0,1
202.500,177.000,104.125,0,1
202.500,178.000,104.125,0,1
202.500,179.000,104.125,0,1
202.500,180.000,104.125,0,1
205.000,20.000,103.250,1,1
205.000,21.000,103.250,1,1
205.000,22.000,103.250,1,1
205.000,23.000,103.250,1,1
205.000,24.000,103.250,1,1
205.000,25.000,103.250,1,1
205.000,26.000,103.250,1,1
205.000,27.000,103.250,1,1
205.000,28.000,103.250,1,1
205.000,29.000,103.250,1,1
205.000,30.000,103.250,1,1
205.000,31.000,103.250,1,1
205.000,32.000,103.250,1,1
205.000,33.000,103.250,1,1
205.000,34.000,103.250,1,1
205.000,35.000,103.250,1,1
205.000,36.000,103.250,1,1
205.000,37.000,103.250,1,1
205.000,38.000,103.250,1,1
205.000,39.000,103.250,1,1
205.000,40.000,103.250,1,1
205.000,41.000,103.250,1,1
205.000,42.000,103.250,1,1
205.000,43.000,103.250,1,1
205.000,44.000,103.250,1,1
205.000,45.000,103.250,1,1
205.000,46.000,103.250,1,1
205.000,47.000,103.250,1,1
205.000,48.000,103.250,1,1
205.000,49.000,103.250,1,1
205.000,50.000,103.250,1,1
205.000,51.000,103.250,1,1
205.000,52.000,103.250,1,1
205.000,53.000,103.250,1,1
205.000,54.000,103.250,1,1
205.000,55.000,103.250,1,1
205.000,56.000,103.250,1,1
205.000,57.000,103.250,1,1
205.000,58.000,103.250,1,1
205.000,59.000,103.250,1,1
205.000,60.000,103.250,1,1
205.000,61.000,103.250,1,1
205.000,62.000,103.250,1,1
205.000,63.000,103.250,1,1
205.000,64.000,103.250,1,1
205.000,65.000,103.250,1,1
205.000,66.000,103.250,1,1
205.000,67.000,103.250,1,1
205.000,68.000,103.250,1,1
205.000,69.000,103.250,1,1
205.000,70.000,103.250,1,1
205.000,71.000,103.250,1,1
205.000,72.000,103.250,1,1
205.000,73.000,103.250,1,1
205.000,74.000,103.250,1,1
205.000,75.000,103.250,1,1
205.000,76.000,103.250,1,1
205.000,77.000,103.250,1,1
205.000,78.000,103.250,1,1
205.000,79.000,103.250,1,1
205.000,80.000,103.250,1,1
205.000,81.000,103.250,1,1
205.000,82.000,103.250,1,1
205.000,83.000,103.250,1,1
205.000,84.000,103.250,1,1
205.000,85.000,103.250,1,1
205.000,86.000,103.250,1,1
205.000,87.000,103.250,1,1
205.000,88.000,103.250,1,1
205.000,89.000,103.250,1,1
205.000,90.000,103.250,1,1
205.000,91.000,103.250,1,1
205.000,92.000,103.250,1,1
205.000,93.000,103.250,1,1
205.000,94.000,103.250,1,1
205.000,95.000,103.250,1,1
205.000,96.000,103.250,1,1
205.000,97.000,103.250,1,1
205.000,98.000,103.250,1,1
205.000,99.000,103.250,1,1
205.000,100.000,103.250,1,1
205.000,101.000,103.250,1,1
205.000,102.000,103.250,1,1
205.000,103.000,103.250,1,1
205.000,104.000,103.250,0,1
205.000,105.000,103.250,0,1
205.000,106.000,103.250,0,1
205.000,107.000,103.250,0,1
205.000,108.000,103.250,0,1
205.000,109.000,103.250,0,1
205.000,110.000,103.250,0,1
205.000,111.000,103.250,0,1
205.000,112.000,103.250,0,1
205.000,113.000,103.250,0,1
205.000,114.000,103.250,0,1
205.000,115.000,103.250,0,1
205.000,116.000,103.250,0,1
205.000,117.000,103.250,0,1
205.000,118.000,103.250,0,1
205.000,119.000,103.250,0,1
205.000,120.000,103.250,0,1
205.000,121.000,103.250,0,1
205.000,122.000,103.250,0,1
205.000,123.000,103.250,0,1
205.000,124.000,103.250,0,1
205.000,125.000,103.250,0,1
205.000,126.000,103.250,0,1
205.000,127.000,103.250,0,1
205.000,128.000,103.250,0,1
205.000,129.000,103.250,0,1
205.000,130.000,103.250,0,1
205.000,131.000,103.250,0,1
205.000,132.000,103.250,0,1
205.000,133.000,103.250,0,1
205.000,134.000,103.250,0,1
205.000,135.000,103.250,0,1
205.000,136.000,103.250,0,1
205.000,137.000,103.250,0,1
205.000,138.000,103.250,0,1
205.000,139.000,103.250,0,1
205.000,140.000,103.250,0,1
205.000,141.000,103.250,0,1
205.000,142.000,103.250,0,1
205.000,143.000,103.250,0,1
205.000,144.000,103.250,0,1
205.000,145.000,103.250,0,1
205.000,146.000,103.250,0,1
205.000,147.000,103.250,0,1
205.000,148.000,103.250,0,1
205.000,149.000,103.250,0,1
205.000,150.000,103.250,0,1
205.000,151.000,103.250,0,1
205.000,152.000,103.250,0,1
205.000,153.000,103.250,0,1
205.000,154.000,103.250,0,1
205.000,155.000,103.250,0,1
205.000,156.000,103.250,0,1
205.000,157.000,103.250,0,1
205.000,158.000,103.250,0,1
205.000,159.000,103.250,0,1
205.000,160.000,103.250,0,1
205.000,161.000,103.250,0,1
205.000,162.000,103.250,0,1
205.000,163.000,103.250,0,1
205.000,164.000,103.250,0,1
205.000,165.000,103.250,0,1
205.000,166.000,103.250,0,1
205.000,167.000,103.250,0,1
205.000,168.000,103.250,0,1
205.000,169.000,103.250,0,1
205.000,170.000,103.250,0,1
205.000,171.000,103.250,0,1
205.000,172.000,103.250,0,1
205.000,173.000,103.250,0,1
205.000,174.000,103.250,0,1
205.000,175.000,103.250,0,1
205.000,176.000,103.250,0,1
205.000,177.000,103.250,0,1
205.000,178.000,103.250,0,1
205.000,179.000,103.250,0,1
205.000,180.000,103.250,0,1
207.500,20.000,102.375,1,1
207.500,21.000,102.375,1,1
207.500,22.000,102.375,1,1
207.500,23.000,102.375,1,1
207.500,24.000,102.375,1,1
207.500,25.000,102.375,1,1
207.500,26.000,102.375,1,1
207.500,27.000,102.375,1,1
207.500,28.000,102.375,1,1
207.500,29.000,102.375,1,1
207.500,30.000,102.375,1,1
207.500,31.000,102.375,1,1
207.500,32.000,102.375,1,1
207.500,33.000,102.375,1,1
207.500,34.000,102.375,1,1
207.500,35.000,102.375,1,1
207.500,36.000,102.375,1,1
207.500,37.000,102.375,1,1
207.500,38.000,102.375,1,1
207.500,39.000,102.375,1,1
207.500,40.000,102.375,1,1
207.500,41.000,102.375,1,1
207.500,42.000,102.375,1,1
207.500,43.000,102.375,1,1
207.500,44.000,102.375,1,1
207.500,45.000,102.375,1,1
207.500,46.000,102.375,1,1
207.500,47.000,102.375,1,1
207.500,48.000,102.375,1,1
207.500,49.000,102.375,1,1
207.500,50.000,102.375,1,1
207.500,51.000,102.375,1,1
207.500,52.000,102.375,1,1
207.500,53.000,102.375,1,1
207.500,54.000,102.375,1,1
207.500,55.000,102.375,1,1
207.500,56.000,102.375,1,1
207.500,57.000,102.375,1,1
207.500,58.000,102.375,1,1
207.500,59.000,102.375,1,1
207.500,60.000,102.375,1,1
207.500,61.000,102.375,1,1
207.500,62.000,102.375,1,1
207.500,63.000,102.375,1,1
207.500,64.000,102.375,1,1
207.500,65.000,102.375,1,1
207.500,66.000,102.375,1,1
207.500,67.000,102.375,1,1
207.500,68.000,102.375,1,1
207.500,69.000,102.375,1,1
207.500,70.000,102.375,1,1
207.500,71.000,102.375,1,1
207.500,72.000,102.375,1,1
207.500,73.000,102.375,1,1
207.500,74.000,102.375,1,1
207.500,75.000,102.375,1,1
207.500,76.000,102.375,1,1
207.500,77.000,102.375,1,1
207.500,78.000,102.375,1,1
207.500,79.000,102.375,1,1
207.500,80.000,102.375,1,1
207.500,81.000,102.375,1,1
207.500,82.000,102.375,1,1
207.500,83.000,102.375,1,1
207.500,84.000,102.375,1,1
207.500,85.000,102.375,1,1
207.500,86.000,102.375,1,1
207.500,87.000,102.375,1,1
207.500,88.000,102.375,1,1
207.500,89.000,102.375,1,1
207.500,90.000,102.375,1,1
207.500,91.000,102.375,1,1
207.500,92.000,102.375,1,1
207.500,93.000,102.375,1,1
207.500,94.000,102.375,1,1
207.500,95.000,102.375,1,1
207.500,96.000,102.375,1,1
207.500,97.000,102.375,1,1
207.500,98.000,102.375,1,1
207.500,99.000,102.375,1,1
207.500,100.000,102.375,1,1
207.500,101.000,102.375,1,1
207.500,102.000,102.375,1,1
207.500,103.000,102.375,0,1
207.500,104.000,102.375,0,1
207.500,105.000,102.375,0,1
207.500,106.000,102.375,0,1
207.500,107.000,102.375,0,1
207.500,108.000,102.375,0,1
207.500,109.000,102.375,0,1
207.500,110.000,102.375,0,1
207.500,111.000,102.375,0,1
207.500,112.000,102.375,0,1
207.500,113.000,102.375,0,1
207.500,114.000,102.375,0,1
207.500,115.000,102.375,0,1
207.500,116.000,102.375,0,1
207.500,117.000,102.375,0,1
207.500,118.000,102.375,0,1
207.500,119.000,102.375,0,1
207.500,120.000,102.375,0,1
207.500,121.000,102.375,0,1
207.500,122.000,102.375,0,1
207.500,123.000,102.375,0,1
207.500,124.000,102.375,0,1
207.500,125.000,102.375,0,1
207.500,126.000,102.375,0,1
207.500,127.000,102.375,0,1
207.500,128.000,102.375,0,1
207.500,129.000,102.375,0,1
207.500,130.000,102.375,0,1
207.500,131.000,102.375,0,1
207.500,132.000,102.375,0,1
207.500,133.000,102.375,0,1
207.500,134.000,102.375,0,1
207.500,135.000,102.375,0,1
207.500,136.000,102.375,0,1
207.500,137.000,102.375,0,1
207.500,138.000,102.375,0,1
207.500,139.000,102.375,0,1
207.500,140.000,102.375,0,1
207.500,141.000,102.375,0,1
207.500,142.000,102.375,0,1
207.500,143.000,102.375,0,1
207.500,144.000,102.375,0,1
207.500,145.000,102.375,0,1
207.500,146.000,102.375,0,1
207.500,147.000,102.375,0,1
207.500,148.000,102.375,0,1
207.500,149.000,102.375,0,1
207.500,150.000,102.375,0,1
207.500,151.000,102.375,0,1
207.500,152.000,102.375,0,1
207.500,153.000,102.375,0,1
207.500,154.000,102.375,0,1
207.500,155.000,102.375,0,1
207.500,156.000,102.375,0,1
207.500,157.000,102.375,0,1
207.500,158.000,102.375,0,1
207.500,159.000,102.375,0,1
207.500,160.000,102.375,0,1
207.500,161.000,102.375,0,1
207.500,162.000,102.375,0,1
207.500,163.000,102.375,0,1
207.500,164.000,102.375,0,1
207.500,165.000,102.375,0,1
207.500,166.000,102.375,0,1
207.500,167.000,102.375,0,1
207.500,168.000,102.375,0,1
207.500,169.000,102.375,0,1
207.500,170.000,102.375,0,1
207.500,171.000,102.375,0,1
207.500,172.000,102.375,0,1
207.500,173.000,102.375,0,1
207.500,174.000,102.375,0,1
207.500,175.000,102.375,0,1
207.500,176.000,102.375,0,1
207.500,177.000,102.375,0,1
207.500,178.000,102.375,0,1
207.500,179.000,102.375,0,1
207.500,180.000,102.375,0,1
210.000,20.000,101.500,1,1
210.000,21.000,101.500,1,1
210.000,22.000,101.500,1,1
210.000,23.000,101.500,1,1
210.000,24.000,101.500,1,1
210.000,25.000,101.500,1,1
210.000,26.000,101.500,1,1
210.000,27.000,101.500,1,1
210.000,28.000,101.500,1,1
210.000,29.000,101.500,1,1
210.000,30.000,101.500,1,1
210.000,31.000,101.500,1,1
210.000,32.000,101.500,1,1
210.000,33.000,101.500,1,1
210.000,34.000,101.500,1,1
210.000,35.000,101.500,1,1
210.000,36.000,101.500,1,1
210.000,37.000,101.500,1,1
210.000,38.000,101.500,1,1
210.000,39.000,101.500,1,1
210.000,40.000,101.500,1,1
210.000,41.000,101.500,1,1
210.000,42.000,101.500,1,1
210.000,43.000,101.500,1,1
210.000,44.000,101.500,1,1
210.000,45.000,101.500,1,1
210.000,46.000,101.500,1,1
210.000,47.000,101.500,1,1
210.000,48.000,101.500,1,1
210.000,49.000,101.500,1,1
210.000,50.000,101.500,1,1
210.000,51.000,101.500,1,1
210.000,52.000,101.500,1,1
210.000,53.000,101.500,1,1
210.000,54.000,101.500,1,1
210.000,55.000,101.500,1,1
210.000,56.000,101.500,1,1
210.000,57.000,101.500,1,1
210.000,58.000,101.500,1,1
210.000,59.000,101.500,1,1
210.000,60.000,101.500,1,1
210.000,61.000,101.500,1,1
210.000,62.000,101.500,1,1
210.000,63.000,101.500,1,1
210.000,64.000,101.500,1,1
210.000,65.000,101.500,1,1
210.000,66.000,101.500,1,1
210.000,67.000,101.500,1,1
210.000,68.000,101.500,1,1
210.000,69.000,101.500,1,1
210.000,70.000,101.500,1,1
210.000,71.000,101.500,1,1
210.000,72.000,101.500,1,1
210.000,73.000,101.500,1,1
210.000,74.000,101.500,1,1
210.000,75.000,101.500,1,1
210.000,76.000,101.500,1,1
210.000,77.000,101.500,1,1
210.000,78.000,101.500,1,1
210.000,79.000,101.500,1,1
210.000,80.000,101.500,1,1
210.000,81.000,101.500,1,1
210.000,82.000,101.500,1,1
210.000,83.000,101.500,1,1
210.000,84.000,101.500,1,1
210.000,85.000,101.500,1,1
210.000,86.000,101.500,1,1
210.000,87.000,101.500,1,1
210.000,88.000,101.500,1,1
210.000,89.000,101.500,1,1
210.000,90.000,101.500,1,1
210.000,91.000,101.500,1,1
210.000,92.000,101.500,1,1
210.000,93.000,101.500,1,1
210.000,94.000,101.500,1,1
210.000,95.000,101.500,1,1
210.000,96.000,101.500,1,1
210.000,97.000,101.500,1,1
210.000,98.000,101.500,1,1
210.000,99.000,101.500,1,1
210.000,100.000,101.500,1,1
210.000,101.000,101.500,1,1
210.000,102.000,101.500,0,1
210.000,103.000,101.500,0,1
210.000,104.000,101.500,0,1
210.000,105.000,101.500,0,1
210.000,106.000,101.500,0,1
210.000,107.000,101.500,0,1
210.000,108.000,101.500,0,1
210.000,109.000,101.500,0,1
210.000,110.000,101.500,0,1
210.000,111.000,101.500,0,1
210.000,112.000,101.500,0,1
210.000,113.000,101.500,0,1
210.000,114.000,101.500,0,1
210.000,115.000,101.500,0,1
210.000,116.000,101.500,0,1
210.000,117.000,101.500,0,1
210.000,118.000,101.500,0,1
210.000,119.000,101.500,0,1
210.000,120.000,101.500,0,1
210.000,121.000,101.500,0,1
210.000,122.000,101.500,0,1
210.000,123.000,101.500,0,1
210.000,124.000,101.500,0,1
210.000,125.000,101.500,0,1
210.000,126.000,101.500,0,1
210.000,127.000,101.500,0,1
210.000,128.000,101.500,0,1
210.000,129.000,101.500,0,1
210.000,130.000,101.500,0,1
210.000,131.000,101.500,0,1
210.000,132.000,101.500,0,1
210.000,133.000,101.500,0,1
210.000,134.000,101.500,0,1
210.000,135.000,101.500,0,1
210.000,136.000,101.500,0,1
210.000,137.000,101.500,0,1
210.000,138.000,101.500,0,1
210.000,139.000,101.500,0,1
210.000,140.000,101.500,0,1
210.000,141.000,101.500,0,1
210.000,142.000,101.500,0,1
210.000,143.000,101.500,0,1
210.000,144.000,101.500,0,1
210.000,145.000,101.500,0,1
210.000,146.000,101.500,0,1
210.000,147.000,101.500,0,1
210.000,148.000,101.500,0,1
210.000,149.000,101.500,0,1
210.000,150.000,101.500,0,1
210.000,151.000,101.500,0,1
210.000,152.000,101.500,0,1
210.000,153.000,101.500,0,1
210.000,154.000,101.500,0,1
210.000,155.000,101.500,0,1
210.000,156.000,101.500,0,1
210.000,157.000,101.500,0,1
210.000,158.000,101.500,0,1
210.000,159.000,101.500,0,1
210.000,160.000,101.500,0,1
210.000,161.000,101.500,0,1
210.000,162.000,101.500,0,1
210.000,163.000,101.500,0,1
210.000,164.000,101.500,0,1
210.000,165.000,101.500,0,1
210.000,166.000,101.500,0,1
210.000,167.000,101.500,0,1
210.000,168.000,101.500,0,1
210.000,169.000,101.500,0,1
210.000,170.000,101.500,0,1
210.000,171.000,101.500,0,1
210.000,172.000,101.500,0,1
210.000,173.000,101.500,0,1
210.000,174.000,101.500,0,1
210.000,175.000,101.500,0,1
210.000,176.000,101.500,0,1
210.000,177.000,101.500,0,1
210.000,178.000,101.500,0,1
210.000,179.000,101.500,0,1
210.000,180.000,101.500,0,1
212.500,20.000,100.625,1,1
212.500,21.000,100.625,1,1
212.500,22.000,100.625,1,1
212.500,23.000,100.625,1,1
212.500,24.000,100.625,1,1
212.500,25.000,100.625,1,1
212.500,26.000,100.625,1,1
212.500,27.000,100.625,1,1
212.500,28.000,100.625,1,1
212.500,29.000,100.625,1,1
212.500,30.000,100.625,1,1
212.500,31.000,100.625,1,1
212.500,32.000,100.625,1,1
212.500,33.000,100.625,1,1
212.500,34.000,100.625,1,1
212.500,35.000,100.625,1,1
212.500,36.000,100.625,1,1
212.500,37.000,100.625,1,1
212.500,38.000,100.625,1,1
212.500,39.000,100.625,1,1
212.500,40.000,100.625,1,1
212.500,41.000,100.625,1,1
212.500,42.000,100.625,1,1
212.500,43.000,100.625,1,1
212.500,44.000,100.625,1,1
212.500,45.000,100.625,1,1
212.500,46.000,100.625,1,1
212.500,47.000,100.625,1,1
212.500,48.000,100.625,1,1
212.500,49.000,100.625,1,1
212.500,50.000,100.625,1,1
212.500,51.000,100.625,1,1
212.500,52.000,100.625,1,1
212.500,53.000,100.625,1,1
212.500,54.000,100.625,1,1
212.500,55.000,100.625,1,1
212.500,56.000,100.625,1,1
212.500,57.000,100.625,1,1
212.500,58.000,100.625,1,1
212.500,59.000,100.625,1,1
212.500,60.000,100.625,1,1
212.500,61.000,100.625,1,1
212.500,62.000,100.625,1,1
212.500,63.000,100.625,1,1
212.500,64.000,100.625,1,1
212.500,65.000,100.625,1,1
212.500,66.000,100.625,1,1
212.500,67.000,100.625,1,1
212.500,68.000,100.625,1,1
212.500,69.000,100.625,1,1
212.500,70.000,100.625,1,1
212.500,71.000,100.625,1,1
212.500,72.000,100.625,1,1
212.500,73.000,100.625,1,1
212.500,74.000,100.625,1,1
212.500,75.000,100.625,1,1
212.500,76.000,100.625,1,1
212.500,77.000,100.625,1,1
212.500,78.000,100.625,1,1
212.500,79.000,100.625,1,1
212.500,80.000,100.625,1,1
212.500,81.000,100.625,1,1
212.500,82.000,100.625,1,1
212.500,83.000,100.625,1,1
212.500,84.000,100.625,1,1
212.500,85.000,100.625,1,1
212.500,86.000,100.625,1,1
212.500,87.000,100.625,1,1
212.500,88.000,100.625,1,1
212.500,89.000,100.625,1,1
212.500,90.000,100.625,1,1
212.500,91.000,100.625,1,1
212.500,92.000,100.625,1,1
212.500,93.000,100.625,1,1
212.500,94.000,100.625,1,1
212.500,95.000,100.625,1,1
212.500,96.000,100.625,1,1
212.500,97.000,100.625,1,1
212.500,98.000,100.625,1,1
212.500,99.000,100.625,1,1
212.500,100.000,100.625,1,1
212.500,101.000,100.625,0,1
212.500,102.000,100.625,0,1
212.500,103.000,100.625,0,1
212.500,104.000,100.625,0,1
212.500,105.000,100.625,0,1
212.500,106.000,100.625,0,1
212.500,107.000,100.625,0,1
212.500,108.000,100.625,0,1
212.500,109.000,100.625,0,1
212.500,110.000,100.625,0,1
212.500,111.000,100.625,0,1
212.500,112.000,100.625,0,1
212.500,113.000,100.625,0,1
212.500,114.000,100.625,0,1
212.500,115.000,100.625,0,1
212.500,116.000,100.625,0,1
212.500,117.000,100.625,0,1
212.500,118.000,100.625,0,1
212.500,119.000,100.625,0,1
212.500,120.000,100.625,0,1
212.500,121.000,100.625,0,1
212.500,122.000,100.625,0,1
212.500,123.000,100.625,0,1
212.500,124.000,100.625,0,1
212.500,125.000,100.625,0,1
212.500,126.000,100.625,0,1
212.500,127.000,100.625,0,1
212.500,128.000,100.625,0,1
212.500,129.000,100.625,0,1
212.500,130.000,100.625,0,1
212.500,131.000,100.625,0,1
212.500,132.000,100.625,0,1
212.500,133.000,100.625,0,1
212.500,134.000,100.625,0,1
212.500,135.000,100.625,0,1
212.500,136.000,100.625,0,1
212.500,137.000,100.625,0,1
212.500,138.000,100.625,0,1
212.500,139.000,100.625,0,1
212.500,140.000,100.625,0,1
212.500,141.000,100.625,0,1
212.500,142.000,100.625,0,1
212.500,143.000,100.625,0,1
212.500,144.000,100.625,0,1
212.500,145.000,100.625,0,1
212.500,146.000,100.625,0,1
212.500,147.000,100.625,0,1
212.500,148.000,100.625,0,1
212.500,149.000,100.625,0,1
212.500,150.000,100.625,0,1
212.500,151.000,100.625,0,1
212.500,152.000,100.625,0,1
212.500,153.000,100.625,0,1
212.500,154.000,100.625,0,1
212.500,155.000,100.625,0,1
212.500,156.000,100.625,0,1
212.500,157.000,100.625,0,1
212.500,158.000,100.625,0,1
212.500,159.000,100.625,0,1
212.500,160.000,100.625,0,1
212.500,161.000,100.625,0,1
212.500,162.000,100.625,0,1
212.500,163.000,100.625,0,1
212.500,164.000,100.625,0,1
212.500,165.000,100.625,0,1
212.500,166.000,100.625,0,1
212.500,167.000,100.625,0,1
212.500,168.000,100.625,0,1
212.500,169.000,100.625,0,1
212.500,170.000,100.625,0,1
212.500,171.000,100.625,0,1
212.500,172.000,100.625,0,1
212.500,173.000,100.625,0,1
212.500,174.000,100.625,0,1
212.500,175.000,100.625,0,1
212.500,176.000,100.625,0,1
212.500,177.000,100.625,0,1
212.500,178.000,100.625,0,1
212.500,179.000,100.625,0,1
212.500,180.000,100.625,0,1
215.000,20.000,99.750,1,1
215.000,21.000,99.750,1,1
215.000,22.000,99.750,1,1
215.000,23.000,99.750,1,1
215.000,24.000,99.750,1,1
215.000,25.000,99.750,1,1
215.000,26.000,99.750,1,1
215.000,27.000,99.750,1,1
215.000,28.000,99.750,1,1
215.000,29.000,99.750,1,1
215.000,30.000,99.750,1,1
215.000,31.000,99.750,1,1
215.000,32.000,99.750,1,1
215.000,33.000,99.750,1,1
215.000,34.000,99.750,1,1
215.000,35.000,99.750,1,1
215.000,36.000,99.750,1,1
215.000,37.000,99.750,1,1
215.000,38.000,99.750,1,1
215.000,39.000,99.750,1,1
215.000,40.000,99.750,1,1
215.000,41.000,99.750,1,1
215.000,42.000,99.750,1,1
215.000,43.000,99.750,1,1
215.000,44.000,99.750,1,1
215.000,45.000,99.750,1,1
215.000,46.000,99.750,1,1
215.000,47.000,99.750,1,1
215.000,48.000,99.750,1,1
215.000,49.000,99.750,1,1
215.000,50.000,99.750,1,1
215.000,51.000,99.750,1,1
215.000,52.000,99.750,1,1
215.000,53.000,99.750,1,1
215.000,54.000,99.750,1,1
215.000,55.000,99.750,1,1
215.000,56.000,99.750,1,1
215.000,57.000,99.750,1,1
215.000,58.000,99.750,1,1
215.000,59.000,99.750,1,1
215.000,60.000,99.750,1,1
215.000,61.000,99.750,1,1
215.000,62.000,99.750,1,1
215.000,63.000,99.750,1,1
215.000,64.000,99.750,1,1
215.000,65.000,99.750,1,1
215.000,66.000,99.750,1,1
215.000,67.000,99.750,1,1
215.000,68.000,99.750,1,1
215.000,69.000,99.750,1,1
215.000,70.000,99.750,1,1
215.000,71.000,99.750,1,1
215.000,72.000,99.750,1,1
215.000,73.000,99.750,1,1
215.000,74.000,99.750,1,1
215.000,75.000,99.750,1,1
215.000,76.000,99.750,1,1
215.000,77.000,99.750,1,1
215.000,78.000,99.750,1,1
215.000,79.000,99.750,1,1
215.000,80.000,99.750,1,1
215.000,81.000,99.750,1,1
215.000,82.000,99.750,1,1
215.000,83.000,99.750,1,1
215.000,84.000,99.750,1,1
215.000,85.000,99.750,1,1
215.000,86.000,99.750,1,1
215.000,87.000,99.750,1,1
215.000,88.000,99.750,1,1
215.000,89.000,99.750,1,1
215.000,90.000,99.750,1,1
215.000,91.000,99.750,1,1
215.000,92.000,99.750,1,1
215.000,93.000,99.750,1,1
215.000,94.000,99.750,1,1
215.000,95.000,99.750,1,1
215.000,96.000,99.750,1,1
215.000,97.000,99.750,1,1
215.000,98.000,99.750,1,1
215.000,99.000,99.750,1,1
215.000,100.000,99.750,0,1
215.000,101.000,99.750,0,1
215.000,102.000,99.750,0,1
215.000,103.000,99.750,0,1
215.000,104.000,99.750,0,1
215.000,105.000,99.750,0,1
215.000,106.000,99.750,0,1
215.000,107.000,99.750,0,1
215.000,108.000,99.750,0,1
215.000,109.000,99.750,0,1
215.000,110.000,99.750,0,1
215.000,111.000,99.750,0,1
215.000,112.000,99.750,0,1
215.000,113.000,99.750,0,1
215.000,114.000,99.750,0,1
215.000,115.000,99.750,0,1
215.000,116.000,99.750,0,1
215.000,117.000,99.750,0,1
215.000,118.000,99.750,0,1
215.000,119.000,99.750,0,1
215.000,120.000,99.750,0,1
215.000,121.000,99.750,0,1
215.000,122.000,99.750,0,1
215.000,123.000,99.750,0,1
215.000,124.000,99.750,0,1
215.000,125.000,99.750,0,1
215.000,126.000,99.750,0,1
215.000,127.000,99.750,0,1
215.000,128.000,99.750,0,1
215.000,129.000,99.750,0,1
215.000,130.000,99.750,0,1
215.000,131.000,99.750,0,1
215.000,132.000,99.750,0,1
215.000,133.000,99.750,0,1
215.000,134.000,99.750,0,1
215.000,135.000,99.750,0,1
215.000,136.000,99.750,0,1
215.000,137.000,99.750,0,1
215.000,138.000,99.750,0,1
215.000,139.000,99.750,0,1
215.000,140.000,99.750,0,1
215.000,141.000,99.750,0,1
215.000,142.000,99.750,0,1
215.000,143.000,99.750,0,1
215.000,144.000,99.750,0,1
215.000,145.000,99.750,0,1
215.000,146.000,99.750,0,1
215.000,147.000,99.750,0,1
215.000,148.000,99.750,0,1
215.000,149.000,99.750,0,1
215.000,150.000,99.750,0,1
215.000,151.000,99.750,0,1
215.000,152.000,99.750,0,1
215.000,153.000,99.750,0,1
215.000,154.000,99.750,0,1
215.000,155.000,99.750,0,1
215.000,156.000,99.750,0,1
215.000,157.000,99.750,0,1
215.000,158.000,99.750,0,1
215.000,159.000,99.750,0,1
215.000,160.000,99.750,0,1
215.000,161.000,99.750,0,1
215.000,162.000,99.750,0,1
215.000,163.000,99.750,0,1
215.000,164.000,99.750,0,1
215.000,165.000,99.750,0,1
215.000,166.000,99.750,0,1
215.000,167.000,99.750,0,1
215.000,168.000,99.750,0,1
215.000,169.000,99.750,0,1
215.000,170.000,99.750,0,1
215.000,171.000,99.750,0,1
215.000,172.000,99.750,0,1
215.000,173.000,99.750,0,1
215.000,174.000,99.750,0,1
215.000,175.000,99.750,0,1
215.000,176.000,99.750,0,1
215.000,177.000,99.750,0,1
215.000,178.000,99.750,0,1
215.000,179.000,99.750,0,1
215.000,180.000,99.750,0,0
217.500,20.000,98.875,1,1
217.500,21.000,98.875,1,1
217.500,22.000,98.875,1,1
217.500,23.000,98.875,1,1
217.500,24.000,98.875,1,1
217.500,25.000,98.875,1,1
217.500,26.000,98.875,1,1
217.500,27.000,98.875,1,1
217.500,28.000,98.875,1,1
217.500,29.000,98.875,1,1
217.500,30.000,98.875,1,1
217.500,31.000,98.875,1,1
217.500,32.000,98.875,1,1
217.500,33.000,98.875,1,1
217.500,34.000,98.875,1,1
217.500,35.000,98.875,1,1
217.500,36.000,98.875,1,1
217.500,37.000,98.875,1,1
217.500,38.000,98.875,1,1
217.500,39.000,98.875,1,1
217.500,40.000,98.875,1,1
217.500,41.000,98.875,1,1
217.500,42.000,98.875,1,1
217.500,43.000,98.875,1,1
217.500,44.000,98.875,1,1
217.500,45.000,98.875,1,1
217.500,46.000,98.875,1,1
217.500,47.000,98.875,1,1
217.500,48.000,98.875,1,1
217.500,49.000,98.875,1,1
217.500,50.000,98.875,1,1
217.500,51.000,98.875,1,1
217.500,52.000,98.875,1,1
217.500,53.000,98.875,1,1
217.500,54.000,98.875,1,1
217.500,55.000,98.875,1,1
217.500,56.000,98.875,1,1
217.500,57.000,98.875,1,1
217.500,58.000,98.875,1,1
217.500,59.000,98.875,1,1
217.500,60.000,98.875,1,1
217.500,61.000,98.875,1,1
217.500,62.000,98.875,1,1
217.500,63.000,98.875,1,1
217.500,64.000,98.875,1,1
217.500,65.000,98.875,1,1
217.500,66.000,98.875,1,1
217.500,67.000,98.875,1,1
217.500,68.000,98.875,1,1
217.500,69.000,98.875,1,1
217.500,70.000,98.875,1,1
217.500,71.000,98.875,1,1
217.500,72.000,98.875,1,1
217.500,73.000,98.875,1,1
217.500,74.000,98.875,1,1
217.500,75.000,98.875,1,1
217.500,76.000,98.875,1,1
217.500,77.000,98.875,1,1
217.500,78.000,98.875,1,1
217.500,79.000,98.875,1,1
217.500,80.000,98.875,1,1
217.500,81.000,98.875,1,1
217.500,82.000,98.875,1,1
217.500,83.000,98.875,1,1
217.500,84.000,98.875,1,1
217.500,85.000,98.875,1,1
217.500,86.000,98.875,1,1
217.500,87.000,98.875,1,1
217.500,88.000,98.875,1,1
217.500,89.000,98.875,1,1
217.500,90.000,98.875,1,1
217.500,91.000,98.875,1,1
217.500,92.000,98.875,1,1
217.500,93.000,98.875,1,1
217.500,94.000,98.875,1,1
217.500,95.000,98.875,1,1
217.500,96.000,98.875,1,1
217.500,97.000,98.875,1,1
217.500,98.000,98.875,1,1
217.500,99.000,98.875,0,1
217.500,100.000,98.875,0,1
217.500,101.000,98.875,0,1
217.500,102.000,98.875,0,1
217.500,103.000,98.875,0,1
217.500,104.000,98.875,0,1
217.500,105.000,98.875,0,1
217.500,106.000,98.875,0,1
217.500,107.000,98.875,0,1
217.500,108.000,98.875,0,1
217.500,109.000,98.875,0,1
217.500,110.000,98.875,0,1
217.500,111.000,98.875,0,1
217.500,112.000,98.875,0,1
217.500,113.000,98.875,0,1
217.500,114.000,98.875,0,1
217.500,115.000,98.875,0,1
217.500,116.000,98.875,0,1
217.500,117.000,98.875,0,1
217.500,118.000,98.875,0,1
217.500,119.000,98.875,0,1
217.500,120.000,98.875,0,1
217.500,121.000,98.875,0,1
217.500,122.000,98.875,0,1
217.500,123.000,98.875,0,1
217.500,124.000,98.875,0,1
217.500,125.000,98.875,0,1
217.500,126.000,98.875,0,1
217.500,127.000,98.875,0,1
217.500,128.000,98.875,0,1
217.500,129.000,98.875,0,1
217.500,130.000,98.875,0,1
217.500,131.000,98.875,0,1
217.500,132.000,98.875,0,1
217.500,133.000,98.875,0,1
217.500,134.000,98.875,0,1
217.500,135.000,98.875,0,1
217.500,136.000,98.875,0,1
217.500,137.000,98.875,0,1
217.500,138.000,98.875,0,1
217.500,139.000,98.875,0,1
217.500,140.000,98.875,0,1
217.500,141.000,98.875,0,1
217.500,142.000,98.875,0,1
217.500,143.000,98.875,0,1
217.500,144.000,98.875,0,1
217.500,145.000,98.875,0,1
217.500,146.000,98.875,0,1
217.500,147.000,98.875,0,1
217.500,148.000,98.875,0,1
217.500,149.000,98.875,0,1
217.500,150.000,98.875,0,1
217.500,151.000,98.875,0,1
217.500,152.000,98.875,0,1
217.500,153.000,98.875,0,1
217.500,154.000,98.875,0,1
217.500,155.000,98.875,0,1
217.500,156.000,98.875,0,1
217.500,157.000,98.875,0,1
217.500,158.000,98.875,0,1
217.500,159.000,98.875,0,1
217.500,160.000,98.875,0,1
217.500,161.000,98.875,0,1
217.500,162.000,98.875,0,1
217.500,163.000,98.875,0,1
217.500,164.000,98.875,0,1
217.500,165.000,98.875,0,1
217.500,166.000,98.875,0,1
217.500,167.000,98.875,0,1
217.500,168.000,98.875,0,1
217.500,169.000,98.875,0,1
217.500,170.000,98.875,0,1
217.500,171.000,98.875,0,1
217.500,172.000,98.875,0,1
217.500,173.000,98.875,0,1
217.500,174.000,98.875,0,1
217.500,175.000,98.875,0,1
217.500,176.000,98.875,0,1
217.500,177.000,98.875,0,1
217.500,178.000,98.875,0,1
217.500,179.000,98.875,0,0
217.500,180.000,98.875,0,0
220.000,20.000,98.000,1,1
220.000,21.000,98.000,1,1
220.000,22.000,98.000,1,1
220.000,23.000,98.000,1,1
220.000,24.000,98.000,1,1
220.000,25.000,98.000,1,1
220.000,26.000,98.000,1,1
220.000,27.000,98.000,1,1
220.000,28.000,98.000,1,1
220.000,29.000,98.000,1,1
220.000,30.000,98.000,1,1
220.000,31.000,98.000,1,1
220.000,32.000,98.000,1,1
220.000,33.000,98.000,1,1
220.000,34.000,98.000,1,1
220.000,35.000,98.000,1,1
220.000,36.000,98.000,1,1
220.000,37.000,98.000,1,1
220.000,38.000,98.000,1,1
220.000,39.000,98.000,1,1
220.000,40.000,98.000,1,1
220.000,41.000,98.000,1,1
220.000,42.000,98.000,1,1
220.000,43.000,98.000,1,1
220.000,44.000,98.000,1,1
220.000,45.000,98.000,1,1
220.000,46.000,98.000,1,1
220.000,47.000,98.000,1,1
220.000,48.000,98.000,1,1
220.000,49.000,98.000,1,1
220.000,50.000,98.000,1,1
220.000,51.000,98.000,1,1
220.000,52.000,98.000,1,1
220.000,53.000,98.000,1,1
220.000,54.000,98.000,1,1
220.000,55.000,98.000,1,1
220.000,56.000,98.000,1,1
220.000,57.000,98.000,1,1
220.000,58.000,98.000,1,1
220.000,59.000,98.000,1,1
220.000,60.000,98.000,1,1
220.000,61.000,98.000,1,1
220.000,62.000,98.000,1,1
220.000,63.000,98.000,1,1
220.000,64.000,98.000,1,1
220.000,65.000,98.000,1,1
220.000,66.000,98.000,1,1
220.000,67.000,98.000,1,1
220.000,68.000,98.000,1,1
220.000,69.000,98.000,1,1
220.000,70.000,98.000,1,1
220.000,71.000,98.000,1,1
220.000,72.000,98.000,1,1
220.000,73.000,98.000,1,1
220.000,74.000,98.000,1,1
220.000,75.000,98.000,1,1
220.000,76.000,98.000,1,1
220.000,77.000,98.000,1,1
220.000,78.000,98.000,1,1
220.000,79.000,98.000,1,1
220.000,80.000,98.000,1,1
220.000,81.000,98.000,1,1
220.000,82.000,98.000,1,1
220.000,83.000,98.000,1,1
220.000,84.000,98.000,1,1
220.000,85.000,98.000,1,1
220.000,86.000,98.000,1,1
220.000,87.000,98.000,1,1
220.000,88.000,98.000,1,1
220.000,89.000,98.000,1,1
220.000,90.000,98.000,1,1
220.000,91.000,98.000,1,1
220.000,92.000,98.000,1,1
220.000,93.000,98.000,1,1
220.000,94.000,98.000,1,1
220.000,95.000,98.000,1,1
220.000,96.000,98.000,1,1
220.000,97.000,98.000,1,1
220.000,98.000,98.000,1,1
220.000,99.000,98.000,0,1
220.000,100.000,98.000,0,1
220.000,101.000,98.000,0,1
220.000,102.000,98.000,0,1
220.000,103.000,98.000,0,1
220.000,104.000,98.000,0,1
220.000,105.000,98.000,0,1
220.000,106.000,98.000,0,1
220.000,107.000,98.000,0,1
220.000,108.000,98.000,0,1
220.000,109.000,98.000,0,1
220.000,110.000,98.000,0,1
220.000,111.000,98.000,0,1
220.000,112.000,98.000,0,1
220.000,113.000,98.000,0,1
220.000,114.000,98.000,0,1
220.000,115.000,98.000,0,1
220.000,116.000,98.000,0,1
220.000,117.000,98.000,0,1
220.000,118.000,98.000,0,1
220.000,119.000,98.000,0,1
220.000,120.000,98.000,0,1
220.000,121.000,98.000,0,1
220.000,122.000,98.000,0,1
220.000,123.000,98.000,0,1
220.000,124.000,98.000,0,1
220.000,125.000,98.000,0,1
220.000,126.000,98.000,0,1
220.000,127.000,98.000,0,1
220.000,128.000,98.000,0,1
220.000,129.000,98.000,0,1
220.000,130.000,98.000,0,1
220.000,131.000,98.000,0,1
220.000,132.000,98.000,0,1
220.000,133.000,98.000,0,1
220.000,134.000,98.000,0,1
220.000,135.000,98.000,0,1
220.000,136.000,98.000,0,1
220.000,137.000,98.000,0,1
220.000,138.000,98.000,0,1
220.000,139.000,98.000,0,1
220.000,140.000,98.000,0,1
220.000,141.000,98.000,0,1
220.000,142.000,98.000,0,1
220.000,143.000,98.000,0,1
220.000,144.000,98.000,0,1
220.000,145.000,98.000,0,1
220.000,146.000,98.000,0,1
220.000,147.000,98.000,0,1
220.000,148.000,98.000,0,1
220.000,149.000,98.000,0,1
220.000,150.000,98.000,0,1
220.000,151.000,98.000,0,1
220.000,152.000,98.000,0,1
220.000,153.000,98.000,0,1
220.000,154.000,98.000,0,1
220.000,155.000,98.000,0,1
220.000,156.000,98.000,0,1
220.000,157.000,98.000,0,1
220.000,158.000,98.000,0,1
220.000,159.000,98.000,0,1
220.000,160.000,98.000,0,1
220.000,161.000,98.000,0,1
220.000,162.000,98.000,0,1
220.000,163.000,98.000,0,1
220.000,164.000,98.000,0,1
220.000,165.000,98.000,0,1
220.000,166.000,98.000,0,1
220.000,167.000,98.000,0,1
220.000,168.000,98.000,0,1
220.000,169.000,98.000,0,1
220.000,170.000,98.000,0,1
220.000,171.000,98.000,0,1
220.000,172.000,98.000,0,1
220.000,173.000,98.000,0,1
220.000,174.000,98.000,0,1
220.000,175.000,98.000,0,1
220.000,176.000,98.000,0,1
220.000,177.000,98.000,0,1
220.000,178.000,98.000,0,1
220.000,179.000,98.000,0,0
220.000,180.000,98.000,0,0
222.500,20.000,97.125,1,1
222.500,21.000,97.125,1,1
222.500,22.000,97.125,1,1
222.500,23.000,97.125,1,1
222.500,24.000,97.125,1,1
222.500,25.000,97.125,1,1
222.500,26.000,97.125,1,1
222.500,27.000,97.125,1,1
222.500,28.000,97.125,1,1
222.500,29.000,97.125,1,1
222.500,30.000,97.125,1,1
222.500,31.000,97.125,1,1
222.500,32.000,97.125,1,1
222.500,33.000,97.125,1,1
222.500,34.000,97.125,1,1
222.500,35.000,97.125,1,1
222.500,36.000,97.125,1,1
222.500,37.000,97.125,1,1
222.500,38.000,97.125,1,1
222.500,39.000,97.125,1,1
222.500,40.000,97.125,1,1
222.500,41.000,97.125,1,1
222.500,42.000,97.125,1,1
222.500,43.000,97.125,1,1
222.500,44.000,97.125,1,1
222.500,45.000,97.125,1,1
222.500,46.000,97.125,1,1
222.500,47.000,97.125,1,1
222.500,48.000,97.125,1,1
222.500,49.000,97.125,1,1
222.500,50.000,97.125,1,1
222.500,51.000,97.125,1,1
222.500,52.000,97.125,1,1
222.500,53.000,97.125,1,1
222.500,54.000,97.125,1,1
222.500,55.000,97.125,1,1
222.500,56.000,97.125,1,1
222.500,57.000,97.125,1,1
222.500,58.000,97.125,1,1
222.500,59.000,97.125,1,1
222.500,60.000,97.125,1,1
222.500,61.000,97.125,1,1
222.500,62.000,97.125,1,1
222.500,63.000,97.125,1,1
222.500,64.000,97.125,1,1
222.500,65.000,97.125,1,1
222.500,66.000,97.125,1,1
222.500,67.000,97.125,1,1
222.500,68.000,97.125,1,1
222.500,69.000,97.125,1,1
222.500,70.000,97.125,1,1
222.500,71.000,97.125,1,1
222.500,72.000,97.125,1,1
222.500,73.000,97.125,1,1
222.500,74.000,97.125,1,1
222.500,75.000,97.125,1,1
222.500,76.000,97.125,1,1
222.500,77.000,97.125,1,1
222.500,78.000,97.125,1,1
222.500,79.000,97.125,1,1
222.500,80.000,97.125,1,1
222.500,81.000,97.125,1,1
222.500,82.000,97.125,1,1
222.500,83.000,97.125,1,1
222.500,84.000,97.125,1,1
222.500,85.000,97.125,1,1
222.500,86.000,97.125,1,1
222.500,87.000,97.125,1,1
222.500,88.000,97.125,1,1
222.500,89.000,97.125,1,1
222.500,90.000,97.125,1,1
222.500,91.000,97.125,1,1
222.500,92.000,97.125,1,1
222.500,93.000,97.125,1,1
222.500,94.000,97.125,1,1
222.500,95.000,97.125,1,1
222.500,96.000,97.125,1,1
222.500,97.000,97.125,1,1
222.500,98.000,97.125,0,1
222.500,99.000,97.125,0,1
222.500,100.000,97.125,0,1
222.500,101.000,97.125,0,1
222.500,102.000,97.125,0,1
222.500,103.000,97.125,0,1
222.500,104.000,97.125,0,1
222.500,105.000,97.125,0,1
222.500,106.000,97.125,0,1
222.500,107.000,97.125,0,1
222.500,108.000,97.125,0,1
222.500,109.000,97.125,0,1
222.500,110.000,97.125,0,1
222.500,111.000,97.125,0,1
222.500,112.000,97.125,0,1
222.500,113.000,97.125,0,1
222.500,114.000,97.125,0,1
222.500,115.000,97.125,0,1
222.500,116.000,97.125,0,1
222.500,117.000,97.125,0,1
222.500,118.000,97.125,0,1
222.500,119.000,97.125,0,1
222.500,120.000,97.125,0,1
222.500,121.000,97.125,0,1
222.500,122.000,97.125,0,1
222.500,123.000,97.125,0,1
222.500,124.000,97.125,0,1
222.500,125.000,97.125,0,1
222.500,126.000,97.125,0,1
222.500,127.000,97.125,0,1
222.500,128.000,97.125,0,1
222.500,129.000,97.125,0,1
222.500,130.000,97.125,0,1
222.500,131.000,97.125,0,1
222.500,132.000,97.125,0,1
222.500,133.000,97.125,0,1
222.500,134.000,97.125,0,1
222.500,135.000,97.125,0,1
222.500,136.000,97.125,0,1
222.500,137.000,97.125,0,1
222.500,138.000,97.125,0,1
222.500,139.000,97.125,0,1
222.500,140.000,97.125,0,1
222.500,141.000,97.125,0,1
222.500,142.000,97.125,0,1
222.500,143.000,97.125,0,1
222.500,144.000,97.125,0,1
222.500,145.000,97.125,0,1
222.500,146.000,97.125,0,1
222.500,147.000,97.125,0,1
222.500,148.000,97.125,0,1
222.500,149.000,97.125,0,1
222.500,150.000,97.125,0,1
222.500,151.000,97.125,0,1
222.500,152.000,97.125,0,1
222.500,153.000,97.125,0,1
222.500,154.000,97.125,0,1
222.500,155.000,97.125,0,1
222.500,156.000,97.125,0,1
222.500,157.000,97.125,0,1
222.500,158.000,97.125,0,1
222.500,159.000,97.125,0,1
222.500,160.000,97.125,0,1
222.500,161.000,97.125,0,1
222.500,162.000,97.125,0,1
222.500,163.000,97.125,0,1
222.500,164.000,97.125,0,1
222.500,165.000,97.125,0,1
222.500,166.000,97.125,0,1
222.500,167.000,97.125,0,1
222.500,168.000,97.125,0,1
222.500,169.000,97.125,0,1
222.500,170.000,97.125,0,1
222.500,171.000,97.125,0,1
222.500,172.000,97.125,0,1
222.500,173.000,97.125,0,1
222.500,174.000,97.125,0,1
222.500,175.000,97.125,0,1
222.500,176.000,97.125,0,1
222.500,177.000,97.125,0,1
222.500,178.000,97.125,0,0
222.500,179.000,97.125,0,0
222.500,180.000,97.125,0,0
225.000,20.000,96.250,1,1
225.000,21.000,96.250,1,1
225.000,22.000,96.250,1,1
225.000,23.000,96.250,1,1
225.000,24.000,96.250,1,1
225.000,25.000,96.250,1,1
225.000,26.000,96.250,1,1
225.000,27.000,96.250,1,1
225.000,28.000,96.250,1,1
225.000,29.000,96.250,1,1
225.000,30.000,96.250,1,1
225.000,31.000,96.250,1,1
225.000,32.000,96.250,1,1
225.000,33.000,96.250,1,1
225.000,34.000,96.250,1,1
225.000,35.000,96.250,1,1
225.000,36.000,96.250,1,1
225.000,37.000,96.250,1,1
225.000,38.000,96.250,1,1
225.000,39.000,96.250,1,1
225.000,40.000,96.250,1,1
225.000,41.000,96.250,1,1
225.000,42.000,96.250,1,1
225.000,43.000,96.250,1,1
225.000,44.000,96.250,1,1
225.000,45.000,96.250,1,1
225.000,46.000,96.250,1,1
225.000,47.000,96.250,1,1
225.000,48.000,96.250,1,1
225.000,49.000,96.250,1,1
225.000,50.000,96.250,1,1
225.000,51.000,96.250,1,1
225.000,52.000,96.250,1,1
225.000,53.000,96.250,1,1
225.000,54.000,96.250,1,1
225.000,55.000,96.250,1,1
225.000,56.000,96.250,1,1
225.000,57.000,96.250,1,1
225.000,58.000,96.250,1,1
225.000,59.000,96.250,1,1
225.000,60.000,96.250,1,1
225.000,61.000,96.250,1,1
225.000,62.000,96.250,1,1
225.000,63.000,96.250,1,1
225.000,64.000,96.250,1,1
225.000,65.000,96.250,1,1
225.000,66.000,96.250,1,1
225.000,67.000,96.250,1,1
225.000,68.000,96.250,1,1
225.000,69.000,96.250,1,1
225.000,70.000,96.250,1,1
225.000,71.000,96.250,1,1
225.000,72.000,96.250,1,1
225.000,73.000,96.250,1,1
225.000,74.000,96.250,1,1
225.000,75.000,96.250,1,1
225.000,76.000,96.250,1,1
225.000,77.000,96.250,1,1
225.000,78.000,96.250,1,1
225.000,79.000,96.250,1,1
225.000,80.000,96.250,1,1
225.000,81.000,96.250,1,1
225.000,82.000,96.250,1,1
225.000,83.000,96.250,1,1
225.000,84.000,96.250,1,1
225.000,85.000,96.250,1,1
225.000,86.000,96.250,1,1
225.000,87.000,96.250,1,1
225.000,88.000,96.250,1,1
225.000,89.000,96.250,1,1
225.000,90.000,96.250,1,1
225.000,91.000,96.250,1,1
225.000,92.000,96.250,1,1
225.000,93.000,96.250,1,1
225.000,94.000,96.250,1,1
225.000,95.000,96.250,1,1
225.000,96.000,96.250,1,1
225.000,97.000,96.250,0,1
225.000,98.000,96.250,0,1
225.000,99.000,96.250,0,1
225.000,100.000,96.250,0,1
225.000,101.000,96.250,0,1
225.000,102.000,96.250,0,1
225.000,103.000,96.250,0,1
225.000,104.000,96.250,0,1
225.000,105.000,96.250,0,1
225.000,106.000,96.250,0,1
225.000,107.000,96.250,0,1
225.000,108.000,96.250,0,1
225.000,109.000,96.250,0,1
225.000,110.000,96.250,0,1
225.000,111.000,96.250,0,1
225.000,112.000,96.250,0,1
225.000,113.000,96.250,0,1
225.000,114.000,96.250,0,1
225.000,115.000,96.250,0,1
225.000,116.000,96.250,0,1
225.000,117.000,96.250,0,1
225.000,118.000,96.250,0,1
225.000,119.000,96.250,0,1
225.000,120.000,96.250,0,1
225.000,121.000,96.250,0,1
225.000,122.000,96.250,0,1
225.000,123.000,96.250,0,1
225.000,124.000,96.250,0,1
225.000,125.000,96.250,0,1
225.000,126.000,96.250,0,1
225.000,127.000,96.250,0,1
225.000,128.000,96.250,0,1
225.000,129.000,96.250,0,1
225.000,130.000,96.250,0,1
225.000,131.000,96.250,0,1
225.000,132.000,96.250,0,1
225.000,133.000,96.250,0,1
225.000,134.000,96.250,0,1
225.000,135.000,96.250,0,1
225.000,136.000,96.250,0,1
225.000,137.000,96.250,0,1
225.000,138.000,96.250,0,1
225.000,139.000,96.250,0,1
225.000,140.000,96.250,0,1
225.000,141.000,96.250,0,1
225.000,142.000,96.250,0,1
225.000,143.000,96.250,0,1
225.000,144.000,96.250,0,1
225.000,145.000,96.250,0,1
225.000,146.000,96.250,0,1
225.000,147.000,96.250,0,1
225.000,148.000,96.250,0,1
225.000,149.000,96.250,0,1
225.000,150.000,96.250,0,1
225.000,151.000,96.250,0,1
225.000,152.000,96.250,0,1
225.000,153.000,96.250,0,1
225.000,154.000,96.250,0,1
225.000,155.000,96.250,0,1
225.000,156.000,96.250,0,1
225.000,157.000,96.250,0,1
225.000,158.000,96.250,0,1
225.000,159.000,96.250,0,1
225.000,160.000,96.250,0,1
225.000,161.000,96.250,0,1
225.000,162.000,96.250,0,1
225.000,163.000,96.250,0,1
225.000,164.000,96.250,0,1
225.000,165.000,96.250,0,1
225.000,166.000,96.250,0,1
225.000,167.000,96.250,0,1
225.000,168.000,96.250,0,1
225.000,169.000,96.250,0,1
225.000,170.000,96.250,0,1
225.000,171.000,96.250,0,1
225.000,172.000,96.250,0,1
225.000,173.000,96.250,0,1
225.000,174.000,96.250,0,1
225.000,175.000,96.250,0,1
225.000,176.000,96.250,0,1
225.000,177.000,96.250,0,0
225.000,178.000,96.250,0,0
225.000,179.000,96.250,0,0
225.000,180.000,96.250,0,0
227.500,20.000,95.375,1,1
227.500,21.000,95.375,1,1
227.500,22.000,95.375,1,1
227.500,23.000,95.375,1,1
227.500,24.000,95.375,1,1
227.500,25.000,95.375,1,1
227.500,26.000,95.375,1,1
227.500,27.000,95.375,1,1
227.500,28.000,95.375,1,1
227.500,29.000,95.375,1,1
227.500,30.000,95.375,1,1
227.500,31.000,95.375,1,1
227.500,32.000,95.375,1,1
227.500,33.000,95.375,1,1
227.500,34.000,95.375,1,1
227.500,35.000,95.375,1,1
227.500,36.000,95.375,1,1
227.500,37.000,95.375,1,1
227.500,38.000,95.375,1,1
227.500,39.000,95.375,1,1
227.500,40.000,95.375,1,1
227.500,41.000,95.375,1,1
227.500,42.000,95.375,1,1
227.500,43.000,95.375,1,1
227.500,44.000,95.375,1,1
227.500,45.000,95.375,1,1
227.500,46.000,95.375,1,1
227.500,47.000,95.375,1,1
227.500,48.000,95.375,1,1
227.500,49.000,95.375,1,1
227.500,50.000,95.375,1,1
227.500,51.000,95.375,1,1
227.500,52.000,95.375,1,1
227.500,53.000,95.375,1,1
227.500,54.000,95.375,1,1
227.500,55.000,95.375,1,1
227.500,56.000,95.375,1,1
227.500,57.000,95.375,1,1
227.500,58.000,95.375,1,1
227.500,59.000,95.375,1,1
227.500,60.000,95.375,1,1
227.500,61.000,95.375,1,1
227.500,62.000,95.375,1,1
227.500,63.000,95.375,1,1
227.500,64.000,95.375,1,1
227.500,65.000,95.375,1,1
227.500,66.000,95.375,1,1
227.500,67.000,95.375,1,1
227.500,68.000,95.375,1,1
227.500,69.000,95.375,1,1
227.500,70.000,95.375,1,1
227.500,71.000,95.375,1,1
227.500,72.000,95.375,1,1
227.500,73.000,95.375,1,1
227.500,74.000,95.375,1,1
227.500,75.000,95.375,1,1
227.500,76.000,95.375,1,1
227.500,77.000,95.375,1,1
227.500,78.000,95.375,1,1
227.500,79.000,95.375,1,1
227.500,80.000,95.375,1,1
227.500,81.000,95.375,1,1
227.500,82.000,95.375,1,1
227.500,83.000,95.375,1,1
227.500,84.000,95.375,1,1
227.500,85.000,95.375,1,1
227.500,86.000,95.375,1,1
227.500,87.000,95.375,1,1
227.500,88.000,95.375,1,1
227.500,89.000,95.375,1,1
227.500,90.000,95.375,1,1
227.500,91.000,95.375,1,1
227.500,92.000,95.375,1,1
227.500,93.000,95.375,1,1
227.500,94.000,95.375,1,1
227.500,95.000,95.375,1,1
227.500,96.000,95.375,0,1
227.500,97.000,95.375,0,1
227.500,98.000,95.375,0,1
227.500,99.000,95.375,0,1
227.500,100.000,95.375,0,1
227.500,101.000,95.375,0,1
227.500,102.000,95.375,0,1
227.500,103.000,95.375,0,1
227.500,104.000,95.375,0,1
227.500,105.000,95.375,0,1
227.500,106.000,95.375,0,1
227.500,107.000,95.375,0,1
227.500,108.000,95.375,0,1
227.500,109.000,95.375,0,1
227.500,110.000,95.375,0,1
227.500,111.000,95.375,0,1
227.500,112.000,95.375,0,1
227.500,113.000,95.375,0,1
227.500,114.000,95.375,0,1
227.500,115.000,95.375,0,1
227.500,116.000,95.375,0,1
227.500,117.000,95.375,0,1
227.500,118.000,95.375,0,1
227.500,119.000,95.375,0,1
227.500,120.000,95.375,0,1
227.500,121.000,95.375,0,1
227.500,122.000,95.375,0,1
227.500,123.000,95.375,0,1
227.500,124.000,95.375,0,1
227.500,125.000,95.375,0,1
227.500,126.000,95.375,0,1
227.500,127.000,95.375,0,1
227.500,128.000,95.375,0,1
227.500,129.000,95.375,0,1
227.500,130.000,95.375,0,1
227.500,131.000,95.375,0,1
227.500,132.000,95.375,0,1
227.500,133.000,95.375,0,1
227.500,134.000,95.375,0,1
227.500,135.000,95.375,0,1
227.500,136.000,95.375,0,1
227.500,137.000,95.375,0,1
227.500,138.000,95.375,0,1
227.500,139.000,95.375,0,1
227.500,140.000,95.375,0,1
227.500,141.000,95.375,0,1
227.500,142.000,95.375,0,1
227.500,143.000,95.375,0,1
227.500,144.000,95.375,0,1
227.500,145.000,95.375,0,1
227.500,146.000,95.375,0,1
227.500,147.000,95.375,0,1
227.500,148.000,95.375,0,1
227.500,149.000,95.375,0,1
227.500,150.000,95.375,0,1
227.500,151.000,95.375,0,1
227.500,152.000,95.375,0,1
227.500,153.000,95.375,0,1
227.500,154.000,95.375,0,1
227.500,155.000,95.375,0,1
227.500,156.000,95.375,0,1
227.500,157.000,95.375,0,1
227.500,158.000,95.375,0,1
227.500,159.000,95.375,0,1
227.500,160.000,95.375,0,1
227.500,161.000,95.375,0,1
227.500,162.000,95.375,0,1
227.500,163.000,95.375,0,1
227.500,164.000,95.375,0,1
227.500,165.000,95.375,0,1
227.500,166.000,95.375,0,1
227.500,167.000,95.375,0,1
227.500,168.000,95.375,0,1
227.500,169.000,95.375,0,1
227.500,170.000,95.375,0,1
227.500,171.000,95.375,0,1
227.500,172.000,95.375,0,1
227.500,173.000,95.375,0,1
227.500,174.000,95.375,0,1
227.500,175.000,95.375,0,1
227.500,176.000,95.375,0,0
227.500,177.000,95.375,0,0
227.500,178.000,95.375,0,0
227.500,179.000,95.375,0,0
227.500,180.000,95.375,0,0
230.000,20.000,94.500,1,1
230.000,21.000,94.500,1,1
230.000,22.000,94.500,1,1
230.000,23.000,94.500,1,1
230.000,24.000,94.500,1,1
230.000,25.000,94.500,1,1
230.000,26.000,94.500,1,1
230.000,27.000,94.500,1,1
230.000,28.000,94.500,1,1
230.000,29.000,94.500,1,1
230.000,30.000,94.500,1,1
230.000,31.000,94.500,1,1
230.000,32.000,94.500,1,1
230.000,33.000,94.500,1,1
230.000,34.000,94.500,1,1
230.000,35.000,94.500,1,1
230.000,36.000,94.500,1,1
230.000,37.000,94.500,1,1
230.000,38.000,94.500,1,1
230.000,39.000,94.500,1,1
230.000,40.000,94.500,1,1
230.000,41.000,94.500,1,1
230.000,42.000,94.500,1,1
230.000,43.000,94.500,1,1
230.000,44.000,94.500,1,1
230.000,45.000,94.500,1,1
230.000,46.000,94.500,1,1
230.000,47.000,94.500,1,1
230.000,48.000,94.500,1,1
230.000,49.000,94.500,1,1
230.000,50.000,94.500,1,1
230.000,51.000,94.500,1,1
230.000,52.000,94.500,1,1
230.000,53.000,94.500,1,1
230.000,54.000,94.500,1,1
230.000,55.000,94.500,1,1
230.000,56.000,94.500,1,1
230.000,57.000,94.500,1,1
230.000,58.000,94.500,1,1
230.000,59.000,94.500,1,1
230.000,60.000,94.500,1,1
230.000,61.000,94.500,1,1
230.000,62.000,94.500,1,1
230.000,63.000,94.500,1,1
230.000,64.000,94.500,1,1
230.000,65.000,94.500,1,1
230.000,66.000,94.500,1,1
230.000,67.000,94.500,1,1
230.000,68.000,94.500,1,1
230.000,69.000,94.500,1,1
230.000,70.000,94.500,1,1
230.000,71.000,94.500,1,1
230.000,72.000,94.500,1,1
230.000,73.000,94.500,1,1
230.000,74.000,94.500,1,1
230.000,75.000,94.500,1,1
230.000,76.000,94.500,1,1
230.000,77.000,94.500,1,1
230.000,78.000,94.500,1,1
230.000,79.000,94.500,1,1
230.000,80.000,94.500,1,1
230.000,81.000,94.500,1,1
230.000,82.000,94.500,1,1
230.000,83.000,94.500,1,1
230.000,84.000,94.500,1,1
230.000,85.000,94.500,1,1
230.000,86.000,94.500,1,1
230.000,87.000,94.500,1,1
230.000,88.000,94.500,1,1
230.000,89.000,94.500,1,1
230.000,90.000,94.500,1,1
230.000,91.000,94.500,1,1
230.000,92.000,94.500,1,1
230.000,93.000,94.500,1,1
230.000,94.000,94.500,1,1
230.000,95.000,94.500,0,1
230.000,96.000,94.500,0,1
230.000,97.000,94.500,0,1
230.000,98.000,94.500,0,1
230.000,99.000,94.500,0,1
230.000,100.000,94.500,0,1
230.000,101.000,94.500,0,1
230.000,102.000,94.500,0,1
230.000,103.000,94.500,0,1
230.000,104.000,94.500,0,1
230.000,105.000,94.500,0,1
230.000,106.000,94.500,0,1
230.000,107.000,94.500,0,1
230.000,108.000,94.500,0,1
230.000,109.000,94.500,0,1
230.000,110.000,94.500,0,1
230.000,111.000,94.500,0,1
230.000,112.000,94.500,0,1
230.000,113.000,94.500,0,1
230.000,114.000,94.500,0,1
230.000,115.000,94.500,0,1
230.000,116.000,94.500,0,1
230.000,117.000,94.500,0,1
230.000,118.000,94.500,0,1
230.000,119.000,94.500,0,1
230.000,120.000,94.500,0,1
230.000,121.000,94.500,0,1
230.000,122.000,94.500,0,1
230.000,123.000,94.500,0,1
230.000,124.000,94.500,0,1
230.000,125.000,94.500,0,1
230.000,126.000,94.500,0,1
230.000,127.000,94.500,0,1
230.000,128.000,94.500,0,1
230.000,129.000,94.500,0,1
230.000,130.000,94.500,0,1
230.000,131.000,94.500,0,1
230.000,132.000,94.500,0,1
230.000,133.000,94.500,0,1
230.000,134.000,94.500,0,1
230.000,135.000,94.500,0,1
230.000,136.000,94.500,0,1
230.000,137.000,94.500,0,1
230.000,138.000,94.500,0,1
230.000,139.000,94.500,0,1
230.000,140.000,94.500,0,1
230.000,141.000,94.500,0,1
230.000,142.000,94.500,0,1
230.000,143.000,94.500,0,1
230.000,144.000,94.500,0,1
230.000,145.000,94.500,0,1
230.000,146.000,94.500,0,1
230.000,147.000,94.500,0,1
230.000,148.000,94.500,0,1
230.000,149.000,94.500,0,1
230.000,150.000,94.500,0,1
230.000,151.000,94.500,0,1
230.000,152.000,94.500,0,1
230.000,153.000,94.500,0,1
230.000,154.000,94.500,0,1
230.000,155.000,94.500,0,1
230.000,156.000,94.500,0,1
230.000,157.000,94.500,0,1
230.000,158.000,94.500,0,1
230.000,159.000,94.500,0,1
230.000,160.000,94.500,0,1
230.000,161.000,94.500,0,1
230.000,162.000,94.500,0,1
230.000,163.000,94.500,0,1
230.000,164.000,94.500,0,1
230.000,165.000,94.500,0,1
230.000,166.000,94.500,0,1
230.000,167.000,94.500,0,1
230.000,168.000,94.500,0,1
230.000,169.000,94.500,0,1
230.000,170.000,94.500,0,1
230.000,171.000,94.500,0,1
230.000,172.000,94.500,0,1
230.000,173.000,94.500,0,1
230.000,174.000,94.500,0,1
230.000,175.000,94.500,0,0
230.000,176.000,94.500,0,0
230.000,177.000,94.500,0,0
230.000,178.000,94.500,0,0
230.000,179.000,94.500,0,0
230.000,180.000,94.500,0,0
232.500,20.000,93.625,1,1
232.500,21.000,93.625,1,1
232.500,22.000,93.625,1,1
232.500,23.000,93.625,1,1
232.500,24.000,93.625,1,1
232.500,25.000,93.625,1,1
232.500,26.000,93.625,1,1
232.500,27.000,93.625,1,1
232.500,28.000,93.625,1,1
232.500,29.000,93.625,1,1
232.500,30.000,93.625,1,1
232.500,31.000,93.625,1,1
232.500,32.000,93.625,1,1
232.500,33.000,93.625,1,1
232.500,34.000,93.625,1,1
232.500,35.000,93.625,1,1
232.500,36.000,93.625,1,1
232.500,37.000,93.625,1,1
232.500,38.000,93.625,1,1
232.500,39.000,93.625,1,1
232.500,40.000,93.625,1,1
232.500,41.000,93.625,1,1
232.500,42.000,93.625,1,1
232.500,43.000,93.625,1,1
232.500,44.000,93.625,1,1
232.500,45.000,93.625,1,1
232.500,46.000,93.625,1,1
232.500,47.000,93.625,1,1
232.500,48.000,93.625,1,1
232.500,49.000,93.625,1,1
232.500,50.000,93.625,1,1
232.500,51.000,93.625,1,1
232.500,52.000,93.625,1,1
232.500,53.000,93.625,1,1
232.500,54.000,93.625,1,1
232.500,55.000,93.625,1,1
232.500,56.000,93.625,1,1
232.500,57.000,93.625,1,1
232.500,58.000,93.625,1,1
232.500,59.000,93.625,1,1
232.500,60.000,93.625,1,1
232.500,61.000,93.625,1,1
232.500,62.000,93.625,1,1
232.500,63.000,93.625,1,1
232.500,64.000,93.625,1,1
232.500,65.000,93.625,1,1
232.500,66.000,93.625,1,1
232.500,67.000,93.625,1,1
232.500,68.000,93.625,1,1
232.500,69.000,93.625,1,1
232.500,70.000,93.625,1,1
232.500,71.000,93.625,1,1
232.500,72.000,93.625,1,1
232.500,73.000,93.625,1,1
232.500,74.000,93.625,1,1
232.500,75.000,93.625,1,1
232.500,76.000,93.625,1,1
232.500,77.000,93.625,1,1
232.500,78.000,93.625,1,1
232.500,79.000,93.625,1,1
232.500,80.000,93.625,1,1
232.500,81.000,93.625,1,1
232.500,82.000,93.625,1,1
232.500,83.000,93.625,1,1
232.500,84.000,93.625,1,1
232.500,85.000,93.625,1,1
232.500,86.000,93.625,1,1
232.500,87.000,93.625,1,1
232.500,88.000,93.625,1,1
232.500,89.000,93.625,1,1
232.500,90.000,93.625,1,1
232.500,91.000,93.625,1,1
232.500,92.000,93.625,1,1
232.500,93.000,93.625,1,1
232.500,94.000,93.625,0,1
232.500,95.000,93.625,0,1
232.500,96.000,93.625,0,1
232.500,97.000,93.625,0,1
232.500,98.000,93.625,0,1
232.500,99.000,93.625,0,1
232.500,100.000,93.625,0,1
232.500,101.000,93.625,0,1
232.500,102.000,93.625,0,1
232.500,103.000,93.625,0,1
232.500,104.000,93.625,0,1
232.500,105.000,93.625,0,1
232.500,106.000,93.625,0,1
232.500,107.000,93.625,0,1
232.500,108.000,93.625,0,1
232.500,109.000,93.625,0,1
232.500,110.000,93.625,0,1
232.500,111.000,93.625,0,1
232.500,112.000,93.625,0,1
232.500,113.000,93.625,0,1
232.500,114.000,93.625,0,1
232.500,115.000,93.625,0,1
232.500,116.000,93.625,0,1
232.500,117.000,93.625,0,1
232.500,118.000,93.625,0,1
232.500,119.000,93.625,0,1
232.500,120.000,93.625,0,1
232.500,121.000,93.625,0,1
232.500,122.000,93.625,0,1
232.500,123.000,93.625,0,1
232.500,124.000,93.625,0,1
232.500,125.000,93.625,0,1
232.500,126.000,93.625,0,1
232.500,127.000,93.625,0,1
232.500,128.000,93.625,0,1
232.500,129.000,93.625,0,1
232.500,130.000,93.625,0,1
232.500,131.000,93.625,0,1
232.500,132.000,93.625,0,1
232.500,133.000,93.625,0,1
232.500,134.000,93.625,0,1
232.500,135.000,93.625,0,1
232.500,136.000,93.625,0,1
232.500,137.000,93.625,0,1
232.500,138.000,93.625,0,1
232.500,139.000,93.625,0,1
232.500,140.000,93.625,0,1
232.500,141.000,93.625,0,1
232.500,142.000,93.625,0,1
232.500,143.000,93.625,0,1
232.500,144.000,93.625,0,1
232.500,145.000,93.625,0,1
232.500,146.000,93.625,0,1
232.500,147.000,93.625,0,1
232.500,148.000,93.625,0,1
232.500,149.000,93.625,0,1
232.500,150.000,93.625,0,1
232.500,151.000,93.625,0,1
232.500,152.000,93.625,0,1
232.500,153.000,93.625,0,1
232.500,154.000,93.625,0,1
232.500,155.000,93.625,0,1
232.500,156.000,93.625,0,1
232.500,157.000,93.625,0,1
232.500,158.000,93.625,0,1
232.500,159.000,93.625,0,1
232.500,160.000,93.625,0,1
232.500,161.000,93.625,0,1
232.500,162.000,93.625,0,1
232.500,163.000,93.625,0,1
232.500,164.000,93.625,0,1
232.500,165.000,93.625,0,1
232.500,166.000,93.625,0,1
232.500,167.000,93.625,0,1
232.500,168.000,93.625,0,1
232.500,169.000,93.625,0,1
232.500,170.000,93.625,0,1
232.500,171.000,93.625,0,1
232.500,172.000,93.625,0,1
232.500,173.000,93.625,0,1
232.500,174.000,93.625,0,0
232.500,175.000,93.625,0,0
232.500,176.000,93.625,0,0
232.500,177.000,93.625,0,0
232.500,178.000,93.625,0,0
232.500,179.000,93.625,0,0
232.500,180.000,93.625,0,0
235.000,20.000,92.750,1,1
235.000,21.000,92.750,1,1
235.000,22.000,92.750,1,1
235.000,23.000,92.750,1,1
235.000,24.000,92.750,1,1
235.000,25.000,92.750,1,1
235.000,26.000,92.750,1,1
235.000,27.000,92.750,1,1
235.000,28.000,92.750,1,1
235.000,29.000,92.750,1,1
235.000,30.000,92.750,1,1
235.000,31.000,92.750,1,1
235.000,32.000,92.750,1,1
235.000,33.000,92.750,1,1
235.000,34.000,92.750,1,1
235.000,35.000,92.750,1,1
235.000,36.000,92.750,1,1
235.000,37.000,92.750,1,1
235.000,38.000,92.750,1,1
235.000,39.000,92.750,1,1
235.000,40.000,92.750,1,1
235.000,41.000,92.750,1,1
235.000,42.000,92.750,1,1
235.000,43.000,92.750,1,1
235.000,44.000,92.750,1,1
235.000,45.000,92.750,1,1
235.000,46.000,92.750,1,1
235.000,47.000,92.750,1,1
235.000,48.000,92.750,1,1
235.000,49.000,92.750,1,1
235.000,50.000,92.750,1,1
235.000,51.000,92.750,1,1
235.000,52.000,92.750,1,1
235.000,53.000,92.750,1,1
235.000,54.000,92.750,1,1
235.000,55.000,92.750,1,1
235.000,56.000,92.750,1,1
235.000,57.000,92.750,1,1
235.000,58.000,92.750,1,1
235.000,59.000,92.750,1,1
235.000,60.000,92.750,1,1
235.000,61.000,92.750,1,1
235.000,62.000,92.750,1,1
235.000,63.000,92.750,1,1
235.000,64.000,92.750,1,1
235.000,65.000,92.750,1,1
235.000,66.000,92.750,1,1
235.000,67.000,92.750,1,1
235.000,68.000,92.750,1,1
235.000,69.000,92.750,1,1
235.000,70.000,92.750,1,1
235.000,71.000,92.750,1,1
235.000,72.000,92.750,1,1
235.000,73.000,92.750,1,1
235.000,74.000,92.750,1,1
235.000,75.000,92.750,1,1
235.000,76.000,92.750,1,1
235.000,77.000,92.750,1,1
235.000,78.000,92.750,1,1
235.000,79.000,92.750,1,1
235.000,80.000,92.750,1,1
235.000,81.000,92.750,1,1
235.000,82.000,92.750,1,1
235.000,83.000,92.750,1,1
235.000,84.000,92.750,1,1
235.000,85.000,92.750,1,1
235.000,86.000,92.750,1,1
235.000,87.000,92.750,1,1
235.000,88.000,92.750,1,1
235.000,89.000,92.750,1,1
235.000,90.000,92.750,1,1
235.000,91.000,92.750,1,1
235.000,92.000,92.750,1,1
235.000,93.000,92.750,0,1
235.000,94.000,92.750,0,1
235.000,95.000,92.750,0,1
235.000,96.000,92.750,0,1
235.000,97.000,92.750,0,1
235.000,98.000,92.750,0,1
235.000,99.000,92.750,0,1
235.000,100.000,92.750,0,1
235.000,101.000,92.750,0,1
235.000,102.000,92.750,0,1
235.000,103.000,92.750,0,1
235.000,104.000,92.750,0,1
235.000,105.000,92.750,0,1
235.000,106.000,92.750,0,1
235.000,107.000,92.750,0,1
235.000,108.000,92.750,0,1
235.000,109.000,92.750,0,1
235.000,110.000,92.750,0,1
235.000,111.000,92.750,0,1
235.000,112.000,92.750,0,1
235.000,113.000,92.750,0,1
235.000,114.000,92.750,0,1
235.000,115.000,92.750,0,1
235.000,116.000,92.750,0,1
235.000,117.000,92.750,0,1
235.000,118.000,92.750,0,1
235.000,119.000,92.750,0,1
235.000,120.000,92.750,0,1
235.000,121.000,92.750,0,1
235.000,122.000,92.750,0,1
235.000,123.000,92.750,0,1
235.000,124.000,92.750,0,1
235.000,125.000,92.750,0,1
235.000,126.000,92.750,0,1
235.000,127.000,92.750,0,1
235.000,128.000,92.750,0,1
235.000,129.000,92.750,0,1
235.000,130.000,92.750,0,1
235.000,131.000,92.750,0,1
235.000,132.000,92.750,0,1
235.000,133.000,92.750,0,1
235.000,134.000,92.750,0,1
235.000,135.000,92.750,0,1
235.000,136.000,92.750,0,1
235.000,137.000,92.750,0,1
235.000,138.000,92.750,0,1
235.000,139.000,92.750,0,1
235.000,140.000,92.750,0,1
235.000,141.000,92.750,0,1
235.000,142.000,92.750,0,1
235.000,143.000,92.750,0,1
235.000,144.000,92.750,0,1
235.000,145.000,92.750,0,1
235.000,146.000,92.750,0,1
235.000,147.000,92.750,0,1
235.000,148.000,92.750,0,1
235.000,149.000,92.750,0,1
235.000,150.000,92.750,0,1
235.000,151.000,92.750,0,1
235.000,152.000,92.750,0,1
235.000,153.000,92.750,0,1
235.000,154.000,92.750,0,1
235.000,155.000,92.750,0,1
235.000,156.000,92.750,0,1
235.000,157.000,92.750,0,1
235.000,158.000,92.750,0,1
235.000,159.000,92.750,0,1
235.000,160.000,92.750,0,1
235.000,161.000,92.750,0,1
235.000,162.000,92.750,0,1
235.000,163.000,92.750,0,1
235.000,164.000,92.750,0,1
235.000,165.000,92.750,0,1
235.000,166.000,92.750,0,1
235.000,167.000,92.750,0,1
235.000,168.000,92.750,0,1
235.000,169.000,92.750,0,1
235.000,170.000,92.750,0,1
235.000,171.000,92.750,0,1
235.000,172.000,92.750,0,1
235.000,173.000,92.750,0,0
235.000,174.000,92.750,0,0
235.000,175.000,92.750,0,0
235.000,176.000,92.750,0,0
235.000,177.000,92.750,0,0
235.000,178.000,92.750,0,0
235.000,179.000,92.750,0,0
235.000,180.000,92.750,0,0
237.500,20.000,91.875,1,1
237.500,21.000,91.875,1,1
237.500,22.000,91.875,1,1
237.500,23.000,91.875,1,1
237.500,24.000,91.875,1,1
237.500,25.000,91.875,1,1
237.500,26.000,91.875,1,1
237.500,27.000,91.875,1,1
237.500,28.000,91.875,1,1
237.500,29.000,91.875,1,1
237.500,30.000,91.875,1,1
237.500,31.000,91.875,1,1
237.500,32.000,91.875,1,1
237.500,33.000,91.875,1,1
237.500,34.000,91.875,1,1
237.500,35.000,91.875,1,1
237.500,36.000,91.875,1,1
237.500,37.000,91.875,1,1
237.500,38.000,91.875,1,1
237.500,39.000,91.875,1,1
237.500,40.000,91.875,1,1
237.500,41.000,91.875,1,1
237.500,42.000,91.875,1,1
237.500,43.000,91.875,1,1
237.500,44.000,91.875,1,1
237.500,45.000,91.875,1,1
237.500,46.000,91.875,1,1
237.500,47.000,91.875,1,1
237.500,48.000,91.875,1,1
237.500,49.000,91.875,1,1
237.500,50.000,91.875,1,1
237.500,51.000,91.875,1,1
237.500,52.000,91.875,1,1
237.500,53.000,91.875,1,1
237.500,54.000,91.875,1,1
237.500,55.000,91.875,1,1
237.500,56.000,91.875,1,1
237.500,57.000,91.875,1,1
237.500,58.000,91.875,1,1
237.500,59.000,91.875,1,1
237.500,60.000,91.875,1,1
237.500,61.000,91.875,1,1
237.500,62.000,91.875,1,1
237.500,63.000,91.875,1,1
237.500,64.000,91.875,1,1
237.500,65.000,91.875,1,1
237.500,66.000,91.875,1,1
237.500,67.000,91.875,1,1
237.500,68.000,91.875,1,1
237.500,69.000,91.875,1,1
237.500,70.000,91.875,1,1
237.500,71.000,91.875,1,1
237.500,72.000,91.875,1,1
237.500,73.000,91.875,1,1
237.500,74.000,91.875,1,1
237.500,75.000,91.875,1,1
237.500,76.000,91.875,1,1
237.500,77.000,91.875,1,1
237.500,78.000,91.875,1,1
237.500,79.000,91.875,1,1
237.500,80.000,91.875,1,1
237.500,81.000,91.875,1,1
237.500,82.000,91.875,1,1
237.500,83.000,91.875,1,1
237.500,84.000,91.875,1,1
237.500,85.000,91.875,1,1
237.500,86.000,91.875,1,1
237.500,87.000,91.875,1,1
237.500,88.000,91.875,1,1
237.500,89.000,91.875,1,1
237.500,90.000,91.875,1,1
237.500,91.000,91.875,1,1
237.500,92.000,91.875,0,1
237.500,93.000,91.875,0,1
237.500,94.000,91.875,0,1
237.500,95.000,91.875,0,1
237.500,96.000,91.875,0,1
237.500,97.000,91.875,0,1
237.500,98.000,91.875,0,1
237.500,99.000,91.875,0,1
237.500,100.000,91.875,0,1
237.500,101.000,91.875,0,1
237.500,102.000,91.875,0,1
237.500,103.000,91.875,0,1
237.500,104.000,91.875,0,1
237.500,105.000,91.875,0,1
237.500,106.000,91.875,0,1
237.500,107.000,91.875,0,1
237.500,108.000,91.875,0,1
237.500,109.000,91.875,0,1
237.500,110.000,91.875,0,1
237.500,111.000,91.875,0,1
237.500,112.000,91.875,0,1
237.500,113.000,91.875,0,1
237.500,114.000,91.875,0,1
237.500,115.000,91.875,0,1
237.500,116.000,91.875,0,1
237.500,117.000,91.875,0,1
237.500,118.000,91.875,0,1
237.500,119.000,91.875,0,1
237.500,120.000,91.875,0,1
237.500,121.000,91.875,0,1
237.500,122.000,91.875,0,1
237.500,123.000,91.875,0,1
237.500,124.000,91.875,0,1
237.500,125.000,91.875,0,1
237.500,126.000,91.875,0,1
237.500,127.000,91.875,0,1
237.500,128.000,91.875,0,1
237.500,129.000,91.875,0,1
237.500,130.000,91.875,0,1
237.500,131.000,91.875,0,1
237.500,132.000,91.875,0,1
237.500,133.000,91.875,0,1
237.500,134.000,91.875,0,1
237.500,135.000,91.875,0,1
237.500,136.000,91.875,0,1
237.500,137.000,91.875,0,1
237.500,138.000,91.875,0,1
237.500,139.000,91.875,0,1
237.500,140.000,91.875,0,1
237.500,141.000,91.875,0,1
237.500,142.000,91.875,0,1
237.500,143.000,91.875,0,1
237.500,144.000,91.875,0,1
237.500,145.000,91.875,0,1
237.500,146.000,91.875,0,1
237.500,147.000,91.875,0,1
237.500,148.000,91.875,0,1
237.500,149.000,91.875,0,1
237.500,150.000,91.875,0,1
237.500,151.000,91.875,0,1
237.500,152.000,91.875,0,1
237.500,153.000,91.875,0,1
237.500,154.000,91.875,0,1
237.500,155.000,91.875,0,1
237.500,156.000,91.875,0,1
237.500,157.000,91.875,0,1
237.500,158.000,91.875,0,1
237.500,159.000,91.875,0,1
237.500,160.000,91.875,0,1
237.500,161.000,91.875,0,1
237.500,162.000,91.875,0,1
237.500,163.000,91.875,0,1
237.500,164.000,91.875,0,1
237.500,165.000,91.875,0,1
237.500,166.000,91.875,0,1
237.500,167.000,91.875,0,1
237.500,168.000,91.875,0,1
237.500,169.000,91.875,0,1
237.500,170.000,91.875,0,1
237.500,171.000,91.875,0,1
237.500,172.000,91.875,0,0
237.500,173.000,91.875,0,0
237.500,174.000,91.875,0,0
237.500,175.000,91.875,0,0
237.500,176.000,91.875,0,0
237.500,177.000,91.875,0,0
237.500,178.000,91.875,0,0
237.500,179.000,91.875,0,0
237.500,180.000,91.875,0,0
240.000,20.000,91.000,1,1
240.000,21.000,91.000,1,1
240.000,22.000,91.000,1,1
240.000,23.000,91.000,1,1
240.000,24.000,91.000,1,1
240.000,25.000,91.000,1,1
240.000,26.000,91.000,1,1
240.000,27.000,91.000,1,1
240.000,28.000,91.000,1,1
240.000,29.000,91.000,1,1
240.000,30.000,91.000,1,1
240.000,31.000,91.000,1,1
240.000,32.000,91.000,1,1
240.000,33.000,91.000,1,1
240.000,34.000,91.000,1,1
240.000,35.000,91.000,1,1
240.000,36.000,91.000,1,1
240.000,37.000,91.000,1,1
240.000,38.000,91.000,1,1
240.000,39.000,91.000,1,1
240.000,40.000,91.000,1,1
240.000,41.000,91.000,1,1
240.000,42.000,91.000,1,1
240.000,43.000,91.000,1,1
240.000,44.000,91.000,1,1
240.000,45.000,91.000,1,1
240.000,46.000,91.000,1,1
240.000,47.000,91.000,1,1
240.000,48.000,91.000,1,1
240.000,49.000,91.000,1,1
240.000,50.000,91.000,1,1
240.000,51.000,91.000,1,1
240.000,52.000,91.000,1,1
240.000,53.000,91.000,1,1
240.000,54.000,91.000,1,1
240.000,55.000,91.000,1,1
240.000,56.000,91.000,1,1
240.000,57.000,91.000,1,1
240.000,58.000,91.000,1,1
240.000,59.000,91.000,1,1
240.000,60.000,91.000,1,1
240.000,61.000,91.000,1,1
240.000,62.000,91.000,1,1
240.000,63.000,91.000,1,1
240.000,64.000,91.000,1,1
240.000,65.000,91.000,1,1
240.000,66.000,91.000,1,1
240.000,67.000,91.000,1,1
240.000,68.000,91.000,1,1
240.000,69.000,91.000,1,1
240.000,70.000,91.000,1,1
240.000,71.000,91.000,1,1
240.000,72.000,91.000,1,1
240.000,73.000,91.000,1,1
240.000,74.000,91.000,1,1
240.000,75.000,91.000,1,1
240.000,76.000,91.000,1,1
240.000,77.000,91.000,1,1
240.000,78.000,91.000,1,1
240.000,79.000,91.000,1,1
240.000,80.000,91.000,1,1
240.000,81.000,91.000,1,1
240.000,82.000,91.000,1,1
240.000,83.000,91.000,1,1
240.000,84.000,91.000,1,1
240.000,85.000,91.000,1,1
240.000,86.000,91.000,1,1
240.000,87.000,91.000,1,1
240.000,88.000,91.000,1,1
240.000,89.000,91.000,1,1
240.000,90.000,91.000,1,1
240.000,91.000,91.000,0,1
240.000,92.000,91.000,0,1
240.000,93.000,91.000,0,1
240.000,94.000,91.000,0,1
240.000,95.000,91.000,0,1
240.000,96.000,91.000,0,1
240.000,97.000,91.000,0,1
240.000,98.000,91.000,0,1
240.000,99.000,91.000,0,1
240.000,100.000,91.000,0,1
240.000,101.000,91.000,0,1
240.000,102.000,91.000,0,1
240.000,103.000,91.000,0,1
240.000,104.000,91.000,0,1
240.000,105.000,91.000,0,1
240.000,106.000,91.000,0,1
240.000,107.000,91.000,0,1
240.000,108.000,91.000,0,1
240.000,109.000,91.000,0,1
240.000,110.000,91.000,0,1
240.000,111.000,91.000,0,1
240.000,112.000,91.000,0,1
240.000,113.000,91.000,0,1
240.000,114.000,91.000,0,1
240.000,115.000,91.000,0,1
240.000,116.000,91.000,0,1
240.000,117.000,91.000,0,1
240.000,118.000,91.000,0,1
240.000,119.000,91.000,0,1
240.000,120.000,91.000,0,1
240.000,121.000,91.000,0,1
240.000,122.000,91.000,0,1
240.000,123.000,91.000,0,1
240.000,124.000,91.000,0,1
240.000,125.000,91.000,0,1
240.000,126.000,91.000,0,1
240.000,127.000,91.000,0,1
240.000,128.000,91.000,0,1
240.000,129.000,91.000,0,1
240.000,130.000,91.000,0,1
240.000,131.000,91.000,0,1
240.000,132.000,91.000,0,1
240.000,133.000,91.000,0,1
240.000,134.000,91.000,0,1
240.000,135.000,91.000,0,1
240.000,136.000,91.000,0,1
240.000,137.000,91.000,0,1
240.000,138.000,91.000,0,1
240.000,139.000,91.000,0,1
240.000,140.000,91.000,0,1
240.000,141.000,91.000,0,1
240.000,142.000,91.000,0,1
240.000,143.000,91.000,0,1
240.000,144.000,91.000,0,1
240.000,145.000,91.000,0,1
240.000,146.000,91.000,0,1
240.000,147.000,91.000,0,1
240.000,148.000,91.000,0,1
240.000,149.000,91.000,0,1
240.000,150.000,91.000,0,1
240.000,151.000,91.000,0,1
240.000,152.000,91.000,0,1
240.000,153.000,91.000,0,1
240.000,154.000,91.000,0,1
240.000,155.000,91.000,0,1
240.000,156.000,91.000,0,1
240.000,157.000,91.000,0,1
240.000,158.000,91.000,0,1
240.000,159.000,91.000,0,1
240.000,160.000,91.000,0,1
240.000,161.000,91.000,0,1
240.000,162.000,91.000,0,1
240.000,163.000,91.000,0,1
240.000,164.000,91.000,0,1
240.000,165.000,91.000,0,1
240.000,166.000,91.000,0,1
240.000,167.000,91.000,0,1
240.000,168.000,91.000,0,1
240.000,169.000,91.000,0,1
240.000,170.000,91.000,0,1
240.000,171.000,91.000,0,1
240.000,172.000,91.000,0,0
240.000,173.000,91.000,0,0
240.000,174.000,91.000,0,0
240.000,175.000,91.000,0,0
240.000,176.000,91.000,0,0
240.000,177.000,91.000,0,0
240.000,178.000,91.000,0,0
240.000,179.000,91.000,0,0
240.000,180.000,91.000,0,0
242.500,20.000,90.125,1,1
242.500,21.000,90.125,1,1
242.500,22.000,90.125,1,1
242.500,23.000,90.125,1,1
242.500,24.000,90.125,1,1
242.500,25.000,90.125,1,1
242.500,26.000,90.125,1,1
242.500,27.000,90.125,1,1
242.500,28.000,90.125,1,1
242.500,29.000,90.125,1,1
242.500,30.000,90.125,1,1
242.500,31.000,90.125,1,1
242.500,32.000,90.125,1,1
242.500,33.000,90.125,1,1
242.500,34.000,90.125,1,1
242.500,35.000,90.125,1,1
242.500,36.000,90.125,1,1
242.500,37.000,90.125,1,1
242.500,38.000,90.125,1,1
242.500,39.000,90.125,1,1
242.500,40.000,90.125,1,1
242.500,41.000,90.125,1,1
242.500,42.000,90.125,1,1
242.500,43.000,90.125,1,1
242.500,44.000,90.125,1,1
242.500,45.000,90.125,1,1
242.500,46.000,90.125,1,1
242.500,47.000,90.125,1,1
242.500,48.000,90.125,1,1
242.500,49.000,90.125,1,1
242.500,50.000,90.125,1,1
242.500,51.000,90.125,1,1
242.500,52.000,90.125,1,1
242.500,53.000,90.125,1,1
242.500,54.000,90.125,1,1
242.500,55.000,90.125,1,1
242.500,56.000,90.125,1,1
242.500,57.000,90.125,1,1
242.500,58.000,90.125,1,1
242.500,59.000,90.125,1,1
242.500,60.000,90.125,1,1
242.500,61.000,90.125,1,1
242.500,62.000,90.125,1,1
242.500,63.000,90.125,1,1
242.500,64.000,90.125,1,1
242.500,65.000,90.125,1,1
242.500,66.000,90.125,1,1
242.500,67.000,90.125,1,1
242.500,68.000,90.125,1,1
242.500,69.000,90.125,1,1
242.500,70.000,90.125,1,1
242.500,71.000,90.125,1,1
242.500,72.000,90.125,1,1
242.500,73.000,90.125,1,1
242.500,74.000,90.125,1,1
242.500,75.000,90.125,1,1
242.500,76.000,90.125,1,1
242.500,77.000,90.125,1,1
242.500,78.000,90.125,1,1
242.500,79.000,90.125,1,1
242.500,80.000,90.125,1,1
242.500,81.000,90.125,1,1
242.500,82.000,90.125,1,1
242.500,83.000,90.125,1,1
242.500,84.000,90.125,1,1
242.500,85.000,90.125,1,1
242.500,86.000,90.125,1,1
242.500,87.000,90.125,1,1
242.500,88.000,90.125,1,1
242.500,89.000,90.125,1,1
242.500,90.000,90.125,1,1
242.500,91.000,90.125,0,1
242.500,92.000,90.125,0,1
242.500,93.000,90.125,0,1
242.500,94.000,90.125,0,1
242.500,95.000,90.125,0,1
242.500,96.000,90.125,0,1
242.500,97.000,90.125,0,1
242.500,98.000,90.125,0,1
242.500,99.000,90.125,0,1
242.500,100.000,90.125,0,1
242.500,101.000,90.125,0,1
242.500,102.000,90.125,0,1
242.500,103.000,90.125,0,1
242.500,104.000,90.125,0,1
242.500,105.000,90.125,0,1
242.500,106.000,90.125,0,1
242.500,107.000,90.125,0,1
242.500,108.000,90.125,0,1
242.500,109.000,90.125,0,1
242.500,110.000,90.125,0,1
242.500,111.000,90.125,0,1
242.500,112.000,90.125,0,1
242.500,113.000,90.125,0,1
242.500,114.000,90.125,0,1
242.500,115.000,90.125,0,1
242.500,116.000,90.125,0,1
242.500,117.000,90.125,0,1
242.500,118.000,90.125,0,1
242.500,119.000,90.125,0,1
242.500,120.000,90.125,0,1
242.500,121.000,90.125,0,1
242.500,122.000,90.125,0,1
242.500,123.000,90.125,0,1
242.500,124.000,90.125,0,1
242.500,125.000,90.125,0,1
242.500,126.000,90.125,0,1
242.500,127.000,90.125,0,1
242.500,128.000,90.125,0,1
242.500,129.000,90.125,0,1
242.500,130.000,90.125,0,1
242.500,131.000,90.125,0,1
242.500,132.000,90.125,0,1
242.500,133.000,90.125,0,1
242.500,134.000,90.125,0,1
242.500,135.000,90.125,0,1
242.500,136.000,90.125,0,1
242.500,137.000,90.125,0,1
242.500,138.000,90.125,0,1
242.500,139.000,90.125,0,1
242.500,140.000,90.125,0,1
242.500,141.000,90.125,0,1
242.500,142.000,90.125,0,1
242.500,143.000,90.125,0,1
242.500,144.000,90.125,0,1
242.500,145.000,90.125,0,1
242.500,146.000,90.125,0,1
242.500,147.000,90.125,0,1
242.500,148.000,90.125,0,1
242.500,149.000,90.125,0,1
242.500,150.000,90.125,0,1
242.500,151.000,90.125,0,1
242.500,152.000,90.125,0,1
242.500,153.000,90.125,0,1
242.500,154.000,90.125,0,1
242.500,155.000,90.125,0,1
242.500,156.000,90.125,0,1
242.500,157.000,90.125,0,1
242.500,158.000,90.125,0,1
242.500,159.000,90.125,0,1
242.500,160.000,90.125,0,1
242.500,161.000,90.125,0,1
242.500,162.000,90.125,0,1
242.500,163.000,90.125,0,1
242.500,164.000,90.125,0,1
242.500,165.000,90.125,0,1
242.500,166.000,90.125,0,1
242.500,167.000,90.125,0,1
242.500,168.000,90.125,0,1
242.500,169.000,90.125,0,1
242.500,170.000,90.125,0,1
242.500,171.000,90.125,0,0
242.500,172.000,90.125,0,0
242.500,173.000,90.125,0,0
242.500,174.000,90.125,0,0
242.500,175.000,90.125,0,0
242.500,176.000,90.125,0,0
242.500,177.000,90.125,0,0
242.500,178.000,90.125,0,0
242.500,179.000,90.125,0,0
242.500,180.000,90.125,0,0
245.000,20.000,89.250,1,1
245.000,21.000,89.250,1,1
245.000,22.000,89.250,1,1
245.000,23.000,89.250,1,1
245.000,24.000,89.250,1,1
245.000,25.000,89.250,1,1
245.000,26.000,89.250,1,1
245.000,27.000,89.250,1,1
245.000,28.000,89.250,1,1
245.000,29.000,89.250,1,1
245.000,30.000,89.250,1,1
245.000,31.000,89.250,1,1
245.000,32.000,89.250,1,1
245.000,33.000,89.250,1,1
245.000,34.000,89.250,1,1
245.000,35.000,89.250,1,1
245.000,36.000,89.250,1,1
245.000,37.000,89.250,1,1
245.000,38.000,89.250,1,1
245.000,39.000,89.250,1,1
245.000,40.000,89.250,1,1
245.000,41.000,89.250,1,1
245.000,42.000,89.250,1,1
245.000,43.000,89.250,1,1
245.000,44.000,89.250,1,1
245.000,45.000,89.250,1,1
245.000,46.000,89.250,1,1
245.000,47.000,89.250,1,1
245.000,48.000,89.250,1,1
245.000,49.000,89.250,1,1
245.000,50.000,89.250,1,1
245.000,51.000,89.250,1,1
245.000,52.000,89.250,1,1
245.000,53.000,89.250,1,1
245.000,54.000,89.250,1,1
245.000,55.000,89.250,1,1
245.000,56.000,89.250,1,1
245.000,57.000,89.250,1,1
245.000,58.000,89.250,1,1
245.000,59.000,89.250,1,1
245.000,60.000,89.250,1,1
245.000,61.000,89.250,1,1
245.000,62.000,89.250,1,1
245.000,63.000,89.250,1,1
245.000,64.000,89.250,1,1
245.000,65.000,89.250,1,1
245.000,66.000,89.250,1,1
245.000,67.000,89.250,1,1
245.000,68.000,89.250,1,1
245.000,69.000,89.250,1,1
245.000,70.000,89.250,1,1
245.000,71.000,89.250,1,1
245.000,72.000,89.250,1,1
245.000,73.000,89.250,1,1
245.000,74.000,89.250,1,1
245.000,75.000,89.250,1,1
245.000,76.000,89.250,1,1
245.000,77.000,89.250,1,1
245.000,78.000,89.250,1,1
245.000,79.000,89.250,1,1
245.000,80.000,89.250,1,1
245.000,81.000,89.250,1,1
245.000,82.000,89.250,1,1
245.000,83.000,89.250,1,1
245.000,84.000,89.250,1,1
245.000,85.000,89.250,1,1
245.000,86.000,89.250,1,1
245.000,87.000,89.250,1,1
245.000,88.000,89.250,1,1
245.000,89.000,89.250,1,1
245.000,90.000,89.250,0,1
245.000,91.000,89.250,0,1
245.000,92.000,89.250,0,1
245.000,93.000,89.250,0,1
245.000,94.000,89.250,0,1
245.000,95.000,89.250,0,1
245.000,96.000,89.250,0,1
245.000,97.000,89.250,0,1
245.000,98.000,89.250,0,1
245.000,99.000,89.250,0,1
245.000,100.000,89.250,0,1
245.000,101.000,89.250,0,1
245.000,102.000,89.250,0,1
245.000,103.000,89.250,0,1
245.000,104.000,89.250,0,1
245.000,105.000,89.250,0,1
245.000,106.000,89.250,0,1
245.000,107.000,89.250,0,1
245.000,108.000,89.250,0,1
245.000,109.000,89.250,0,1
245.000,110.000,89.250,0,1
245.000,111.000,89.250,0,1
245.000,112.000,89.250,0,1
245.000,113.000,89.250,0,1
245.000,114.000,89.250,0,1
245.000,115.000,89.250,0,1
245.000,116.000,89.250,0,1
245.000,117.000,89.250,0,1
245.000,118.000,89.250,0,1
245.000,119.000,89.250,0,1
245.000,120.000,89.250,0,1
245.000,121.000,89.250,0,1
245.000,122.000,89.250,0,1
245.000,123.000,89.250,0,1
245.000,124.000,89.250,0,1
245.000,125.000,89.250,0,1
245.000,126.000,89.250,0,1
245.000,127.000,89.250,0,1
245.000,128.000,89.250,0,1
245.000,129.000,89.250,0,1
245.000,130.000,89.250,0,1
245.000,131.000,89.250,0,1
245.000,132.000,89.250,0,1
245.000,133.000,89.250,0,1
245.000,134.000,89.250,0,1
245.000,135.000,89.250,0,1
245.000,136.000,89.250,0,1
245.000,137.000,89.250,0,1
245.000,138.000,89.250,0,1
245.000,139.000,89.250,0,1
245.000,140.000,89.250,0,1
245.000,141.000,89.250,0,1
245.000,142.000,89.250,0,1
245.000,143.000,89.250,0,1
245.000,144.000,89.250,0,1
245.000,145.000,89.250,0,1
245.000,146.000,89.250,0,1
245.000,147.000,89.250,0,1
245.000,148.000,89.250,0,1
245.000,149.000,89.250,0,1
245.000,150.000,89.250,0,1
245.000,151.000,89.250,0,1
245.000,152.000,89.250,0,1
245.000,153.000,89.250,0,1
245.000,154.000,89.250,0,1
245.000,155.000,89.250,0,1
245.000,156.000,89.250,0,1
245.000,157.000,89.250,0,1
245.000,158.000,89.250,0,1
245.000,159.000,89.250,0,1
245.000,160.000,89.250,0,1
245.000,161.000,89.250,0,1
245.000,162.000,89.250,0,1
245.000,163.000,89.250,0,1
245.000,164.000,89.250,0,1
245.000,165.000,89.250,0,1
245.000,166.000,89.250,0,1
245.000,167.000,89.250,0,1
245.000,168.000,89.250,0,1
245.000,169.000,89.250,0,1
245.000,170.000,89.250,0,0
245.000,171.000,89.250,0,0
245.000,172.000,89.250,0,0
245.000,173.000,89.250,0,0
245.000,174.000,89.250,0,0
245.000,175.000,89.250,0,0
245.000,176.000,89.250,0,0
245.000,177.000,89.250,0,0
245.000,178.000,89.250,0,0
245.000,179.000,89.250,0,0
245.000,180.000,89.250,0,0
247.500,20.000,88.375,1,1
247.500,21.000,88.375,1,1
247.500,22.000,88.375,1,1
247.500,23.000,88.375,1,1
247.500,24.000,88.375,1,1
247.500,25.000,88.375,1,1
247.500,26.000,88.375,1,1
247.500,27.000,88.375,1,1
247.500,28.000,88.375,1,1
247.500,29.000,88.375,1,1
247.500,30.000,88.375,1,1
247.500,31.000,88.375,1,1
247.500,32.000,88.375,1,1
247.500,33.000,88.375,1,1
247.500,34.000,88.375,1,1
247.500,35.000,88.375,1,1
247.500,36.000,88.375,1,1
247.500,37.000,88.375,1,1
247.500,38.000,88.375,1,1
247.500,39.000,88.375,1,1
247.500,40.000,88.375,1,1
247.500,41.000,88.375,1,1
247.500,42.000,88.375,1,1
247.500,43.000,88.375,1,1
247.500,44.000,88.375,1,1
247.500,45.000,88.375,1,1
247.500,46.000,88.375,1,1
247.500,47.000,88.375,1,1
247.500,48.000,88.375,1,1
247.500,49.000,88.375,1,1
247.500,50.000,88.375,1,1
247.500,51.000,88.375,1,1
247.500,52.000,88.375,1,1
247.500,53.000,88.375,1,1
247.500,54.000,88.375,1,1
247.500,55.000,88.375,1,1
247.500,56.000,88.375,1,1
247.500,57.000,88.375,1,1
247.500,58.000,88.375,1,1
247.500,59.000,88.375,1,1
247.500,60.000,88.375,1,1
247.500,61.000,88.375,1,1
247.500,62.000,88.375,1,1
247.500,63.000,88.375,1,1
247.500,64.000,88.375,1,1
247.500,65.000,88.375,1,1
247.500,66.000,88.375,1,1
247.500,67.000,88.375,1,1
247.500,68.000,88.375,1,1
247.500,69.000,88.375,1,1
247.500,70.000,88.375,1,1
247.500,71.000,88.375,1,1
247.500,72.000,88.375,1,1
247.500,73.000,88.375,1,1
247.500,74.000,88.375,1,1
247.500,75.000,88.375,1,1
247.500,76.000,88.375,1,1
247.500,77.000,88.375,1,1
247.500,78.000,88.375,1,1
247.500,79.000,88.375,1,1
247.500,80.000,88.375,1,1
247.500,81.000,88.375,1,1
247.500,82.000,88.375,1,1
247.500,83.000,88.375,1,1
247.500,84.000,88.375,1,1
247.500,85.000,88.375,1,1
247.500,86.000,88.375,1,1
247.500,87.000,88.375,1,1
247.500,88.000,88.375,1,1
247.500,89.000,88.375,0,1
247.500,90.000,88.375,0,1
247.500,91.000,88.375,0,1
247.500,92.000,88.375,0,1
247.500,93.000,88.375,0,1
247.500,94.000,88.375,0,1
247.500,95.000,88.375,0,1
247.500,96.000,88.375,0,1
247.500,97.000,88.375,0,1
247.500,98.000,88.375,0,1
247.500,99.000,88.375,0,1
247.500,100.000,88.375,0,1
247.500,101.000,88.375,0,1
247.500,102.000,88.375,0,1
247.500,103.000,88.375,0,1
247.500,104.000,88.375,0,1
247.500,105.000,88.375,0,1
247.500,106.000,88.375,0,1
247.500,107.000,88.375,0,1
247.500,108.000,88.375,0,1
247.500,109.000,88.375,0,1
247.500,110.000,88.375,0,1
247.500,111.000,88.375,0,1
247.500,112.000,88.375,0,1
247.500,113.000,88.375,0,1
247.500,114.000,88.375,0,1
247.500,115.000,88.375,0,1
247.500,116.000,88.375,0,1
247.500,117.000,88.375,0,1
247.500,118.000,88.375,0,1
247.500,119.000,88.375,0,1
247.500,120.000,88.375,0,1
247.500,121.000,88.375,0,1
247.500,122.000,88.375,0,1
247.500,123.000,88.375,0,1
247.500,124.000,88.375,0,1
247.500,125.000,88.375,0,1
247.500,126.000,88.375,0,1
247.500,127.000,88.375,0,1
247.500,128.000,88.375,0,1
247.500,129.000,88.375,0,1
247.500,130.000,88.375,0,1
247.500,131.000,88.375,0,1
247.500,132.000,88.375,0,1
247.500,133.000,88.375,0,1
247.500,134.000,88.375,0,1
247.500,135.000,88.375,0,1
247.500,136.000,88.375,0,1
247.500,137.000,88.375,0,1
247.500,138.000,88.375,0,1
247.500,139.000,88.375,0,1
247.500,140.000,88.375,0,1
247.500,141.000,88.375,0,1
247.500,142.000,88.375,0,1
247.500,143.000,88.375,0,1
247.500,144.000,88.375,0,1
247.500,145.000,88.375,0,1
247.500,146.000,88.375,0,1
247.500,147.000,88.375,0,1
247.500,148.000,88.375,0,1
247.500,149.000,88.375,0,1
247.500,150.000,88.375,0,1
247.500,151.000,88.375,0,1
247.500,152.000,88.375,0,1
247.500,153.000,88.375,0,1
247.500,154.000,88.375,0,1
247.500,155.000,88.375,0,1
247.500,156.000,88.375,0,1
247.500,157.000,88.375,0,1
247.500,158.000,88.375,0,1
247.500,159.000,88.375,0,1
247.500,160.000,88.375,0,1
247.500,161.000,88.375,0,1
247.500,162.000,88.375,0,1
247.500,163.000,88.375,0,1
247.500,164.000,88.375,0,1
247.500,165.000,88.375,0,1
247.500,166.000,88.375,0,1
247.500,167.000,88.375,0,1
247.500,168.000,88.375,0,1
247.500,169.000,88.375,0,0
247.500,170.000,88.375,0,0
247.500,171.000,88.375,0,0
247.500,172.000,88.375,0,0
247.500,173.000,88.375,0,0
247.500,174.000,88.375,0,0
247.500,175.000,88.375,0,0
247.500,176.000,88.375,0,0
247.500,177.000,88.375,0,0
247.500,178.000,88.375,0,0
247.500,179.000,88.375,0,0
247.500,180.000,88.375,0,0
250.000,20.000,87.500,1,1
250.000,21.000,87.500,1,1
250.000,22.000,87.500,1,1
250.000,23.000,87.500,1,1
250.000,24.000,87.500,1,1
250.000,25.000,87.500,1,1
250.000,26.000,87.500,1,1
250.000,27.000,87.500,1,1
250.000,28.000,87.500,1,1
250.000,29.000,87.500,1,1
250.000,30.000,87.500,1,1
250.000,31.000,87.500,1,1
250.000,32.000,87.500,1,1
250.000,33.000,87.500,1,1
250.000,34.000,87.500,1,1
250.000,35.000,87.500,1,1
250.000,36.000,87.500,1,1
250.000,37.000,87.500,1,1
250.000,38.000,87.500,1,1
250.000,39.000,87.500,1,1
250.000,40.000,87.500,1,1
250.000,41.000,87.500,1,1
250.000,42.000,87.500,1,1
250.000,43.000,87.500,1,1
250.000,44.000,87.500,1,1
250.000,45.000,87.500,1,1
250.000,46.000,87.500,1,1
250.000,47.000,87.500,1,1
250.000,48.000,87.500,1,1
250.000,49.000,87.500,1,1
250.000,50.000,87.500,1,1
250.000,51.000,87.500,1,1
250.000,52.000,87.500,1,1
250.000,53.000,87.500,1,1
250.000,54.000,87.500,1,1
250.000,55.000,87.500,1,1
250.000,56.000,87.500,1,1
250.000,57.000,87.500,1,1
250.000,58.000,87.500,1,1
250.000,59.000,87.500,1,1
250.000,60.000,87.500,1,1
250.000,61.000,87.500,1,1
250.000,62.000,87.500,1,1
250.000,63.000,87.500,1,1
250.000,64.000,87.500,1,1
250.000,65.000,87.500,1,1
250.000,66.000,87.500,1,1
250.000,67.000,87.500,1,1
250.000,68.000,87.500,1,1
250.000,69.000,87.500,1,1
250.000,70.000,87.500,1,1
250.000,71.000,87.500,1,1
250.000,72.000,87.500,1,1
250.000,73.000,87.500,1,1
250.000,74.000,87.500,1,1
250.000,75.000,87.500,1,1
250.000,76.000,87.500,1,1
250.000,77.000,87.500,1,1
250.000,78.000,87.500,1,1
250.000,79.000,87.500,1,1
250.000,80.000,87.500,1,1
250.000,81.000,87.500,1,1
250.000,82.000,87.500,1,1
250.000,83.000,87.500,1,1
250.000,84.000,87.500,1,1
250.000,85.000,87.500,1,1
250.000,86.000,87.500,1,1
250.000,87.000,87.500,1,1
250.000,88.000,87.500,0,1
250.000,89.000,87.500,0,1
250.000,90.000,87.500,0,1
250.000,91.000,87.500,0,1
250.000,92.000,87.500,0,1
250.000,93.000,87.500,0,1
250.000,94.000,87.500,0,1
250.000,95.000,87.500,0,1
250.000,96.000,87.500,0,1
250.000,97.000,87.500,0,1
250.000,98.000,87.500,0,1
250.000,99.000,87.500,0,1
250.000,100.000,87.500,0,1
250.000,101.000,87.500,0,1
250.000,102.000,87.500,0,1
250.000,103.000,87.500,0,1
250.000,104.000,87.500,0,1
250.000,105.000,87.500,0,1
250.000,106.000,87.500,0,1
250.000,107.000,87.500,0,1
250.000,108.000,87.500,0,1
250.000,109.000,87.500,0,1
250.000,110.000,87.500,0,1
250.000,111.000,87.500,0,1
250.000,112.000,87.500,0,1
250.000,113.000,87.500,0,1
250.000,114.000,87.500,0,1
250.000,115.000,87.500,0,1
250.000,116.000,87.500,0,1
250.000,117.000,87.500,0,1
250.000,118.000,87.500,0,1
250.000,119.000,87.500,0,1
250.000,120.000,87.500,0,1
250.000,121.000,87.500,0,1
250.000,122.000,87.500,0,1
250.000,123.000,87.500,0,1
250.000,124.000,87.500,0,1
250.000,125.000,87.500,0,1
250.000,126.000,87.500,0,1
250.000,127.000,87.500,0,1
250.000,128.000,87.500,0,1
250.000,129.000,87.500,0,1
250.000,130.000,87.500,0,1
250.000,131.000,87.500,0,1
250.000,132.000,87.500,0,1
250.000,133.000,87.500,0,1
250.000,134.000,87.500,0,1
250.000,135.000,87.500,0,1
250.000,136.000,87.500,0,1
250.000,137.000,87.500,0,1
250.000,138.000,87.500,0,1
250.000,139.000,87.500,0,1
250.000,140.000,87.500,0,1
250.000,141.000,87.500,0,1
250.000,142.000,87.500,0,1
250.000,143.000,87.500,0,1
250.000,144.000,87.500,0,1
250.000,145.000,87.500,0,1
250.000,146.000,87.500,0,1
250.000,147.000,87.500,0,1
250.000,148.000,87.500,0,1
250.000,149.000,87.500,0,1
250.000,150.000,87.500,0,1
250.000,151.000,87.500,0,1
250.000,152.000,87.500,0,1
250.000,153.000,87.500,0,1
250.000,154.000,87.500,0,1
250.000,155.000,87.500,0,1
250.000,156.000,87.500,0,1
250.000,157.000,87.500,0,1
250.000,158.000,87.500,0,1
250.000,159.000,87.500,0,1
250.000,160.000,87.500,0,1
250.000,161.000,87.500,0,1
250.000,162.000,87.500,0,1
250.000,163.000,87.500,0,1
250.000,164.000,87.500,0,1
250.000,165.000,87.500,0,1
250.000,166.000,87.500,0,1
250.000,167.000,87.500,0,1
250.000,168.000,87.500,0,0
250.000,169.000,87.500,0,0
250.000,170.000,87.500,0,0
250.000,171.000,87.500,0,0
250.000,172.000,87.500,0,0
250.000,173.000,87.500,0,0
250.000,174.000,87.500,0,0
250.000,175.000,87.500,0,0
250.000,176.000,87.500,0,0
250.000,177.000,87.500,0,0
250.000,178.000,87.500,0,0
250.000,179.000,87.500,0,0
250.000,180.000,87.500,0,0
252.500,20.000,86.625,1,1
252.500,21.000,86.625,1,1
252.500,22.000,86.625,1,1
252.500,23.000,86.625,1,1
252.500,24.000,86.625,1,1
252.500,25.000,86.625,1,1
252.500,26.000,86.625,1,1
252.500,27.000,86.625,1,1
252.500,28.000,86.625,1,1
252.500,29.000,86.625,1,1
252.500,30.000,86.625,1,1
252.500,31.000,86.625,1,1
252.500,32.000,86.625,1,1
252.500,33.000,86.625,1,1
252.500,34.000,86.625,1,1
252.500,35.000,86.625,1,1
252.500,36.000,86.625,1,1
252.500,37.000,86.625,1,1
252.500,38.000,86.625,1,1
252.500,39.000,86.625,1,1
252.500,40.000,86.625,1,1
252.500,41.000,86.625,1,1
252.500,42.000,86.625,1,1
252.500,43.000,86.625,1,1
252.500,44.000,86.625,1,1
252.500,45.000,86.625,1,1
252.500,46.000,86.625,1,1
252.500,47.000,86.625,1,1
252.500,48.000,86.625,1,1
252.500,49.000,86.625,1,1
252.500,50.000,86.625,1,1
252.500,51.000,86.625,1,1
252.500,52.000,86.625,1,1
252.500,53.000,86.625,1,1
252.500,54.000,86.625,1,1
252.500,55.000,86.625,1,1
252.500,56.000,86.625,1,1
252.500,57.000,86.625,1,1
252.500,58.000,86.625,1,1
252.500,59.000,86.625,1,1
252.500,60.000,86.625,1,1
252.500,61.000,86.625,1,1
252.500,62.000,86.625,1,1
252.500,63.000,86.625,1,1
252.500,64.000,86.625,1,1
252.500,65.000,86.625,1,1
252.500,66.000,86.625,1,1
252.500,67.000,86.625,1,1
252.500,68.000,86.625,1,1
252.500,69.000,86.625,1,1
252.500,70.000,86.625,1,1
252.500,71.000,86.625,1,1
252.500,72.000,86.625,1,1
252.500,73.000,86.625,1,1
252.500,74.000,86.625,1,1
252.500,75.000,86.625,1,1
252.500,76.000,86.625,1,1
252.500,77.000,86.625,1,1
252.500,78.000,86.625,1,1
252.500,79.000,86.625,1,1
252.500,80.000,86.625,1,1
252.500,81.000,86.625,1,1
252.500,82.000,86.625,1,1
252.500,83.000,86.625,1,1
252.500,84.000,86.625,1,1
252.500,85.000,86.625,1,1
252.500,86.000,86.625,1,1
252.500,87.000,86.625,0,1
252.500,88.000,86.625,0,1
252.500,89.000,86.625,0,1
252.500,90.000,86.625,0,1
252.500,91.000,86.625,0,1
252.500,92.000,86.625,0,1
252.500,93.000,86.625,0,1
252.500,94.000,86.625,0,1
252.500,95.000,86.625,0,1
252.500,96.000,86.625,0,1
252.500,97.000,86.625,0,1
252.500,98.000,86.625,0,1
252.500,99.000,86.625,0,1
252.500,100.000,86.625,0,1
252.500,101.000,86.625,0,1
252.500,102.000,86.625,0,1
252.500,103.000,86.625,0,1
252.500,104.000,86.625,0,1
252.500,105.000,86.625,0,1
252.500,106.000,86.625,0,1
252.500,107.000,86.625,0,1
252.500,108.000,86.625,0,1
252.500,109.000,86.625,0,1
252.500,110.000,86.625,0,1
252.500,111.000,86.625,0,1
252.500,112.000,86.625,0,1
252.500,113.000,86.625,0,1
252.500,114.000,86.625,0,1
252.500,115.000,86.625,0,1
252.500,116.000,86.625,0,1
252.500,117.000,86.625,0,1
252.500,118.000,86.625,0,1
252.500,119.000,86.625,0,1
252.500,120.000,86.625,0,1
252.500,121.000,86.625,0,1
252.500,122.000,86.625,0,1
252.500,123.000,86.625,0,1
252.500,124.000,86.625,0,1
252.500,125.000,86.625,0,1
252.500,126.000,86.625,0,1
252.500,127.000,86.625,0,1
252.500,128.000,86.625,0,1
252.500,129.000,86.625,0,1
252.500,130.000,86.625,0,1
252.500,131.000,86.625,0,1
252.500,132.000,86.625,0,1
252.500,133.000,86.625,0,1
252.500,134.000,86.625,0,1
252.500,135.000,86.625,0,1
252.500,136.000,86.625,0,1
252.500,137.000,86.625,0,1
252.500,138.000,86.625,0,1
252.500,139.000,86.625,0,1
252.500,140.000,86.625,0,1
252.500,141.000,86.625,0,1
252.500,142.000,86.625,0,1
252.500,143.000,86.625,0,1
252.500,144.000,86.625,0,1
252.500,145.000,86.625,0,1
252.500,146.000,86.625,0,1
252.500,147.000,86.625,0,1
252.500,148.000,86.625,0,1
252.500,149.000,86.625,0,1
252.500,150.000,86.625,0,1
252.500,151.000,86.625,0,1
252.500,152.000,86.625,0,1
252.500,153.000,86.625,0,1
252.500,154.000,86.625,0,1
252.500,155.000,86.625,0,1
252.500,156.000,86.625,0,1
252.500,157.000,86.625,0,1
252.500,158.000,86.625,0,1
252.500,159.000,86.625,0,1
252.500,160.000,86.625,0,1
252.500,161.000,86.625,0,1
252.500,162.000,86.625,0,1
252.500,163.000,86.625,0,1
252.500,164.000,86.625,0,1
252.500,165.000,86.625,0,1
252.500,166.000,86.625,0,1
252.500,167.000,86.625,0,0
252.500,168.000,86.625,0,0
252.500,169.000,86.625,0,0
252.500,170.000,86.625,0,0
252.500,171.000,86.625,0,0
252.500,172.000,86.625,0,0
252.500,173.000,86.625,0,0
252.500,174.000,86.625,0,0
252.500,175.000,86.625,0,0
252.500,176.000,86.625,0,0
252.500,177.000,86.625,0,0
252.500,178.000,86.625,0,0
252.500,179.000,86.625,0,0
252.500,180.000,86.625,0,0
255.000,20.000,85.750,1,1
255.000,21.000,85.750,1,1
255.000,22.000,85.750,1,1
255.000,23.000,85.750,1,1
255.000,24.000,85.750,1,1
255.000,25.000,85.750,1,1
255.000,26.000,85.750,1,1
255.000,27.000,85.750,1,1
255.000,28.000,85.750,1,1
255.000,29.000,85.750,1,1
255.000,30.000,85.750,1,1
255.000,31.000,85.750,1,1
255.000,32.000,85.750,1,1
255.000,33.000,85.750,1,1
255.000,34.000,85.750,1,1
255.000,35.000,85.750,1,1
255.000,36.000,85.750,1,1
255.000,37.000,85.750,1,1
255.000,38.000,85.750,1,1
255.000,39.000,85.750,1,1
255.000,40.000,85.750,1,1
255.000,41.000,85.750,1,1
255.000,42.000,85.750,1,1
255.000,43.000,85.750,1,1
255.000,44.000,85.750,1,1
255.000,45.000,85.750,1,1
255.000,46.000,85.750,1,1
255.000,47.000,85.750,1,1
255.000,48.000,85.750,1,1
255.000,49.000,85.750,1,1
255.000,50.000,85.750,1,1
255.000,51.000,85.750,1,1
255.000,52.000,85.750,1,1
255.000,53.000,85.750,1,1
255.000,54.000,85.750,1,1
255.000,55.000,85.750,1,1
255.000,56.000,85.750,1,1
255.000,57.000,85.750,1,1
255.000,58.000,85.750,1,1
255.000,59.000,85.750,1,1
255.000,60.000,85.750,1,1
255.000,61.000,85.750,1,1
255.000,62.000,85.750,1,1
255.000,63.000,85.750,1,1
255.000,64.000,85.750,1,1
255.000,65.000,85.750,1,1
255.000,66.000,85.750,1,1
255.000,67.000,85.750,1,1
255.000,68.000,85.750,1,1
255.000,69.000,85.750,1,1
255.000,70.000,85.750,1,1
255.000,71.000,85.750,1,1
255.000,72.000,85.750,1,1
255.000,73.000,85.750,1,1
255.000,74.000,85.750,1,1
255.000,75.000,85.750,1,1
255.000,76.000,85.750,1,1
255.000,77.000,85.750,1,1
255.000,78.000,85.750,1,1
255.000,79.000,85.750,1,1
255.000,80.000,85.750,1,1
255.000,81.000,85.750,1,1
255.000,82.000,85.750,1,1
255.000,83.000,85.750,1,1
255.000,84.000,85.750,1,1
255.000,85.000,85.750,1,1
255.000,86.000,85.750,0,1
255.000,87.000,85.750,0,1
255.000,88.000,85.750,0,1
255.000,89.000,85.750,0,1
255.000,90.000,85.750,0,1
255.000,91.000,85.750,0,1
255.000,92.000,85.750,0,1
255.000,93.000,85.750,0,1
255.000,94.000,85.750,0,1
255.000,95.000,85.750,0,1
255.000,96.000,85.750,0,1
255.000,97.000,85.750,0,1
255.000,98.000,85.750,0,1
255.000,99.000,85.750,0,1
255.000,100.000,85.750,0,1
255.000,101.000,85.750,0,1
255.000,102.000,85.750,0,1
255.000,103.000,85.750,0,1
255.000,104.000,85.750,0,1
255.000,105.000,85.750,0,1
255.000,106.000,85.750,0,1
255.000,107.000,85.750,0,1
255.000,108.000,85.750,0,1
255.000,109.000,85.750,0,1
255.000,110.000,85.750,0,1
255.000,111.000,85.750,0,1
255.000,112.000,85.750,0,1
255.000,113.000,85.750,0,1
255.000,114.000,85.750,0,1
255.000,115.000,85.750,0,1
255.000,116.000,85.750,0,1
255.000,117.000,85.750,0,1
255.000,118.000,85.750,0,1
255.000,119.000,85.750,0,1
255.000,120.000,85.750,0,1
255.000,121.000,85.750,0,1
255.000,122.000,85.750,0,1
255.000,123.000,85.750,0,1
255.000,124.000,85.750,0,1
255.000,125.000,85.750,0,1
255.000,126.000,85.750,0,1
255.000,127.000,85.750,0,1
255.000,128.000,85.750,0,1
255.000,129.000,85.750,0,1
255.000,130.000,85.750,0,1
255.000,131.000,85.750,0,1
255.000,132.000,85.750,0,1
255.000,133.000,85.750,0,1
255.000,134.000,85.750,0,1
255.000,135.000,85.750,0,1
255.000,136.000,85.750,0,1
255.000,137.000,85.750,0,1
255.000,138.000,85.750,0,1
255.000,139.000,85.750,0,1
255.000,140.000,85.750,0,1
255.000,141.000,85.750,0,1
255.000,142.000,85.750,0,1
255.000,143.000,85.750,0,1
255.000,144.000,85.750,0,1
255.000,145.000,85.750,0,1
255.000,146.000,85.750,0,1
255.000,147.000,85.750,0,1
255.000,148.000,85.750,0,1
255.000,149.000,85.750,0,1
255.000,150.000,85.750,0,1
255.000,151.000,85.750,0,1
255.000,152.000,85.750,0,1
255.000,153.000,85.750,0,1
255.000,154.000,85.750,0,1
255.000,155.000,85.750,0,1
255.000,156.000,85.750,0,1
255.000,157.000,85.750,0,1
255.000,158.000,85.750,0,1
255.000,159.000,85.750,0,1
255.000,160.000,85.750,0,1
255.000,161.000,85.750,0,1
255.000,162.000,85.750,0,1
255.000,163.000,85.750,0,1
255.000,164.000,85.750,0,1
255.000,165.000,85.750,0,1
255.000,166.000,85.750,0,0
255.000,167.000,85.750,0,0
255.000,168.000,85.750,0,0
255.000,169.000,85.750,0,0
255.000,170.000,85.750,0,0
255.000,171.000,85.750,0,0
255.000,172.000,85.750,0,0
255.000,173.000,85.750,0,0
255.000,174.000,85.750,0,0
255.000,175.000,85.750,0,0
255.000,176.000,85.750,0,0
255.000,177.000,85.750,0,0
255.000,178.000,85.750,0,0
255.000,179.000,85.750,0,0
255.000,180.000,85.750,0,0
257.500,20.000,84.875,1,1
257.500,21.000,84.875,1,1
257.500,22.000,84.875,1,1
257.500,23.000,84.875,1,1
257.500,24.000,84.875,1,1
257.500,25.000,84.875,1,1
257.500,26.000,84.875,1,1
257.500,27.000,84.875,1,1
257.500,28.000,84.875,1,1
257.500,29.000,84.875,1,1
257.500,30.000,84.875,1,1
257.500,31.000,84.875,1,1
257.500,32.000,84.875,1,1
257.500,33.000,84.875,1,1
257.500,34.000,84.875,1,1
257.500,35.000,84.875,1,1
257.500,36.000,84.875,1,1
257.500,37.000,84.875,1,1
257.500,38.000,84.875,1,1
257.500,39.000,84.875,1,1
257.500,40.000,84.875,1,1
257.500,41.000,84.875,1,1
257.500,42.000,84.875,1,1
257.500,43.000,84.875,1,1
257.500,44.000,84.875,1,1
257.500,45.000,84.875,1,1
257.500,46.000,84.875,1,1
257.500,47.000,84.875,1,1
257.500,48.000,84.875,1,1
257.500,49.000,84.875,1,1
257.500,50.000,84.875,1,1
257.500,51.000,84.875,1,1
257.500,52.000,84.875,1,1
257.500,53.000,84.875,1,1
257.500,54.000,84.875,1,1
257.500,55.000,84.875,1,1
257.500,56.000,84.875,1,1
257.500,57.000,84.875,1,1
257.500,58.000,84.875,1,1
257.500,59.000,84.875,1,1
257.500,60.000,84.875,1,1
257.500,61.000,84.875,1,1
257.500,62.000,84.875,1,1
257.500,63.000,84.875,1,1
257.500,64.000,84.875,1,1
257.500,65.000,84.875,1,1
257.500,66.000,84.875,1,1
257.500,67.000,84.875,1,1
257.500,68.000,84.875,1,1
257.500,69.000,84.875,1,1
257.500,70.000,84.875,1,1
257.500,71.000,84.875,1,1
257.500,72.000,84.875,1,1
257.500,73.000,84.875,1,1
257.500,74.000,84.875,1,1
257.500,75.000,84.875,1,1
257.500,76.000,84.875,1,1
257.500,77.000,84.875,1,1
257.500,78.000,84.875,1,1
257.500,79.000,84.875,1,1
257.500,80.000,84.875,1,1
257.500,81.000,84.875,1,1
257.500,82.000,84.875,1,1
257.500,83.000,84.875,1,1
257.500,84.000,84.875,1,1
257.500,85.000,84.875,0,1
257.500,86.000,84.875,0,1
257.500,87.000,84.875,0,1
257.500,88.000,84.875,0,1
257.500,89.000,84.875,0,1
257.500,90.000,84.875,0,1
257.500,91.000,84.875,0,1
257.500,92.000,84.875,0,1
257.500,93.000,84.875,0,1
257.500,94.000,84.875,0,1
257.500,95.000,84.875,0,1
257.500,96.000,84.875,0,1
257.500,97.000,84.875,0,1
257.500,98.000,84.875,0,1
257.500,99.000,84.875,0,1
257.500,100.000,84.875,0,1
257.500,101.000,84.875,0,1
257.500,102.000,84.875,0,1
257.500,103.000,84.875,0,1
257.500,104.000,84.875,0,1
257.500,105.000,84.875,0,1
257.500,106.000,84.875,0,1
257.500,107.000,84.875,0,1
257.500,108.000,84.875,0,1
257.500,109.000,84.875,0,1
257.500,110.000,84.875,0,1
257.500,111.000,84.875,0,1
257.500,112.000,84.875,0,1
257.500,113.000,84.875,0,1
257.500,114.000,84.875,0,1
257.500,115.000,84.875,0,1
257.500,116.000,84.875,0,1
257.500,117.000,84.875,0,1
257.500,118.000,84.875,0,1
257.500,119.000,84.875,0,1
257.500,120.000,84.875,0,1
257.500,121.000,84.875,0,1
257.500,122.000,84.875,0,1
257.500,123.000,84.875,0,1
257.500,124.000,84.875,0,1
257.500,125.000,84.875,0,1
257.500,126.000,84.875,0,1
257.500,127.000,84.875,0,1
257.500,128.000,84.875,0,1
257.500,129.000,84.875,0,1
257.500,130.000,84.875,0,1
257.500,131.000,84.875,0,1
257.500,132.000,84.875,0,1
257.500,133.000,84.875,0,1
257.500,134.000,84.875,0,1
257.500,135.000,84.875,0,1
257.500,136.000,84.875,0,1
257.500,137.000,84.875,0,1
257.500,138.000,84.875,0,1
257.500,139.000,84.875,0,1
257.500,140.000,84.875,0,1
257.500,141.000,84.875,0,1
257.500,142.000,84.875,0,1
257.500,143.000,84.875,0,1
257.500,144.000,84.875,0,1
257.500,145.000,84.875,0,1
257.500,146.000,84.875,0,1
257.500,147.000,84.875,0,1
257.500,148.000,84.875,0,1
257.500,149.000,84.875,0,1
257.500,150.000,84.875,0,1
257.500,151.000,84.875,0,1
257.500,152.000,84.875,0,1
257.500,153.000,84.875,0,1
257.500,154.000,84.875,0,1
257.500,155.000,84.875,0,1
257.500,156.000,84.875,0,1
257.500,157.000,84.875,0,1
257.500,158.000,84.875,0,1
257.500,159.000,84.875,0,1
257.500,160.000,84.875,0,1
257.500,161.000,84.875,0,1
257.500,162.000,84.875,0,1
257.500,163.000,84.875,0,1
257.500,164.000,84.875,0,1
257.500,165.000,84.875,0,0
257.500,166.000,84.875,0,0
257.500,167.000,84.875,0,0
257.500,168.000,84.875,0,0
257.500,169.000,84.875,0,0
257.500,170.000,84.875,0,0
257.500,171.000,84.875,0,0
257.500,172.000,84.875,0,0
257.500,173.000,84.875,0,0
257.500,174.000,84.875,0,0
257.500,175.000,84.875,0,0
257.500,176.000,84.875,0,0
257.500,177.000,84.875,0,0
257.500,178.000,84.875,0,0
257.500,179.000,84.875,0,0
257.500,180.000,84.875,0,0
260.000,20.000,84.000,1,1
260.000,21.000,84.000,1,1
260.000,22.000,84.000,1,1
260.000,23.000,84.000,1,1
260.000,24.000,84.000,1,1
260.000,25.000,84.000,1,1
260.000,26.000,84.000,1,1
260.000,27.000,84.000,1,1
260.000,28.000,84.000,1,1
260.000,29.000,84.000,1,1
260.000,30.000,84.000,1,1
260.000,31.000,84.000,1,1
260.000,32.000,84.000,1,1
260.000,33.000,84.000,1,1
260.000,34.000,84.000,1,1
260.000,35.000,84.000,1,1
260.000,36.000,84.000,1,1
260.000,37.000,84.000,1,1
260.000,38.000,84.000,1,1
260.000,39.000,84.000,1,1
260.000,40.000,84.000,1,1
260.000,41.000,84.000,1,1
260.000,42.000,84.000,1,1
260.000,43.000,84.000,1,1
260.000,44.000,84.000,1,1
260.000,45.000,84.000,1,1
260.000,46.000,84.000,1,1
260.000,47.000,84.000,1,1
260.000,48.000,84.000,1,1
260.000,49.000,84.000,1,1
260.000,50.000,84.000,1,1
260.000,51.000,84.000,1,1
260.000,52.000,84.000,1,1
260.000,53.000,84.000,1,1
260.000,54.000,84.000,1,1
260.000,55.000,84.000,1,1
260.000,56.000,84.000,1,1
260.000,57.000,84.000,1,1
260.000,58.000,84.000,1,1
260.000,59.000,84.000,1,1
260.000,60.000,84.000,1,1
260.000,61.000,84.000,1,1
260.000,62.000,84.000,1,1
260.000,63.000,84.000,1,1
260.000,64.000,84.000,1,1
260.000,65.000,84.000,1,1
260.000,66.000,84.000,1,1
260.000,67.000,84.000,1,1
260.000,68.000,84.000,1,1
260.000,69.000,84.000,1,1
260.000,70.000,84.000,1,1
260.000,71.000,84.000,1,1
260.000,72.000,84.000,1,1
260.000,73.000,84.000,1,1
260.000,74.000,84.000,1,1
260.000,75.000,84.000,1,1
260.000,76.000,84.000,1,1
260.000,77.000,84.000,1,1
260.000,78.000,84.000,1,1
260.000,79.000,84.000,1,1
260.000,80.000,84.000,1,1
260.000,81.000,84.000,1,1
260.000,82.000,84.000,1,1
260.000,83.000,84.000,1,1
260.000,84.000,84.000,1,1
260.000,85.000,84.000,0,1
260.000,86.000,84.000,0,1
260.000,87.000,84.000,0,1
260.000,88.000,84.000,0,1
260.000,89.000,84.000,0,1
260.000,90.000,84.000,0,1
260.000,91.000,84.000,0,1
260.000,92.000,84.000,0,1
260.000,93.000,84.000,0,1
260.000,94.000,84.000,0,1
260.000,95.000,84.000,0,1
260.000,96.000,84.000,0,1
260.000,97.000,84.000,0,1
260.000,98.000,84.000,0,1
260.000,99.000,84.000,0,1
260.000,100.000,84.000,0,1
260.000,101.000,84.000,0,1
260.000,102.000,84.000,0,1
260.000,103.000,84.000,0,1
260.000,104.000,84.000,0,1
260.000,105.000,84.000,0,1
260.000,106.000,84.000,0,1
260.000,107.000,84.000,0,1
260.000,108.000,84.000,0,1
260.000,109.000,84.000,0,1
260.000,110.000,84.000,0,1
260.000,111.000,84.000,0,1
260.000,112.000,84.000,0,1
260.000,113.000,84.000,0,1
260.000,114.000,84.000,0,1
260.000,115.000,84.000,0,1
260.000,116.000,84.000,0,1
260.000,117.000,84.000,0,1
260.000,118.000,84.000,0,1
260.000,119.000,84.000,0,1
260.000,120.000,84.000,0,1
260.000,121.000,84.000,0,1
260.000,122.000,84.000,0,1
260.000,123.000,84.000,0,1
260.000,124.000,84.000,0,1
260.000,125.000,84.000,0,1
260.000,126.000,84.000,0,1
260.000,127.000,84.000,0,1
260.000,128.000,84.000,0,1
260.000,129.000,84.000,0,1
260.000,130.000,84.000,0,1
260.000,131.000,84.000,0,1
260.000,132.000,84.000,0,1
260.000,133.000,84.000,0,1
260.000,134.000,84.000,0,1
260.000,135.000,84.000,0,1
260.000,136.000,84.000,0,1
260.000,137.000,84.000,0,1
260.000,138.000,84.000,0,1
260.000,139.000,84.000,0,1
260.000,140.000,84.000,0,1
260.000,141.000,84.000,0,1
260.000,142.000,84.000,0,1
260.000,143.000,84.000,0,1
260.000,144.000,84.000,0,1
260.000,145.000,84.000,0,1
260.000,146.000,84.000,0,1
260.000,147.000,84.000,0,1
260.000,148.000,84.000,0,1
260.000,149.000,84.000,0,1
260.000,150.000,84.000,0,1
260.000,151.000,84.000,0,1
260.000,152.000,84.000,0,1
260.000,153.000,84.000,0,1
260.000,154.000,84.000,0,1
260.000,155.000,84.000,0,1
260.000,156.000,84.000,0,1
260.000,157.000,84.000,0,1
260.000,158.000,84.000,0,1
260.000,159.000,84.000,0,1
260.000,160.000,84.000,0,1
260.000,161.000,84.000,0,1
260.000,162.000,84.000,0,1
260.000,163.000,84.000,0,1
260.000,164.000,84.000,0,1
260.000,165.000,84.000,0,0
260.000,166.000,84.000,0,0
260.000,167.000,84.000,0,0
260.000,168.000,84.000,0,0
260.000,169.000,84.000,0,0
260.000,170.000,84.000,0,0
260.000,171.000,84.000,0,0
260.000,172.000,84.000,0,0
260.000,173.000,84.000,0,0
260.000,174.000,84.000,0,0
260.000,175.000,84.000,0,0
260.000,176.000,84.000,0,0
260.000,177.000,84.000,0,0
260.000,178.000,84.000,0,0
260.000,179.000,84.000,0,0
260.000,180.000,84.000,0,0
262.500,20.000,83.125,1,1
262.500,21.000,83.125,1,1
262.500,22.000,83.125,1,1
262.500,23.000,83.125,1,1
262.500,24.000,83.125,1,1
262.500,25.000,83.125,1,1
262.500,26.000,83.125,1,1
262.500,27.000,83.125,1,1
262.500,28.000,83.125,1,1
262.500,29.000,83.125,1,1
262.500,30.000,83.125,1,1
262.500,31.000,83.125,1,1
262.500,32.000,83.125,1,1
262.500,33.000,83.125,1,1
262.500,34.000,83.125,1,1
262.500,35.000,83.125,1,1
262.500,36.000,83.125,1,1
262.500,37.000,83.125,1,1
262.500,38.000,83.125,1,1
262.500,39.000,83.125,1,1
262.500,40.000,83.125,1,1
262.500,41.000,83.125,1,1
262.500,42.000,83.125,1,1
262.500,43.000,83.125,1,1
262.500,44.000,83.125,1,1
262.500,45.000,83.125,1,1
262.500,46.000,83.125,1,1
262.500,47.000,83.125,1,1
262.500,48.000,83.125,1,1
262.500,49.000,83.125,1,1
262.500,50.000,83.125,1,1
262.500,51.000,83.125,1,1
262.500,52.000,83.125,1,1
262.500,53.000,83.125,1,1
262.500,54.000,83.125,1,1
262.500,55.000,83.125,1,1
262.500,56.000,83.125,1,1
262.500,57.000,83.125,1,1
262.500,58.000,83.125,1,1
262.500,59.000,83.125,1,1
262.500,60.000,83.125,1,1
262.500,61.000,83.125,1,1
262.500,62.000,83.125,1,1
262.500,63.000,83.125,1,1
262.500,64.000,83.125,1,1
262.500,65.000,83.125,1,1
262.500,66.000,83.125,1,1
262.500,67.000,83.125,1,1
262.500,68.000,83.125,1,1
262.500,69.000,83.125,1,1
262.500,70.000,83.125,1,1
262.500,71.000,83.125,1,1
262.500,72.000,83.125,1,1
262.500,73.000,83.125,1,1
262.500,74.000,83.125,1,1
262.500,75.000,83.125,1,1
262.500,76.000,83.125,1,1
262.500,77.000,83.125,1,1
262.500,78.000,83.125,1,1
262.500,79.000,83.125,1,1
262.500,80.000,83.125,1,1
262.500,81.000,83.125,1,1
262.500,82.000,83.125,1,1
262.500,83.000,83.125,1,1
262.500,84.000,83.125,0,1
262.500,85.000,83.125,0,1
262.500,86.000,83.125,0,1
262.500,87.000,83.125,0,1
262.500,88.000,83.125,0,1
262.500,89.000,83.125,0,1
262.500,90.000,83.125,0,1
262.500,91.000,83.125,0,1
262.500,92.000,83.125,0,1
262.500,93.000,83.125,0,1
262.500,94.000,83.125,0,1
262.500,95.000,83.125,0,1
262.500,96.000,83.125,0,1
262.500,97.000,83.125,0,1
262.500,98.000,83.125,0,1
262.500,99.000,83.125,0,1
262.500,100.000,83.125,0,1
262.500,101.000,83.125,0,1
262.500,102.000,83.125,0,1
262.500,103.000,83.125,0,1
262.500,104.000,83.125,0,1
262.500,105.000,83.125,0,1
262.500,106.000,83.125,0,1
262.500,107.000,83.125,0,1
262.500,108.000,83.125,0,1
262.500,109.000,83.125,0,1
262.500,110.000,83.125,0,1
262.500,111.000,83.125,0,1
262.500,112.000,83.125,0,1
262.500,113.000,83.125,0,1
262.500,114.000,83.125,0,1
262.500,115.000,83.125,0,1
262.500,116.000,83.125,0,1
262.500,117.000,83.125,0,1
262.500,118.000,83.125,0,1
262.500,119.000,83.125,0,1
262.500,120.000,83.125,0,1
262.500,121.000,83.125,0,1
262.500,122.000,83.125,0,1
262.500,123.000,83.125,0,1
262.500,124.000,83.125,0,1
262.500,125.000,83.125,0,1
262.500,126.000,83.125,0,1
262.500,127.000,83.125,0,1
262.500,128.000,83.125,0,1
262.500,129.000,83.125,0,1
262.500,130.000,83.125,0,1
262.500,131.000,83.125,0,1
262.500,132.000,83.125,0,1
262.500,133.000,83.125,0,1
262.500,134.000,83.125,0,1
262.500,135.000,83.125,0,1
262.500,136.000,83.125,0,1
262.500,137.000,83.125,0,1
262.500,138.000,83.125,0,1
262.500,139.000,83.125,0,1
262.500,140.000,83.125,0,1
262.500,141.000,83.125,0,1
262.500,142.000,83.125,0,1
262.500,143.000,83.125,0,1
262.500,144.000,83.125,0,1
262.500,145.000,83.125,0,1
262.500,146.000,83.125,0,1
262.500,147.000,83.125,0,1
262.500,148.000,83.125,0,1
262.500,149.000,83.125,0,1
262.500,150.000,83.125,0,1
262.500,151.000,83.125,0,1
262.500,152.000,83.125,0,1
262.500,153.000,83.125,0,1
262.500,154.000,83.125,0,1
262.500,155.000,83.125,0,1
262.500,156.000,83.125,0,1
262.500,157.000,83.125,0,1
262.500,158.000,83.125,0,1
262.500,159.000,83.125,0,1
262.500,160.000,83.125,0,1
262.500,161.000,83.125,0,1
262.500,162.000,83.125,0,1
262.500,163.000,83.125,0,1
262.500,164.000,83.125,0,0
262.500,165.000,83.125,0,0
262.500,166.000,83.125,0,0
262.500,167.000,83.125,0,0
262.500,168.000,83.125,0,0
262.500,169.000,83.125,0,0
262.500,170.000,83.125,0,0
262.500,171.000,83.125,0,0
262.500,172.000,83.125,0,0
262.500,173.000,83.125,0,0
262.500,174.000,83.125,0,0
262.500,175.000,83.125,0,0
262.500,176.000,83.125,0,0
262.500,177.000,83.125,0,0
262.500,178.000,83.125,0,0
262.500,179.000,83.125,0,0
262.500,180.000,83.125,0,0
265.000,20.000,82.250,1,1
265.000,21.000,82.250,1,1
265.000,22.000,82.250,1,1
265.000,23.000,82.250,1,1
265.000,24.000,82.250,1,1
265.000,25.000,82.250,1,1
265.000,26.000,82.250,1,1
265.000,27.000,82.250,1,1
265.000,28.000,82.250,1,1
265.000,29.000,82.250,1,1
265.000,30.000,82.250,1,1
265.000,31.000,82.250,1,1
265.000,32.000,82.250,1,1
265.000,33.000,82.250,1,1
265.000,34.000,82.250,1,1
265.000,35.000,82.250,1,1
265.000,36.000,82.250,1,1
265.000,37.000,82.250,1,1
265.000,38.000,82.250,1,1
265.000,39.000,82.250,1,1
265.000,40.000,82.250,1,1
265.000,41.000,82.250,1,1
265.000,42.000,82.250,1,1
265.000,43.000,82.250,1,1
265.000,44.000,82.250,1,1
265.000,45.000,82.250,1,1
265.000,46.000,82.250,1,1
265.000,47.000,82.250,1,1
265.000,48.000,82.250,1,1
265.000,49.000,82.250,1,1
265.000,50.000,82.250,1,1
265.000,51.000,82.250,1,1
265.000,52.000,82.250,1,1
265.000,53.000,82.250,1,1
265.000,54.000,82.250,1,1
265.000,55.000,82.250,1,1
265.000,56.000,82.250,1,1
265.000,57.000,82.250,1,1
265.000,58.000,82.250,1,1
265.000,59.000,82.250,1,1
265.000,60.000,82.250,1,1
265.000,61.000,82.250,1,1
265.000,62.000,82.250,1,1
265.000,63.000,82.250,1,1
265.000,64.000,82.250,1,1
265.000,65.000,82.250,1,1
265.000,66.000,82.250,1,1
265.000,67.000,82.250,1,1
265.000,68.000,82.250,1,1
265.000,69.000,82.250,1,1
265.000,70.000,82.250,1,1
265.000,71.000,82.250,1,1
265.000,72.000,82.250,1,1
265.000,73.000,82.250,1,1
265.000,74.000,82.250,1,1
265.000,75.000,82.250,1,1
265.000,76.000,82.250,1,1
265.000,77.000,82.250,1,1
265.000,78.000,82.250,1,1
265.000,79.000,82.250,1,1
265.000,80.000,82.250,1,1
265.000,81.000,82.250,1,1
265.000,82.000,82.250,1,1
265.000,83.000,82.250,0,1
265.000,84.000,82.250,0,1
265.000,85.000,82.250,0,1
265.000,86.000,82.250,0,1
265.000,87.000,82.250,0,1
265.000,88.000,82.250,0,1
265.000,89.000,82.250,0,1
265.000,90.000,82.250,0,1
265.000,91.000,82.250,0,1
265.000,92.000,82.250,0,1
265.000,93.000,82.250,0,1
265.000,94.000,82.250,0,1
265.000,95.000,82.250,0,1
265.000,96.000,82.250,0,1
265.000,97.000,82.250,0,1
265.000,98.000,82.250,0,1
265.000,99.000,82.250,0,1
265.000,100.000,82.250,0,1
265.000,101.000,82.250,0,1
265.000,102.000,82.250,0,1
265.000,103.000,82.250,0,1
265.000,104.000,82.250,0,1
265.000,105.000,82.250,0,1
265.000,106.000,82.250,0,1
265.000,107.000,82.250,0,1
265.000,108.000,82.250,0,1
265.000,109.000,82.250,0,1
265.000,110.000,82.250,0,1
265.000,111.000,82.250,0,1
265.000,112.000,82.250,0,1
265.000,113.000,82.250,0,1
265.000,114.000,82.250,0,1
265.000,115.000,82.250,0,1
265.000,116.000,82.250,0,1
265.000,117.000,82.250,0,1
265.000,118.000,82.250,0,1
265.000,119.000,82.250,0,1
265.000,120.000,82.250,0,1
265.000,121.000,82.250,0,1
265.000,122.000,82.250,0,1
265.000,123.000,82.250,0,1
265.000,124.000,82.250,0,1
265.000,125.000,82.250,0,1
265.000,126.000,82.250,0,1
265.000,127.000,82.250,0,1
265.000,128.000,82.250,0,1
265.000,129.000,82.250,0,1
265.000,130.000,82.250,0,1
265.000,131.000,82.250,0,1
265.000,132.000,82.250,0,1
265.000,133.000,82.250,0,1
265.000,134.000,82.250,0,1
265.000,135.000,82.250,0,1
265.000,136.000,82.250,0,1
265.000,137.000,82.250,0,1
265.000,138.000,82.250,0,1
265.000,139.000,82.250,0,1
265.000,140.000,82.250,0,1
265.000,141.000,82.250,0,1
265.000,142.000,82.250,0,1
265.000,143.000,82.250,0,1
265.000,144.000,82.250,0,1
265.000,145.000,82.250,0,1
265.000,146.000,82.250,0,1
265.000,147.000,82.250,0,1
265.000,148.000,82.250,0,1
265.000,149.000,82.250,0,1
265.000,150.000,82.250,0,1
265.000,151.000,82.250,0,1
265.000,152.000,82.250,0,1
265.000,153.000,82.250,0,1
265.000,154.000,82.250,0,1
265.000,155.000,82.250,0,1
265.000,156.000,82.250,0,1
265.000,157.000,82.250,0,1
265.000,158.000,82.250,0,1
265.000,159.000,82.250,0,1
265.000,160.000,82.250,0,1
265.000,161.000,82.250,0,1
265.000,162.000,82.250,0,1
265.000,163.000,82.250,0,0
265.000,164.000,82.250,0,0
265.000,165.000,82.250,0,0
265.000,166.000,82.250,0,0
265.000,167.000,82.250,0,0
265.000,168.000,82.250,0,0
265.000,169.000,82.250,0,0
265.000,170.000,82.250,0,0
265.000,171.000,82.250,0,0
265.000,172.000,82.250,0,0
265.000,173.000,82.250,0,0
265.000,174.000,82.250,0,0
265.000,175.000,82.250,0,0
265.000,176.000,82.250,0,0
265.000,177.000,82.250,0,0
265.000,178.000,82.250,0,0
265.000,179.000,82.250,0,0
265.000,180.000,82.250,0,0
267.500,20.000,81.375,1,1
267.500,21.000,81.375,1,1
267.500,22.000,81.375,1,1
267.500,23.000,81.375,1,1
267.500,24.000,81.375,1,1
267.500,25.000,81.375,1,1
267.500,26.000,81.375,1,1
267.500,27.000,81.375,1,1
267.500,28.000,81.375,1,1
267.500,29.000,81.375,1,1
267.500,30.000,81.375,1,1
267.500,31.000,81.375,1,1
267.500,32.000,81.375,1,1
267.500,33.000,81.375,1,1
267.500,34.000,81.375,1,1
267.500,35.000,81.375,1,1
267.500,36.000,81.375,1,1
267.500,37.000,81.375,1,1
267.500,38.000,81.375,1,1
267.500,39.000,81.375,1,1
267.500,40.000,81.375,1,1
267.500,41.000,81.375,1,1
267.500,42.000,81.375,1,1
267.500,43.000,81.375,1,1
267.500,44.000,81.375,1,1
267.500,45.000,81.375,1,1
267.500,46.000,81.375,1,1
267.500,47.000,81.375,1,1
267.500,48.000,81.375,1,1
267.500,49.000,81.375,1,1
267.500,50.000,81.375,1,1
267.500,51.000,81.375,1,1
267.500,52.000,81.375,1,1
267.500,53.000,81.375,1,1
267.500,54.000,81.375,1,1
267.500,55.000,81.375,1,1
267.500,56.000,81.375,1,1
267.500,57.000,81.375,1,1
267.500,58.000,81.375,1,1
267.500,59.000,81.375,1,1
267.500,60.000,81.375,1,1
267.500,61.000,81.375,1,1
267.500,62.000,81.375,1,1
267.500,63.000,81.375,1,1
267.500,64.000,81.375,1,1
267.500,65.000,81.375,1,1
267.500,66.000,81.375,1,1
267.500,67.000,81.375,1,1
267.500,68.000,81.375,1,1
267.500,69.000,81.375,1,1
267.500,70.000,81.375,1,1
267.500,71.000,81.375,1,1
267.500,72.000,81.375,1,1
267.500,73.000,81.375,1,1
267.500,74.000,81.375,1,1
267.500,75.000,81.375,1,1
267.500,76.000,81.375,1,1
267.500,77.000,81.375,1,1
267.500,78.000,81.375,1,1
267.500,79.000,81.375,1,1
267.500,80.000,81.375,1,1
267.500,81.000,81.375,1,1
267.500,82.000,81.375,0,1
267.500,83.000,81.375,0,1
267.500,84.000,81.375,0,1
267.500,85.000,81.375,0,1
267.500,86.000,81.375,0,1
267.500,87.000,81.375,0,1
267.500,88.000,81.375,0,1
267.500,89.000,81.375,0,1
267.500,90.000,81.375,0,1
267.500,91.000,81.375,0,1
267.500,92.000,81.375,0,1
267.500,93.000,81.375,0,1
267.500,94.000,81.375,0,1
267.500,95.000,81.375,0,1
267.500,96.000,81.375,0,1
267.500,97.000,81.375,0,1
267.500,98.000,81.375,0,1
267.500,99.000,81.375,0,1
267.500,100.000,81.375,0,1
267.500,101.000,81.375,0,1
267.500,102.000,81.375,0,1
267.500,103.000,81.375,0,1
267.500,104.000,81.375,0,1
267.500,105.000,81.375,0,1
267.500,106.000,81.375,0,1
267.500,107.000,81.375,0,1
267.500,108.000,81.375,0,1
267.500,109.000,81.375,0,1
267.500,110.000,81.375,0,1
267.500,111.000,81.375,0,1
267.500,112.000,81.375,0,1
267.500,113.000,81.375,0,1
267.500,114.000,81.375,0,1
267.500,115.000,81.375,0,1
267.500,116.000,81.375,0,1
267.500,117.000,81.375,0,1
267.500,118.000,81.375,0,1
267.500,119.000,81.375,0,1
267.500,120.000,81.375,0,1
267.500,121.000,81.375,0,1
267.500,122.000,81.375,0,1
267.500,123.000,81.375,0,1
267.500,124.000,81.375,0,1
267.500,125.000,81.375,0,1
267.500,126.000,81.375,0,1
267.500,127.000,81.375,0,1
267.500,128.000,81.375,0,1
267.500,129.000,81.375,0,1
267.500,130.000,81.375,0,1
267.500,131.000,81.375,0,1
267.500,132.000,81.375,0,1
267.500,133.000,81.375,0,1
267.500,134.000,81.375,0,1
267.500,135.000,81.375,0,1
267.500,136.000,81.375,0,1
267.500,137.000,81.375,0,1
267.500,138.000,81.375,0,1
267.500,139.000,81.375,0,1
267.500,140.000,81.375,0,1
267.500,141.000,81.375,0,1
267.500,142.000,81.375,0,1
267.500,143.000,81.375,0,1
267.500,144.000,81.375,0,1
267.500,145.000,81.375,0,1
267.500,146.000,81.375,0,1
267.500,147.000,81.375,0,1
267.500,148.000,81.375,0,1
267.500,149.000,81.375,0,1
267.500,150.000,81.375,0,1
267.500,151.000,81.375,0,1
267.500,152.000,81.375,0,1
267.500,153.000,81.375,0,1
267.500,154.000,81.375,0,1
267.500,155.000,81.375,0,1
267.500,156.000,81.375,0,1
267.500,157.000,81.375,0,1
267.500,158.000,81.375,0,1
267.500,159.000,81.375,0,1
267.500,160.000,81.375,0,1
267.500,161.000,81.375,0,1
267.500,162.000,81.375,0,0
267.500,163.000,81.375,0,0
267.500,164.000,81.375,0,0
267.500,165.000,81.375,0,0
267.500,166.000,81.375,0,0
267.500,167.000,81.375,0,0
267.500,168.000,81.375,0,0
267.500,169.000,81.375,0,0
267.500,170.000,81.375,0,0
267.500,171.000,81.375,0,0
267.500,172.000,81.375,0,0
267.500,173.000,81.375,0,0
267.500,174.000,81.375,0,0
267.500,175.000,81.375,0,0
267.500,176.000,81.375,0,0
267.500,177.000,81.375,0,0
267.500,178.000,81.375,0,0
267.500,179.000,81.375,0,0
267.500,180.000,81.375,0,0
270.000,20.000,80.500,1,1
270.000,21.000,80.500,1,1
270.000,22.000,80.500,1,1
270.000,23.000,80.500,1,1
270.000,24.000,80.500,1,1
270.000,25.000,80.500,1,1
270.000,26.000,80.500,1,1
270.000,27.000,80.500,1,1
270.000,28.000,80.500,1,1
270.000,29.000,80.500,1,1
270.000,30.000,80.500,1,1
270.000,31.000,80.500,1,1
270.000,32.000,80.500,1,1
270.000,33.000,80.500,1,1
270.000,34.000,80.500,1,1
270.000,35.000,80.500,1,1
270.000,36.000,80.500,1,1
270.000,37.000,80.500,1,1
270.000,38.000,80.500,1,1
270.000,39.000,80.500,1,1
270.000,40.000,80.500,1,1
270.000,41.000,80.500,1,1
270.000,42.000,80.500,1,1
270.000,43.000,80.500,1,1
270.000,44.000,80.500,1,1
270.000,45.000,80.500,1,1
270.000,46.000,80.500,1,1
270.000,47.000,80.500,1,1
270.000,48.000,80.500,1,1
270.000,49.000,80.500,1,1
270.000,50.000,80.500,1,1
270.000,51.000,80.500,1,1
270.000,52.000,80.500,1,1
270.000,53.000,80.500,1,1
270.000,54.000,80.500,1,1
270.000,55.000,80.500,1,1
270.000,56.000,80.500,1,1
270.000,57.000,80.500,1,1
270.000,58.000,80.500,1,1
270.000,59.000,80.500,1,1
270.000,60.000,80.500,1,1
270.000,61.000,80.500,1,1
270.000,62.000,80.500,1,1
270.000,63.000,80.500,1,1
270.000,64.000,80.500,1,1
270.000,65.000,80.500,1,1
270.000,66.000,80.500,1,1
270.000,67.000,80.500,1,1
270.000,68.000,80.500,1,1
270.000,69.000,80.500,1,1
270.000,70.000,80.500,1,1
270.000,71.000,80.500,1,1
270.000,72.000,80.500,1,1
270.000,73.000,80.500,1,1
270.000,74.000,80.500,1,1
270.000,75.000,80.500,1,1
270.000,76.000,80.500,1,1
270.000,77.000,80.500,1,1
270.000,78.000,80.500,1,1
270.000,79.000,80.500,1,1
270.000,80.000,80.500,1,1
270.000,81.000,80.500,0,1
270.000,82.000,80.500,0,1
270.000,83.000,80.500,0,1
270.000,84.000,80.500,0,1
270.000,85.000,80.500,0,1
270.000,86.000,80.500,0,1
270.000,87.000,80.500,0,1
270.000,88.000,80.500,0,1
270.000,89.000,80.500,0,1
270.000,90.000,80.500,0,1
270.000,91.000,80.500,0,1
270.000,92.000,80.500,0,1
270.000,93.000,80.500,0,1
270.000,94.000,80.500,0,1
270.000,95.000,80.500,0,1
270.000,96.000,80.500,0,1
270.000,97.000,80.500,0,1
270.000,98.000,80.500,0,1
270.000,99.000,80.500,0,1
270.000,100.000,80.500,0,1
270.000,101.000,80.500,0,1
270.000,102.000,80.500,0,1
270.000,103.000,80.500,0,1
270.000,104.000,80.500,0,1
270.000,105.000,80.500,0,1
270.000,106.000,80.500,0,1
270.000,107.000,80.500,0,1
270.000,108.000,80.500,0,1
270.000,109.000,80.500,0,1
270.000,110.000,80.500,0,1
270.000,111.000,80.500,0,1
270.000,112.000,80.500,0,1
270.000,113.000,80.500,0,1
270.000,114.000,80.500,0,1
270.000,115.000,80.500,0,1
270.000,116.000,80.500,0,1
270.000,117.000,80.500,0,1
270.000,118.000,80.500,0,1
270.000,119.000,80.500,0,1
270.000,120.000,80.500,0,1
270.000,121.000,80.500,0,1
270.000,122.000,80.500,0,1
270.000,123.000,80.500,0,1
270.000,124.000,80.500,0,1
270.000,125.000,80.500,0,1
270.000,126.000,80.500,0,1
270.000,127.000,80.500,0,1
270.000,128.000,80.500,0,1
270.000,129.000,80.500,0,1
270.000,130.000,80.500,0,1
270.000,131.000,80.500,0,1
270.000,132.000,80.500,0,1
270.000,133.000,80.500,0,1
270.000,134.000,80.500,0,1
270.000,135.000,80.500,0,1
270.000,136.000,80.500,0,1
270.000,137.000,80.500,0,1
270.000,138.000,80.500,0,1
270.000,139.000,80.500,0,1
270.000,140.000,80.500,0,1
270.000,141.000,80.500,0,1
270.000,142.000,80.500,0,1
270.000,143.000,80.500,0,1
270.000,144.000,80.500,0,1
270.000,145.000,80.500,0,1
270.000,146.000,80.500,0,1
270.000,147.000,80.500,0,1
270.000,148.000,80.500,0,1
270.000,149.000,80.500,0,1
270.000,150.000,80.500,0,1
270.000,151.000,80.500,0,1
270.000,152.000,80.500,0,1
270.000,153.000,80.500,0,1
270.000,154.000,80.500,0,1
270.000,155.000,80.500,0,1
270.000,156.000,80.500,0,1
270.000,157.000,80.500,0,1
270.000,158.000,80.500,0,1
270.000,159.000,80.500,0,1
270.000,160.000,80.500,0,1
270.000,161.000,80.500,0,0
270.000,162.000,80.500,0,0
270.000,163.000,80.500,0,0
270.000,164.000,80.500,0,0
270.000,165.000,80.500,0,0
270.000,166.000,80.500,0,0
270.000,167.000,80.500,0,0
270.000,168.000,80.500,0,0
270.000,169.000,80.500,0,0
270.000,170.000,80.500,0,0
270.000,171.000,80.500,0,0
270.000,172.000,80.500,0,0
270.000,173.000,80.500,0,0
270.000,174.000,80.500,0,0
270.000,175.000,80.500,0,0
270.000,176.000,80.500,0,0
270.000,177.000,80.500,0,0
270.000,178.000,80.500,0,0
270.000,179.000,80.500,0,0
270.000,180.000,80.500,0,0
272.500,20.000,79.625,1,1
272.500,21.000,79.625,1,1
272.500,22.000,79.625,1,1
272.500,23.000,79.625,1,1
272.500,24.000,79.625,1,1
272.500,25.000,79.625,1,1
272.500,26.000,79.625,1,1
272.500,27.000,79.625,1,1
272.500,28.000,79.625,1,1
272.500,29.000,79.625,1,1
272.500,30.000,79.625,1,1
272.500,31.000,79.625,1,1
272.500,32.000,79.625,1,1
272.500,33.000,79.625,1,1
272.500,34.000,79.625,1,1
272.500,35.000,79.625,1,1
272.500,36.000,79.625,1,1
272.500,37.000,79.625,1,1
272.500,38.000,79.625,1,1
272.500,39.000,79.625,1,1
272.500,40.000,79.625,1,1
272.500,41.000,79.625,1,1
272.500,42.000,79.625,1,1
272.500,43.000,79.625,1,1
272.500,44.000,79.625,1,1
272.500,45.000,79.625,1,1
272.500,46.000,79.625,1,1
272.500,47.000,79.625,1,1
272.500,48.000,79.625,1,1
272.500,49.000,79.625,1,1
272.500,50.000,79.625,1,1
272.500,51.000,79.625,1,1
272.500,52.000,79.625,1,1
272.500,53.000,79.625,1,1
272.500,54.000,79.625,1,1
272.500,55.000,79.625,1,1
272.500,56.000,79.625,1,1
272.500,57.000,79.625,1,1
272.500,58.000,79.625,1,1
272.500,59.000,79.625,1,1
272.500,60.000,79.625,1,1
272.500,61.000,79.625,1,1
272.500,62.000,79.625,1,1
272.500,63.000,79.625,1,1
272.500,64.000,79.625,1,1
272.500,65.000,79.625,1,1
272.500,66.000,79.625,1,1
272.500,67.000,79.625,1,1
272.500,68.000,79.625,1,1
272.500,69.000,79.625,1,1
272.500,70.000,79.625,1,1
272.500,71.000,79.625,1,1
272.500,72.000,79.625,1,1
272.500,73.000,79.625,1,1
272.500,74.000,79.625,1,1
272.500,75.000,79.625,1,1
272.500,76.000,79.625,1,1
272.500,77.000,79.625,1,1
272.500,78.000,79.625,1,1
272.500,79.000,79.625,1,1
272.500,80.000,79.625,0,1
272.500,81.000,79.625,0,1
272.500,82.000,79.625,0,1
272.500,83.000,79.625,0,1
272.500,84.000,79.625,0,1
272.500,85.000,79.625,0,1
272.500,86.000,79.625,0,1
272.500,87.000,79.625,0,1
272.500,88.000,79.625,0,1
272.500,89.000,79.625,0,1
272.500,90.000,79.625,0,1
272.500,91.000,79.625,0,1
272.500,92.000,79.625,0,1
272.500,93.000,79.625,0,1
272.500,94.000,79.625,0,1
272.500,95.000,79.625,0,1
272.500,96.000,79.625,0,1
272.500,97.000,79.625,0,1
272.500,98.000,79.625,0,1
272.500,99.000,79.625,0,1
272.500,100.000,79.625,0,1
272.500,101.000,79.625,0,1
272.500,102.000,79.625,0,1
272.500,103.000,79.625,0,1
272.500,104.000,79.625,0,1
272.500,105.000,79.625,0,1
272.500,106.000,79.625,0,1
272.500,107.000,79.625,0,1
272.500,108.000,79.625,0,1
272.500,109.000,79.625,0,1
272.500,110.000,79.625,0,1
272.500,111.000,79.625,0,1
272.500,112.000,79.625,0,1
272.500,113.000,79.625,0,1
272.500,114.000,79.625,0,1
272.500,115.000,79.625,0,1
272.500,116.000,79.625,0,1
272.500,117.000,79.625,0,1
272.500,118.000,79.625,0,1
272.500,119.000,79.625,0,1
272.500,120.000,79.625,0,1
272.500,121.000,79.625,0,1
272.500,122.000,79.625,0,1
272.500,123.000,79.625,0,1
272.500,124.000,79.625,0,1
272.500,125.000,79.625,0,1
272.500,126.000,79.625,0,1
272.500,127.000,79.625,0,1
272.500,128.000,79.625,0,1
272.500,129.000,79.625,0,1
272.500,130.000,79.625,0,1
272.500,131.000,79.625,0,1
272.500,132.000,79.625,0,1
272.500,133.000,79.625,0,1
272.500,134.000,79.625,0,1
272.500,135.000,79.625,0,1
272.500,136.000,79.625,0,1
272.500,137.000,79.625,0,1
272.500,138.000,79.625,0,1
272.500,139.000,79.625,0,1
272.500,140.000,79.625,0,1
272.500,141.000,79.625,0,1
272.500,142.000,79.625,0,1
272.500,143.000,79.625,0,1
272.500,144.000,79.625,0,1
272.500,145.000,79.625,0,1
272.500,146.000,79.625,0,1
272.500,147.000,79.625,0,1
272.500,148.000,79.625,0,1
272.500,149.000,79.625,0,1
272.500,150.000,79.625,0,1
272.500,151.000,79.625,0,1
272.500,152.000,79.625,0,1
272.500,153.000,79.625,0,1
272.500,154.000,79.625,0,1
272.500,155.000,79.625,0,1
272.500,156.000,79.625,0,1
272.500,157.000,79.625,0,1
272.500,158.000,79.625,0,1
272.500,159.000,79.625,0,1
272.500,160.000,79.625,0,0
272.500,161.000,79.625,0,0
272.500,162.000,79.625,0,0
272.500,163.000,79.625,0,0
272.500,164.000,79.625,0,0
272.500,165.000,79.625,0,0
272.500,166.000,79.625,0,0
272.500,167.000,79.625,0,0
272.500,168.000,79.625,0,0
272.500,169.000,79.625,0,0
272.500,170.000,79.625,0,0
272.500,171.000,79.625,0,0
272.500,172.000,79.625,0,0
272.500,173.000,79.625,0,0
272.500,174.000,79.625,0,0
272.500,175.000,79.625,0,0
272.500,176.000,79.625,0,0
272.500,177.000,79.625,0,0
272.500,178.000,79.625,0,0
272.500,179.000,79.625,0,0
272.500,180.000,79.625,0,0
275.000,20.000,78.750,1,1
275.000,21.000,78.750,1,1
275.000,22.000,78.750,1,1
275.000,23.000,78.750,1,1
275.000,24.000,78.750,1,1
275.000,25.000,78.750,1,1
275.000,26.000,78.750,1,1
275.000,27.000,78.750,1,1
275.000,28.000,78.750,1,1
275.000,29.000,78.750,1,1
275.000,30.000,78.750,1,1
275.000,31.000,78.750,1,1
275.000,32.000,78.750,1,1
275.000,33.000,78.750,1,1
275.000,34.000,78.750,1,1
275.000,35.000,78.750,1,1
275.000,36.000,78.750,1,1
275.000,37.000,78.750,1,1
275.000,38.000,78.750,1,1
275.000,39.000,78.750,1,1
275.000,40.000,78.750,1,1
275.000,41.000,78.750,1,1
275.000,42.000,78.750,1,1
275.000,43.000,78.750,1,1
275.000,44.000,78.750,1,1
275.000,45.000,78.750,1,1
275.000,46.000,78.750,1,1
275.000,47.000,78.750,1,1
275.000,48.000,78.750,1,1
275.000,49.000,78.750,1,1
275.000,50.000,78.750,1,1
275.000,51.000,78.750,1,1
275.000,52.000,78.750,1,1
275.000,53.000,78.750,1,1
275.000,54.000,78.750,1,1
275.000,55.000,78.750,1,1
275.000,56.000,78.750,1,1
275.000,57.000,78.750,1,1
275.000,58.000,78.750,1,1
275.000,59.000,78.750,1,1
275.000,60.000,78.750,1,1
275.000,61.000,78.750,1,1
275.000,62.000,78.750,1,1
275.000,63.000,78.750,1,1
275.000,64.000,78.750,1,1
275.000,65.000,78.750,1,1
275.000,66.000,78.750,1,1
275.000,67.000,78.750,1,1
275.000,68.000,78.750,1,1
275.000,69.000,78.750,1,1
275.000,70.000,78.750,1,1
275.000,71.000,78.750,1,1
275.000,72.000,78.750,1,1
275.000,73.000,78.750,1,1
275.000,74.000,78.750,1,1
275.000,75.000,78.750,1,1
275.000,76.000,78.750,1,1
275.000,77.000,78.750,1,1
275.000,78.000,78.750,1,1
275.000,79.000,78.750,0,1
275.000,80.000,78.750,0,1
275.000,81.000,78.750,0,1
275.000,82.000,78.750,0,1
275.000,83.000,78.750,0,1
275.000,84.000,78.750,0,1
275.000,85.000,78.750,0,1
275.000,86.000,78.750,0,1
275.000,87.000,78.750,0,1
275.000,88.000,78.750,0,1
275.000,89.000,78.750,0,1
275.000,90.000,78.750,0,1
275.000,91.000,78.750,0,1
275.000,92.000,78.750,0,1
275.000,93.000,78.750,0,1
275.000,94.000,78.750,0,1
275.000,95.000,78.750,0,1
275.000,96.000,78.750,0,1
275.000,97.000,78.750,0,1
275.000,98.000,78.750,0,1
275.000,99.000,78.750,0,1
275.000,100.000,78.750,0,1
275.000,101.000,78.750,0,1
275.000,102.000,78.750,0,1
275.000,103.000,78.750,0,1
275.000,104.000,78.750,0,1
275.000,105.000,78.750,0,1
275.000,106.000,78.750,0,1
275.000,107.000,78.750,0,1
275.000,108.000,78.750,0,1
275.000,109.000,78.750,0,1
275.000,110.000,78.750,0,1
275.000,111.000,78.750,0,1
275.000,112.000,78.750,0,1
275.000,113.000,78.750,0,1
275.000,114.000,78.750,0,1
275.000,115.000,78.750,0,1
275.000,116.000,78.750,0,1
275.000,117.000,78.750,0,1
275.000,118.000,78.750,0,1
275.000,119.000,78.750,0,1
275.000,120.000,78.750,0,1
275.000,121.000,78.750,0,1
275.000,122.000,78.750,0,1
275.000,123.000,78.750,0,1
275.000,124.000,78.750,0,1
275.000,125.000,78.750,0,1
275.000,126.000,78.750,0,1
275.000,127.000,78.750,0,1
275.000,128.000,78.750,0,1
275.000,129.000,78.750,0,1
275.000,130.000,78.750,0,1
275.000,131.000,78.750,0,1
275.000,132.000,78.750,0,1
275.000,133.000,78.750,0,1
275.000,134.000,78.750,0,1
275.000,135.000,78.750,0,1
275.000,136.000,78.750,0,1
275.000,137.000,78.750,0,1
275.000,138.000,78.750,0,1
275.000,139.000,78.750,0,1
275.000,140.000,78.750,0,1
275.000,141.000,78.750,0,1
275.000,142.000,78.750,0,1
275.000,143.000,78.750,0,1
275.000,144.000,78.750,0,1
275.000,145.000,78.750,0,1
275.000,146.000,78.750,0,1
275.000,147.000,78.750,0,1
275.000,148.000,78.750,0,1
275.000,149.000,78.750,0,1
275.000,150.000,78.750,0,1
275.000,151.000,78.750,0,1
275.000,152.000,78.750,0,1
275.000,153.000,78.750,0,1
275.000,154.000,78.750,0,1
275.000,155.000,78.750,0,1
275.000,156.000,78.750,0,1
275.000,157.000,78.750,0,1
275.000,158.000,78.750,0,1
275.000,159.000,78.750,0,0
275.000,160.000,78.750,0,0
275.000,161.000,78.750,0,0
275.000,162.000,78.750,0,0
275.000,163.000,78.750,0,0
275.000,164.000,78.750,0,0
275.000,165.000,78.750,0,0
275.000,166.000,78.750,0,0
275.000,167.000,78.750,0,0
275.000,168.000,78.750,0,0
275.000,169.000,78.750,0,0
275.000,170.000,78.750,0,0
275.000,171.000,78.750,0,0
275.000,172.000,78.750,0,0
275.000,173.000,78.750,0,0
275.000,174.000,78.750,0,0
275.000,175.000,78.750,0,0
275.000,176.000,78.750,0,0
275.000,177.000,78.750,0,0
275.000,178.000,78.750,0,0
275.000,179.000,78.750,0,0
275.000,180.000,78.750,0,0
277.500,20.000,77.875,1,1
277.500,21.000,77.875,1,1
277.500,22.000,77.875,1,1
277.500,23.000,77.875,1,1
277.500,24.000,77.875,1,1
277.500,25.000,77.875,1,1
277.500,26.000,77.875,1,1
277.500,27.000,77.875,1,1
277.500,28.000,77.875,1,1
277.500,29.000,77.875,1,1
277.500,30.000,77.875,1,1
277.500,31.000,77.875,1,1
277.500,32.000,77.875,1,1
277.500,33.000,77.875,1,1
277.500,34.000,77.875,1,1
277.500,35.000,77.875,1,1
277.500,36.000,77.875,1,1
277.500,37.000,77.875,1,1
277.500,38.000,77.875,1,1
277.500,39.000,77.875,1,1
277.500,40.000,77.875,1,1
277.500,41.000,77.875,1,1
277.500,42.000,77.875,1,1
277.500,43.000,77.875,1,1
277.500,44.000,77.875,1,1
277.500,45.000,77.875,1,1
277.500,46.000,77.875,1,1
277.500,47.000,77.875,1,1
277.500,48.000,77.875,1,1
277.500,49.000,77.875,1,1
277.500,50.000,77.875,1,1
277.500,51.000,77.875,1,1
277.500,52.000,77.875,1,1
277.500,53.000,77.875,1,1
277.500,54.000,77.875,1,1
277.500,55.000,77.875,1,1
277.500,56.000,77.875,1,1
277.500,57.000,77.875,1,1
277.500,58.000,77.875,1,1
277.500,59.000,77.875,1,1
277.500,60.000,77.875,1,1
277.500,61.000,77.875,1,1
277.500,62.000,77.875,1,1
277.500,63.000,77.875,1,1
277.500,64.000,77.875,1,1
277.500,65.000,77.875,1,1
277.500,66.000,77.875,1,1
277.500,67.000,77.875,1,1
277.500,68.000,77.875,1,1
277.500,69.000,77.875,1,1
277.500,70.000,77.875,1,1
277.500,71.000,77.875,1,1
277.500,72.000,77.875,1,1
277.500,73.000,77.875,1,1
277.500,74.000,77.875,1,1
277.500,75.000,77.875,1,1
277.500,76.000,77.875,1,1
277.500,77.000,77.875,1,1
277.500,78.000,77.875,0,1
277.500,79.000,77.875,0,1
277.500,80.000,77.875,0,1
277.500,81.000,77.875,0,1
277.500,82.000,77.875,0,1
277.500,83.000,77.875,0,1
277.500,84.000,77.875,0,1
277.500,85.000,77.875,0,1
277.500,86.000,77.875,0,1
277.500,87.000,77.875,0,1
277.500,88.000,77.875,0,1
277.500,89.000,77.875,0,1
277.500,90.000,77.875,0,1
277.500,91.000,77.875,0,1
277.500,92.000,77.875,0,1
277.500,93.000,77.875,0,1
277.500,94.000,77.875,0,1
277.500,95.000,77.875,0,1
277.500,96.000,77.875,0,1
277.500,97.000,77.875,0,1
277.500,98.000,77.875,0,1
277.500,99.000,77.875,0,1
277.500,100.000,77.875,0,1
277.500,101.000,77.875,0,1
277.500,102.000,77.875,0,1
277.500,103.000,77.875,0,1
277.500,104.000,77.875,0,1
277.500,105.000,77.875,0,1
277.500,106.000,77.875,0,1
277.500,107.000,77.875,0,1
277.500,108.000,77.875,0,1
277.500,109.000,77.875,0,1
277.500,110.000,77.875,0,1
277.500,111.000,77.875,0,1
277.500,112.000,77.875,0,1
277.500,113.000,77.875,0,1
277.500,114.000,77.875,0,1
277.500,115.000,77.875,0,1
277.500,116.000,77.875,0,1
277.500,117.000,77.875,0,1
277.500,118.000,77.875,0,1
277.500,119.000,77.875,0,1
277.500,120.000,77.875,0,1
277.500,121.000,77.875,0,1
277.500,122.000,77.875,0,1
277.500,123.000,77.875,0,1
277.500,124.000,77.875,0,1
277.500,125.000,77.875,0,1
277.500,126.000,77.875,0,1
277.500,127.000,77.875,0,1
277.500,128.000,77.875,0,1
277.500,129.000,77.875,0,1
277.500,130.000,77.875,0,1
277.500,131.000,77.875,0,1
277.500,132.000,77.875,0,1
277.500,133.000,77.875,0,1
277.500,134.000,77.875,0,1
277.500,135.000,77.875,0,1
277.500,136.000,77.875,0,1
277.500,137.000,77.875,0,1
277.500,138.000,77.875,0,1
277.500,139.000,77.875,0,1
277.500,140.000,77.875,0,1
277.500,141.000,77.875,0,1
277.500,142.000,77.875,0,1
277.500,143.000,77.875,0,1
277.500,144.000,77.875,0,1
277.500,145.000,77.875,0,1
277.500,146.000,77.875,0,1
277.500,147.000,77.875,0,1
277.500,148.000,77.875,0,1
277.500,149.000,77.875,0,1
277.500,150.000,77.875,0,1
277.500,151.000,77.875,0,1
277.500,152.000,77.875,0,1
277.500,153.000,77.875,0,1
277.500,154.000,77.875,0,1
277.500,155.000,77.875,0,1
277.500,156.000,77.875,0,1
277.500,157.000,77.875,0,1
277.500,158.000,77.875,0,0
277.500,159.000,77.875,0,0
277.500,160.000,77.875,0,0
277.500,161.000,77.875,0,0
277.500,162.000,77.875,0,0
277.500,163.000,77.875,0,0
277.500,164.000,77.875,0,0
277.500,165.000,77.875,0,0
277.500,166.000,77.875,0,0
277.500,167.000,77.875,0,0
277.500,168.000,77.875,0,0
277.500,169.000,77.875,0,0
277.500,170.000,77.875,0,0
277.500,171.000,77.875,0,0
277.500,172.000,77.875,0,0
277.500,173.000,77.875,0,0
277.500,174.000,77.875,0,0
277.500,175.000,77.875,0,0
277.500,176.000,77.875,0,0
277.500,177.000,77.875,0,0
277.500,178.000,77.875,0,0
277.500,179.000,77.875,0,0
277.500,180.000,77.875,0,0
280.000,20.000,77.000,1,1
280.000,21.000,77.000,1,1
280.000,22.000,77.000,1,1
280.000,23.000,77.000,1,1
280.000,24.000,77.000,1,1
280.000,25.000,77.000,1,1
280.000,26.000,77.000,1,1
280.000,27.000,77.000,1,1
280.000,28.000,77.000,1,1
280.000,29.000,77.000,1,1
280.000,30.000,77.000,1,1
280.000,31.000,77.000,1,1
280.000,32.000,77.000,1,1
280.000,33.000,77.000,1,1
280.000,34.000,77.000,1,1
280.000,35.000,77.000,1,1
280.000,36.000,77.000,1,1
280.000,37.000,77.000,1,1
280.000,38.000,77.000,1,1
280.000,39.000,77.000,1,1
280.000,40.000,77.000,1,1
280.000,41.000,77.000,1,1
280.000,42.000,77.000,1,1
280.000,43.000,77.000,1,1
280.000,44.000,77.000,1,1
280.000,45.000,77.000,1,1
280.000,46.000,77.000,1,1
280.000,47.000,77.000,1,1
280.000,48.000,77.000,1,1
280.000,49.000,77.000,1,1
280.000,50.000,77.000,1,1
280.000,51.000,77.000,1,1
280.000,52.000,77.000,1,1
280.000,53.000,77.000,1,1
280.000,54.000,77.000,1,1
280.000,55.000,77.000,1,1
280.000,56.000,77.000,1,1
280.000,57.000,77.000,1,1
280.000,58.000,77.000,1,1
280.000,59.000,77.000,1,1
280.000,60.000,77.000,1,1
280.000,61.000,77.000,1,1
280.000,62.000,77.000,1,1
280.000,63.000,77.000,1,1
280.000,64.000,77.000,1,1
280.000,65.000,77.000,1,1
280.000,66.000,77.000,1,1
280.000,67.000,77.000,1,1
280.000,68.000,77.000,1,1
280.000,69.000,77.000,1,1
280.000,70.000,77.000,1,1
280.000,71.000,77.000,1,1
280.000,72.000,77.000,1,1
280.000,73.000,77.000,1,1
280.000,74.000,77.000,1,1
280.000,75.000,77.000,1,1
280.000,76.000,77.000,1,1
280.000,77.000,77.000,1,1
280.000,78.000,77.000,0,1
280.000,79.000,77.000,0,1
280.000,80.000,77.000,0,1
280.000,81.000,77.000,0,1
280.000,82.000,77.000,0,1
280.000,83.000,77.000,0,1
280.000,84.000,77.000,0,1
280.000,85.000,77.000,0,1
280.000,86.000,77.000,0,1
280.000,87.000,77.000,0,1
280.000,88.000,77.000,0,1
280.000,89.000,77.000,0,1
280.000,90.000,77.000,0,1
280.000,91.000,77.000,0,1
280.000,92.000,77.000,0,1
280.000,93.000,77.000,0,1
280.000,94.000,77.000,0,1
280.000,95.000,77.000,0,1
280.000,96.000,77.000,0,1
280.000,97.000,77.000,0,1
280.000,98.000,77.000,0,1
280.000,99.000,77.000,0,1
280.000,100.000,77.000,0,1
280.000,101.000,77.000,0,1
280.000,102.000,77.000,0,1
280.000,103.000,77.000,0,1
280.000,104.000,77.000,0,1
280.000,105.000,77.000,0,1
280.000,106.000,77.000,0,1
280.000,107.000,77.000,0,1
280.000,108.000,77.000,0,1
280.000,109.000,77.000,0,1
280.000,110.000,77.000,0,1
280.000,111.000,77.000,0,1
280.000,112.000,77.000,0,1
280.000,113.000,77.000,0,1
280.000,114.000,77.000,0,1
280.000,115.000,77.000,0,1
280.000,116.000,77.000,0,1
280.000,117.000,77.000,0,1
280.000,118.000,77.000,0,1
280.000,119.000,77.000,0,1
280.000,120.000,77.000,0,1
280.000,121.000,77.000,0,1
280.000,122.000,77.000,0,1
280.000,123.000,77.000,0,1
280.000,124.000,77.000,0,1
280.000,125.000,77.000,0,1
280.000,126.000,77.000,0,1
280.000,127.000,77.000,0,1
280.000,128.000,77.000,0,1
280.000,129.000,77.000,0,1
280.000,130.000,77.000,0,1
280.000,131.000,77.000,0,1
280.000,132.000,77.000,0,1
280.000,133.000,77.000,0,1
280.000,134.000,77.000,0,1
280.000,135.000,77.000,0,1
280.000,136.000,77.000,0,1
280.000,137.000,77.000,0,1
280.000,138.000,77.000,0,1
280.000,139.000,77.000,0,1
280.000,140.000,77.000,0,1
280.000,141.000,77.000,0,1
280.000,142.000,77.000,0,1
280.000,143.000,77.000,0,1
280.000,144.000,77.000,0,1
280.000,145.000,77.000,0,1
280.000,146.000,77.000,0,1
280.000,147.000,77.000,0,1
280.000,148.000,77.000,0,1
280.000,149.000,77.000,0,1
280.000,150.000,77.000,0,1
280.000,151.000,77.000,0,1
280.000,152.000,77.000,0,1
280.000,153.000,77.000,0,1
280.000,154.000,77.000,0,1
280.000,155.000,77.000,0,1
280.000,156.000,77.000,0,1
280.000,157.000,77.000,0,1
280.000,158.000,77.000,0,0
280.000,159.000,77.000,0,0
280.000,160.000,77.000,0,0
280.000,161.000,77.000,0,0
280.000,162.000,77.000,0,0
280.000,163.000,77.000,0,0
280.000,164.000,77.000,0,0
280.000,165.000,77.000,0,0
280.000,166.000,77.000,0,0
280.000,167.000,77.000,0,0
280.000,168.000,77.000,0,0
280.000,169.000,77.000,0,0
280.000,170.000,77.000,0,0
280.000,171.000,77.000,0,0
280.000,172.000,77.000,0,0
280.000,173.000,77.000,0,0
280.000,174.000,77.000,0,0
280.000,175.000,77.000,0,0
280.000,176.000,77.000,0,0
280.000,177.000,77.000,0,0
280.000,178.000,77.000,0,0
280.000,179.000,77.000,0,0
280.000,180.000,77.000,0,0
282.500,20.000,76.125,1,1
282.500,21.000,76.125,1,1
282.500,22.000,76.125,1,1
282.500,23.000,76.125,1,1
282.500,24.000,76.125,1,1
282.500,25.000,76.125,1,1
282.500,26.000,76.125,1,1
282.500,27.000,76.125,1,1
282.500,28.000,76.125,1,1
282.500,29.000,76.125,1,1
282.500,30.000,76.125,1,1
282.500,31.000,76.125,1,1
282.500,32.000,76.125,1,1
282.500,33.000,76.125,1,1
282.500,34.000,76.125,1,1
282.500,35.000,76.125,1,1
282.500,36.000,76.125,1,1
282.500,37.000,76.125,1,1
282.500,38.000,76.125,1,1
282.500,39.000,76.125,1,1
282.500,40.000,76.125,1,1
282.500,41.000,76.125,1,1
282.500,42.000,76.125,1,1
282.500,43.000,76.125,1,1
282.500,44.000,76.125,1,1
282.500,45.000,76.125,1,1
282.500,46.000,76.125,1,1
282.500,47.000,76.125,1,1
282.500,48.000,76.125,1,1
282.500,49.000,76.125,1,1
282.500,50.000,76.125,1,1
282.500,51.000,76.125,1,1
282.500,52.000,76.125,1,1
282.500,53.000,76.125,1,1
282.500,54.000,76.125,1,1
282.500,55.000,76.125,1,1
282.500,56.000,76.125,1,1
282.500,57.000,76.125,1,1
282.500,58.000,76.125,1,1
282.500,59.000,76.125,1,1
282.500,60.000,76.125,1,1
282.500,61.000,76.125,1,1
282.500,62.000,76.125,1,1
282.500,63.000,76.125,1,1
282.500,64.000,76.125,1,1
282.500,65.000,76.125,1,1
282.500,66.000,76.125,1,1
282.500,67.000,76.125,1,1
282.500,68.000,76.125,1,1
282.500,69.000,76.125,1,1
282.500,70.000,76.125,1,1
282.500,71.000,76.125,1,1
282.500,72.000,76.125,1,1
282.500,73.000,76.125,1,1
282.500,74.000,76.125,1,1
282.500,75.000,76.125,1,1
282.500,76.000,76.125,1,1
282.500,77.000,76.125,0,1
282.500,78.000,76.125,0,1
282.500,79.000,76.125,0,1
282.500,80.000,76.125,0,1
282.500,81.000,76.125,0,1
282.500,82.000,76.125,0,1
282.500,83.000,76.125,0,1
282.500,84.000,76.125,0,1
282.500,85.000,76.125,0,1
282.500,86.000,76.125,0,1
282.500,87.000,76.125,0,1
282.500,88.000,76.125,0,1
282.500,89.000,76.125,0,1
282.500,90.000,76.125,0,1
282.500,91.000,76.125,0,1
282.500,92.000,76.125,0,1
282.500,93.000,76.125,0,1
282.500,94.000,76.125,0,1
282.500,95.000,76.125,0,1
282.500,96.000,76.125,0,1
282.500,97.000,76.125,0,1
282.500,98.000,76.125,0,1
282.500,99.000,76.125,0,1
282.500,100.000,76.125,0,1
282.500,101.000,76.125,0,1
282.500,102.000,76.125,0,1
282.500,103.000,76.125,0,1
282.500,104.000,76.125,0,1
282.500,105.000,76.125,0,1
282.500,106.000,76.125,0,1
282.500,107.000,76.125,0,1
282.500,108.000,76.125,0,1
282.500,109.000,76.125,0,1
282.500,110.000,76.125,0,1
282.500,111.000,76.125,0,1
282.500,112.000,76.125,0,1
282.500,113.000,76.125,0,1
282.500,114.000,76.125,0,1
282.500,115.000,76.125,0,1
282.500,116.000,76.125,0,1
282.500,117.000,76.125,0,1
282.500,118.000,76.125,0,1
282.500,119.000,76.125,0,1
282.500,120.000,76.125,0,1
282.500,121.000,76.125,0,1
282.500,122.000,76.125,0,1
282.500,123.000,76.125,0,1
282.500,124.000,76.125,0,1
282.500,125.000,76.125,0,1
282.500,126.000,76.125,0,1
282.500,127.000,76.125,0,1
282.500,128.000,76.125,0,1
282.500,129.000,76.125,0,1
282.500,130.000,76.125,0,1
282.500,131.000,76.125,0,1
282.500,132.000,76.125,0,1
282.500,133.000,76.125,0,1
282.500,134.000,76.125,0,1
282.500,135.000,76.125,0,1
282.500,136.000,76.125,0,1
282.500,137.000,76.125,0,1
282.500,138.000,76.125,0,1
282.500,139.000,76.125,0,1
282.500,140.000,76.125,0,1
282.500,141.000,76.125,0,1
282.500,142.000,76.125,0,1
282.500,143.000,76.125,0,1
282.500,144.000,76.125,0,1
282.500,145.000,76.125,0,1
282.500,146.000,76.125,0,1
282.500,147.000,76.125,0,1
282.500,148.000,76.125,0,1
282.500,149.000,76.125,0,1
282.500,150.000,76.125,0,1
282.500,151.000,76.125,0,1
282.500,152.000,76.125,0,1
282.500,153.000,76.125,0,1
282.500,154.000,76.125,0,1
282.500,155.000,76.125,0,1
282.500,156.000,76.125,0,1
282.500,157.000,76.125,0,0
282.500,158.000,76.125,0,0
282.500,159.000,76.125,0,0
282.500,160.000,76.125,0,0
282.500,161.000,76.125,0,0
282.500,162.000,76.125,0,0
282.500,163.000,76.125,0,0
282.500,164.000,76.125,0,0
282.500,165.000,76.125,0,0
282.500,166.000,76.125,0,0
282.500,167.000,76.125,0,0
282.500,168.000,76.125,0,0
282.500,169.000,76.125,0,0
282.500,170.000,76.125,0,0
282.500,171.000,76.125,0,0
282.500,172.000,76.125,0,0
282.500,173.000,76.125,0,0
282.500,174.000,76.125,0,0
282.500,175.000,76.125,0,0
282.500,176.000,76.125,0,0
282.500,177.000,76.125,0,0
282.500,178.000,76.125,0,0
282.500,179.000,76.125,0,0
282.500,180.000,76.125,0,0
285.000,20.000,75.250,1,1
285.000,21.000,75.250,1,1
285.000,22.000,75.250,1,1
285.000,23.000,75.250,1,1
285.000,24.000,75.250,1,1
285.000,25.000,75.250,1,1
285.000,26.000,75.250,1,1
285.000,27.000,75.250,1,1
285.000,28.000,75.250,1,1
285.000,29.000,75.250,1,1
285.000,30.000,75.250,1,1
285.000,31.000,75.250,1,1
285.000,32.000,75.250,1,1
285.000,33.000,75.250,1,1
285.000,34.000,75.250,1,1
285.000,35.000,75.250,1,1
285.000,36.000,75.250,1,1
285.000,37.000,75.250,1,1
285.000,38.000,75.250,1,1
285.000,39.000,75.250,1,1
285.000,40.000,75.250,1,1
285.000,41.000,75.250,1,1
285.000,42.000,75.250,1,1
285.000,43.000,75.250,1,1
285.000,44.000,75.250,1,1
285.000,45.000,75.250,1,1
285.000,46.000,75.250,1,1
285.000,47.000,75.250,1,1
285.000,48.000,75.250,1,1
285.000,49.000,75.250,1,1
285.000,50.000,75.250,1,1
285.000,51.000,75.250,1,1
285.000,52.000,75.250,1,1
285.000,53.000,75.250,1,1
285.000,54.000,75.250,1,1
285.000,55.000,75.250,1,1
285.000,56.000,75.250,1,1
285.000,57.000,75.250,1,1
285.000,58.000,75.250,1,1
285.000,59.000,75.250,1,1
285.000,60.000,75.250,1,1
285.000,61.000,75.250,1,1
285.000,62.000,75.250,1,1
285.000,63.000,75.250,1,1
285.000,64.000,75.250,1,1
285.000,65.000,75.250,1,1
285.000,66.000,75.250,1,1
285.000,67.000,75.250,1,1
285.000,68.000,75.250,1,1
285.000,69.000,75.250,1,1
285.000,70.000,75.250,1,1
285.000,71.000,75.250,1,1
285.000,72.000,75.250,1,1
285.000,73.000,75.250,1,1
285.000,74.000,75.250,1,1
285.000,75.000,75.250,1,1
285.000,76.000,75.250,0,1
285.000,77.000,75.250,0,1
285.000,78.000,75.250,0,1
285.000,79.000,75.250,0,1
285.000,80.000,75.250,0,1
285.000,81.000,75.250,0,1
285.000,82.000,75.250,0,1
285.000,83.000,75.250,0,1
285.000,84.000,75.250,0,1
285.000,85.000,75.250,0,1
285.000,86.000,75.250,0,1
285.000,87.000,75.250,0,1
285.000,88.000,75.250,0,1
285.000,89.000,75.250,0,1
285.000,90.000,75.250,0,1
285.000,91.000,75.250,0,1
285.000,92.000,75.250,0,1
285.000,93.000,75.250,0,1
285.000,94.000,75.250,0,1
285.000,95.000,75.250,0,1
285.000,96.000,75.250,0,1
285.000,97.000,75.250,0,1
285.000,98.000,75.250,0,1
285.000,99.000,75.250,0,1
285.000,100.000,75.250,0,1
285.000,101.000,75.250,0,1
285.000,102.000,75.250,0,1
285.000,103.000,75.250,0,1
285.000,104.000,75.250,0,1
285.000,105.000,75.250,0,1
285.000,106.000,75.250,0,1
285.000,107.000,75.250,0,1
285.000,108.000,75.250,0,1
285.000,109.000,75.250,0,1
285.000,110.000,75.250,0,1
285.000,111.000,75.250,0,1
285.000,112.000,75.250,0,1
285.000,113.000,75.250,0,1
285.000,114.000,75.250,0,1
285.000,115.000,75.250,0,1
285.000,116.000,75.250,0,1
285.000,117.000,75.250,0,1
285.000,118.000,75.250,0,1
285.000,119.000,75.250,0,1
285.000,120.000,75.250,0,1
285.000,121.000,75.250,0,1
285.000,122.000,75.250,0,1
285.000,123.000,75.250,0,1
285.000,124.000,75.250,0,1
285.000,125.000,75.250,0,1
285.000,126.000,75.250,0,1
285.000,127.000,75.250,0,1
285.000,128.000,75.250,0,1
285.000,129.000,75.250,0,1
285.000,130.000,75.250,0,1
285.000,131.000,75.250,0,1
285.000,132.000,75.250,0,1
285.000,133.000,75.250,0,1
285.000,134.000,75.250,0,1
285.000,135.000,75.250,0,1
285.000,136.000,75.250,0,1
285.000,137.000,75.250,0,1
285.000,138.000,75.250,0,1
285.000,139.000,75.250,0,1
285.000,140.000,75.250,0,1
285.000,141.000,75.250,0,1
285.000,142.000,75.250,0,1
285.000,143.000,75.250,0,1
285.000,144.000,75.250,0,1
285.000,145.000,75.250,0,1
285.000,146.000,75.250,0,1
285.000,147.000,75.250,0,1
285.000,148.000,75.250,0,1
285.000,149.000,75.250,0,1
285.000,150.000,75.250,0,1
285.000,151.000,75.250,0,1
285.000,152.000,75.250,0,1
285.000,153.000,75.250,0,1
285.000,154.000,75.250,0,1
285.000,155.000,75.250,0,1
285.000,156.000,75.250,0,0
285.000,157.000,75.250,0,0
285.000,158.000,75.250,0,0
285.000,159.000,75.250,0,0
285.000,160.000,75.250,0,0
285.000,161.000,75.250,0,0
285.000,162.000,75.250,0,0
285.000,163.000,75.250,0,0
285.000,164.000,75.250,0,0
285.000,165.000,75.250,0,0
285.000,166.000,75.250,0,0
285.000,167.000,75.250,0,0
285.000,168.000,75.250,0,0
285.000,169.000,75.250,0,0
285.000,170.000,75.250,0,0
285.000,171.000,75.250,0,0
285.000,172.000,75.250,0,0
285.000,173.000,75.250,0,0
285.000,174.000,75.250,0,0
285.000,175.000,75.250,0,0
285.000,176.000,75.250,0,0
285.000,177.000,75.250,0,0
285.000,178.000,75.250,0,0
285.000,179.000,75.250,0,0
285.000,180.000,75.250,0,0
287.500,20.000,74.375,1,1
287.500,21.000,74.375,1,1
287.500,22.000,74.375,1,1
287.500,23.000,74.375,1,1
287.500,24.000,74.375,1,1
287.500,25.000,74.375,1,1
287.500,26.000,74.375,1,1
287.500,27.000,74.375,1,1
287.500,28.000,74.375,1,1
287.500,29.000,74.375,1,1
287.500,30.000,74.375,1,1
287.500,31.000,74.375,1,1
287.500,32.000,74.375,1,1
287.500,33.000,74.375,1,1
287.500,34.000,74.375,1,1
287.500,35.000,74.375,1,1
287.500,36.000,74.375,1,1
287.500,37.000,74.375,1,1
287.500,38.000,74.375,1,1
287.500,39.000,74.375,1,1
287.500,40.000,74.375,1,1
287.500,41.000,74.375,1,1
287.500,42.000,74.375,1,1
287.500,43.000,74.375,1,1
287.500,44.000,74.375,1,1
287.500,45.000,74.375,1,1
287.500,46.000,74.375,1,1
287.500,47.000,74.375,1,1
287.500,48.000,74.375,1,1
287.500,49.000,74.375,1,1
287.500,50.000,74.375,1,1
287.500,51.000,74.375,1,1
287.500,52.000,74.375,1,1
287.500,53.000,74.375,1,1
287.500,54.000,74.375,1,1
287.500,55.000,74.375,1,1
287.500,56.000,74.375,1,1
287.500,57.000,74.375,1,1
287.500,58.000,74.375,1,1
287.500,59.000,74.375,1,1
287.500,60.000,74.375,1,1
287.500,61.000,74.375,1,1
287.500,62.000,74.375,1,1
287.500,63.000,74.375,1,1
287.500,64.000,74.375,1,1
287.500,65.000,74.375,1,1
287.500,66.000,74.375,1,1
287.500,67.000,74.375,1,1
287.500,68.000,74.375,1,1
287.500,69.000,74.375,1,1
287.500,70.000,74.375,1,1
287.500,71.000,74.375,1,1
287.500,72.000,74.375,1,1
287.500,73.000,74.375,1,1
287.500,74.000,74.375,1,1
287.500,75.000,74.375,0,1
287.500,76.000,74.375,0,1
287.500,77.000,74.375,0,1
287.500,78.000,74.375,0,1
287.500,79.000,74.375,0,1
287.500,80.000,74.375,0,1
287.500,81.000,74.375,0,1
287.500,82.000,74.375,0,1
287.500,83.000,74.375,0,1
287.500,84.000,74.375,0,1
287.500,85.000,74.375,0,1
287.500,86.000,74.375,0,1
287.500,87.000,74.375,0,1
287.500,88.000,74.375,0,1
287.500,89.000,74.375,0,1
287.500,90.000,74.375,0,1
287.500,91.000,74.375,0,1
287.500,92.000,74.375,0,1
287.500,93.000,74.375,0,1
287.500,94.000,74.375,0,1
287.500,95.000,74.375,0,1
287.500,96.000,74.375,0,1
287.500,97.000,74.375,0,1
287.500,98.000,74.375,0,1
287.500,99.000,74.375,0,1
287.500,100.000,74.375,0,1
287.500,101.000,74.375,0,1
287.500,102.000,74.375,0,1
287.500,103.000,74.375,0,1
287.500,104.000,74.375,0,1
287.500,105.000,74.375,0,1
287.500,106.000,74.375,0,1
287.500,107.000,74.375,0,1
287.500,108.000,74.375,0,1
287.500,109.000,74.375,0,1
287.500,110.000,74.375,0,1
287.500,111.000,74.375,0,1
287.500,112.000,74.375,0,1
287.500,113.000,74.375,0,1
287.500,114.000,74.375,0,1
287.500,115.000,74.375,0,1
287.500,116.000,74.375,0,1
287.500,117.000,74.375,0,1
287.500,118.000,74.375,0,1
287.500,119.000,74.375,0,1
287.500,120.000,74.375,0,1
287.500,121.000,74.375,0,1
287.500,122.000,74.375,0,1
287.500,123.000,74.375,0,1
287.500,124.000,74.375,0,1
287.500,125.000,74.375,0,1
287.500,126.000,74.375,0,1
287.500,127.000,74.375,0,1
287.500,128.000,74.375,0,1
287.500,129.000,74.375,0,1
287.500,130.000,74.375,0,1
287.500,131.000,74.375,0,1
287.500,132.000,74.375,0,1
287.500,133.000,74.375,0,1
287.500,134.000,74.375,0,1
287.500,135.000,74.375,0,1
287.500,136.000,74.375,0,1
287.500,137.000,74.375,0,1
287.500,138.000,74.375,0,1
287.500,139.000,74.375,0,1
287.500,140.000,74.375,0,1
287.500,141.000,74.375,0,1
287.500,142.000,74.375,0,1
287.500,143.000,74.375,0,1
287.500,144.000,74.375,0,1
287.500,145.000,74.375,0,1
287.500,146.000,74.375,0,1
287.500,147.000,74.375,0,1
287.500,148.000,74.375,0,1
287.500,149.000,74.375,0,1
287.500,150.000,74.375,0,1
287.500,151.000,74.375,0,1
287.500,152.000,74.375,0,1
287.500,153.000,74.375,0,1
287.500,154.000,74.375,0,1
287.500,155.000,74.375,0,0
287.500,156.000,74.375,0,0
287.500,157.000,74.375,0,0
287.500,158.000,74.375,0,0
287.500,159.000,74.375,0,0
287.500,160.000,74.375,0,0
287.500,161.000,74.375,0,0
287.500,162.000,74.375,0,0
287.500,163.000,74.375,0,0
287.500,164.000,74.375,0,0
287.500,165.000,74.375,0,0
287.500,166.000,74.375,0,0
287.500,167.000,74.375,0,0
287.500,168.000,74.375,0,0
287.500,169.000,74.375,0,0
287.500,170.000,74.375,0,0
287.500,171.000,74.375,0,0
287.500,172.000,74.375,0,0
287.500,173.000,74.375,0,0
287.500,174.000,74.375,0,0
287.500,175.000,74.375,0,0
287.500,176.000,74.375,0,0
287.500,177.000,74.375,0,0
287.500,178.000,74.375,0,0
287.500,179.000,74.375,0,0
287.500,180.000,74.375,0,0
290.000,20.000,73.500,1,1
290.000,21.000,73.500,1,1
290.000,22.000,73.500,1,1
290.000,23.000,73.500,1,1
290.000,24.000,73.500,1,1
290.000,25.000,73.500,1,1
290.000,26.000,73.500,1,1
290.000,27.000,73.500,1,1
290.000,28.000,73.500,1,1
290.000,29.000,73.500,1,1
290.000,30.000,73.500,1,1
290.000,31.000,73.500,1,1
290.000,32.000,73.500,1,1
290.000,33.000,73.500,1,1
290.000,34.000,73.500,1,1
290.000,35.000,73.500,1,1
290.000,36.000,73.500,1,1
290.000,37.000,73.500,1,1
290.000,38.000,73.500,1,1
290.000,39.000,73.500,1,1
290.000,40.000,73.500,1,1
290.000,41.000,73.500,1,1
290.000,42.000,73.500,1,1
290.000,43.000,73.500,1,1
290.000,44.000,73.500,1,1
290.000,45.000,73.500,1,1
290.000,46.000,73.500,1,1
290.000,47.000,73.500,1,1
290.000,48.000,73.500,1,1
290.000,49.000,73.500,1,1
290.000,50.000,73.500,1,1
290.000,51.000,73.500,1,1
290.000,52.000,73.500,1,1
290.000,53.000,73.500,1,1
290.000,54.000,73.500,1,1
290.000,55.000,73.500,1,1
290.000,56.000,73.500,1,1
290.000,57.000,73.500,1,1
290.000,58.000,73.500,1,1
290.000,59.000,73.500,1,1
290.000,60.000,73.500,1,1
290.000,61.000,73.500,1,1
290.000,62.000,73.500,1,1
290.000,63.000,73.500,1,1
290.000,64.000,73.500,1,1
290.000,65.000,73.500,1,1
290.000,66.000,73.500,1,1
290.000,67.000,73.500,1,1
290.000,68.000,73.500,1,1
290.000,69.000,73.500,1,1
290.000,70.000,73.500,1,1
290.000,71.000,73.500,1,1
290.000,72.000,73.500,1,1
290.000,73.000,73.500,1,1
290.000,74.000,73.500,0,1
290.000,75.000,73.500,0,1
290.000,76.000,73.500,0,1
290.000,77.000,73.500,0,1
290.000,78.000,73.500,0,1
290.000,79.000,73.500,0,1
290.000,80.000,73.500,0,1
290.000,81.000,73.500,0,1
290.000,82.000,73.500,0,1
290.000,83.000,73.500,0,1
290.000,84.000,73.500,0,1
290.000,85.000,73.500,0,1
290.000,86.000,73.500,0,1
290.000,87.000,73.500,0,1
290.000,88.000,73.500,0,1
290.000,89.000,73.500,0,1
290.000,90.000,73.500,0,1
290.000,91.000,73.500,0,1
290.000,92.000,73.500,0,1
290.000,93.000,73.500,0,1
290.000,94.000,73.500,0,1
290.000,95.000,73.500,0,1
290.000,96.000,73.500,0,1
290.000,97.000,73.500,0,1
290.000,98.000,73.500,0,1
290.000,99.000,73.500,0,1
290.000,100.000,73.500,0,1
290.000,101.000,73.500,0,1
290.000,102.000,73.500,0,1
290.000,103.000,73.500,0,1
290.000,104.000,73.500,0,1
290.000,105.000,73.500,0,1
290.000,106.000,73.500,0,1
290.000,107.000,73.500,0,1
290.000,108.000,73.500,0,1
290.000,109.000,73.500,0,1
290.000,110.000,73.500,0,1
290.000,111.000,73.500,0,1
290.000,112.000,73.500,0,1
290.000,113.000,73.500,0,1
290.000,114.000,73.500,0,1
290.000,115.000,73.500,0,1
290.000,116.000,73.500,0,1
290.000,117.000,73.500,0,1
290.000,118.000,73.500,0,1
290.000,119.000,73.500,0,1
290.000,120.000,73.500,0,1
290.000,121.000,73.500,0,1
290.000,122.000,73.500,0,1
290.000,123.000,73.500,0,1
290.000,124.000,73.500,0,1
290.000,125.000,73.500,0,1
290.000,126.000,73.500,0,1
290.000,127.000,73.500,0,1
290.000,128.000,73.500,0,1
290.000,129.000,73.500,0,1
290.000,130.000,73.500,0,1
290.000,131.000,73.500,0,1
290.000,132.000,73.500,0,1
290.000,133.000,73.500,0,1
290.000,134.000,73.500,0,1
290.000,135.000,73.500,0,1
290.000,136.000,73.500,0,1
290.000,137.000,73.500,0,1
290.000,138.000,73.500,0,1
290.000,139.000,73.500,0,1
290.000,140.000,73.500,0,1
290.000,141.000,73.500,0,1
290.000,142.000,73.500,0,1
290.000,143.000,73.500,0,1
290.000,144.000,73.500,0,1
290.000,145.000,73.500,0,1
290.000,146.000,73.500,0,1
290.000,147.000,73.500,0,1
290.000,148.000,73.500,0,1
290.000,149.000,73.500,0,1
290.000,150.000,73.500,0,1
290.000,151.000,73.500,0,1
290.000,152.000,73.500,0,1
290.000,153.000,73.500,0,1
290.000,154.000,73.500,0,0
290.000,155.000,73.500,0,0
290.000,156.000,73.500,0,0
290.000,157.000,73.500,0,0
290.000,158.000,73.500,0,0
290.000,159.000,73.500,0,0
290.000,160.000,73.500,0,0
290.000,161.000,73.500,0,0
290.000,162.000,73.500,0,0
290.000,163.000,73.500,0,0
290.000,164.000,73.500,0,0
290.000,165.000,73.500,0,0
290.000,166.000,73.500,0,0
290.000,167.000,73.500,0,0
290.000,168.000,73.500,0,0
290.000,169.000,73.500,0,0
290.000,170.000,73.500,0,0
290.000,171.000,73.500,0,0
290.000,172.000,73.500,0,0
290.000,173.000,73.500,0,0
290.000,174.000,73.500,0,0
290.000,175.000,73.500,0,0
290.000,176.000,73.500,0,0
290.000,177.000,73.500,0,0
290.000,178.000,73.500,0,0
290.000,179.000,73.500,0,0
290.000,180.000,73.500,0,0
292.500,20.000,72.625,1,1
292.500,21.000,72.625,1,1
292.500,22.000,72.625,1,1
292.500,23.000,72.625,1,1
292.500,24.000,72.625,1,1
292.500,25.000,72.625,1,1
292.500,26.000,72.625,1,1
292.500,27.000,72.625,1,1
292.500,28.000,72.625,1,1
292.500,29.000,72.625,1,1
292.500,30.000,72.625,1,1
292.500,31.000,72.625,1,1
292.500,32.000,72.625,1,1
292.500,33.000,72.625,1,1
292.500,34.000,72.625,1,1
292.500,35.000,72.625,1,1
292.500,36.000,72.625,1,1
292.500,37.000,72.625,1,1
292.500,38.000,72.625,1,1
292.500,39.000,72.625,1,1
292.500,40.000,72.625,1,1
292.500,41.000,72.625,1,1
292.500,42.000,72.625,1,1
292.500,43.000,72.625,1,1
292.500,44.000,72.625,1,1
292.500,45.000,72.625,1,1
292.500,46.000,72.625,1,1
292.500,47.000,72.625,1,1
292.500,48.000,72.625,1,1
292.500,49.000,72.625,1,1
292.500,50.000,72.625,1,1
292.500,51.000,72.625,1,1
292.500,52.000,72.625,1,1
292.500,53.000,72.625,1,1
292.500,54.000,72.625,1,1
292.500,55.000,72.625,1,1
292.500,56.000,72.625,1,1
292.500,57.000,72.625,1,1
292.500,58.000,72.625,1,1
292.500,59.000,72.625,1,1
292.500,60.000,72.625,1,1
292.500,61.000,72.625,1,1
292.500,62.000,72.625,1,1
292.500,63.000,72.625,1,1
292.500,64.000,72.625,1,1
292.500,65.000,72.625,1,1
292.500,66.000,72.625,1,1
292.500,67.000,72.625,1,1
292.500,68.000,72.625,1,1
292.500,69.000,72.625,1,1
292.500,70.000,72.625,1,1
292.500,71.000,72.625,1,1
292.500,72.000,72.625,1,1
292.500,73.000,72.625,0,1
292.500,74.000,72.625,0,1
292.500,75.000,72.625,0,1
292.500,76.000,72.625,0,1
292.500,77.000,72.625,0,1
292.500,78.000,72.625,0,1
292.500,79.000,72.625,0,1
292.500,80.000,72.625,0,1
292.500,81.000,72.625,0,1
292.500,82.000,72.625,0,1
292.500,83.000,72.625,0,1
292.500,84.000,72.625,0,1
292.500,85.000,72.625,0,1
292.500,86.000,72.625,0,1
292.500,87.000,72.625,0,1
292.500,88.000,72.625,0,1
292.500,89.000,72.625,0,1
292.500,90.000,72.625,0,1
292.500,91.000,72.625,0,1
292.500,92.000,72.625,0,1
292.500,93.000,72.625,0,1
292.500,94.000,72.625,0,1
292.500,95.000,72.625,0,1
292.500,96.000,72.625,0,1
292.500,97.000,72.625,0,1
292.500,98.000,72.625,0,1
292.500,99.000,72.625,0,1
292.500,100.000,72.625,0,1
292.500,101.000,72.625,0,1
292.500,102.000,72.625,0,1
292.500,103.000,72.625,0,1
292.500,104.000,72.625,0,1
292.500,105.000,72.625,0,1
292.500,106.000,72.625,0,1
292.500,107.000,72.625,0,1
292.500,108.000,72.625,0,1
292.500,109.000,72.625,0,1
292.500,110.000,72.625,0,1
292.500,111.000,72.625,0,1
292.500,112.000,72.625,0,1
292.500,113.000,72.625,0,1
292.500,114.000,72.625,0,1
292.500,115.000,72.625,0,1
292.500,116.000,72.625,0,1
292.500,117.000,72.625,0,1
292.500,118.000,72.625,0,1
292.500,119.000,72.625,0,1
292.500,120.000,72.625,0,1
292.500,121.000,72.625,0,1
292.500,122.000,72.625,0,1
292.500,123.000,72.625,0,1
292.500,124.000,72.625,0,1
292.500,125.000,72.625,0,1
292.500,126.000,72.625,0,1
292.500,127.000,72.625,0,1
292.500,128.000,72.625,0,1
292.500,129.000,72.625,0,1
292.500,130.000,72.625,0,1
292.500,131.000,72.625,0,1
292.500,132.000,72.625,0,1
292.500,133.000,72.625,0,1
292.500,134.000,72.625,0,1
292.500,135.000,72.625,0,1
292.500,136.000,72.625,0,1
292.500,137.000,72.625,0,1
292.500,138.000,72.625,0,1
292.500,139.000,72.625,0,1
292.500,140.000,72.625,0,1
292.500,141.000,72.625,0,1
292.500,142.000,72.625,0,1
292.500,143.000,72.625,0,1
292.500,144.000,72.625,0,1
292.500,145.000,72.625,0,1
292.500,146.000,72.625,0,1
292.500,147.000,72.625,0,1
292.500,148.000,72.625,0,1
292.500,149.000,72.625,0,1
292.500,150.000,72.625,0,1
292.500,151.000,72.625,0,1
292.500,152.000,72.625,0,1
292.500,153.000,72.625,0,0
292.500,154.000,72.625,0,0
292.500,155.000,72.625,0,0
292.500,156.000,72.625,0,0
292.500,157.000,72.625,0,0
292.500,158.000,72.625,0,0
292.500,159.000,72.625,0,0
292.500,160.000,72.625,0,0
292.500,161.000,72.625,0,0
292.500,162.000,72.625,0,0
292.500,163.000,72.625,0,0
292.500,164.000,72.625,0,0
292.500,165.000,72.625,0,0
292.500,166.000,72.625,0,0
292.500,167.000,72.625,0,0
292.500,168.000,72.625,0,0
292.500,169.000,72.625,0,0
292.500,170.000,72.625,0,0
292.500,171.000,72.625,0,0
292.500,172.000,72.625,0,0
292.500,173.000,72.625,0,0
292.500,174.000,72.625,0,0
292.500,175.000,72.625,0,0
292.500,176.000,72.625,0,0
292.500,177.000,72.625,0,0
292.500,178.000,72.625,0,0
292.500,179.000,72.625,0,0
292.500,180.000,72.625,0,0
295.000,20.000,71.750,1,1
295.000,21.000,71.750,1,1
295.000,22.000,71.750,1,1
295.000,23.000,71.750,1,1
295.000,24.000,71.750,1,1
295.000,25.000,71.750,1,1
295.000,26.000,71.750,1,1
295.000,27.000,71.750,1,1
295.000,28.000,71.750,1,1
295.000,29.000,71.750,1,1
295.000,30.000,71.750,1,1
295.000,31.000,71.750,1,1
295.000,32.000,71.750,1,1
295.000,33.000,71.750,1,1
295.000,34.000,71.750,1,1
295.000,35.000,71.750,1,1
295.000,36.000,71.750,1,1
295.000,37.000,71.750,1,1
295.000,38.000,71.750,1,1
295.000,39.000,71.750,1,1
295.000,40.000,71.750,1,1
295.000,41.000,71.750,1,1
295.000,42.000,71.750,1,1
295.000,43.000,71.750,1,1
295.000,44.000,71.750,1,1
295.000,45.000,71.750,1,1
295.000,46.000,71.750,1,1
295.000,47.000,71.750,1,1
295.000,48.000,71.750,1,1
295.000,49.000,71.750,1,1
295.000,50.000,71.750,1,1
295.000,51.000,71.750,1,1
295.000,52.000,71.750,1,1
295.000,53.000,71.750,1,1
295.000,54.000,71.750,1,1
295.000,55.000,71.750,1,1
295.000,56.000,71.750,1,1
295.000,57.000,71.750,1,1
295.000,58.000,71.750,1,1
295.000,59.000,71.750,1,1
295.000,60.000,71.750,1,1
295.000,61.000,71.750,1,1
295.000,62.000,71.750,1,1
295.000,63.000,71.750,1,1
295.000,64.000,71.750,1,1
295.000,65.000,71.750,1,1
295.000,66.000,71.750,1,1
295.000,67.000,71.750,1,1
295.000,68.000,71.750,1,1
295.000,69.000,71.750,1,1
295.000,70.000,71.750,1,1
295.000,71.000,71.750,1,1
295.000,72.000,71.750,0,1
295.000,73.000,71.750,0,1
295.000,74.000,71.750,0,1
295.000,75.000,71.750,0,1
295.000,76.000,71.750,0,1
295.000,77.000,71.750,0,1
295.000,78.000,71.750,0,1
295.000,79.000,71.750,0,1
295.000,80.000,71.750,0,1
295.000,81.000,71.750,0,1
295.000,82.000,71.750,0,1
295.000,83.000,71.750,0,1
295.000,84.000,71.750,0,1
295.000,85.000,71.750,0,1
295.000,86.000,71.750,0,1
295.000,87.000,71.750,0,1
295.000,88.000,71.750,0,1
295.000,89.000,71.750,0,1
295.000,90.000,71.750,0,1
295.000,91.000,71.750,0,1
295.000,92.000,71.750,0,1
295.000,93.000,71.750,0,1
295.000,94.000,71.750,0,1
295.000,95.000,71.750,0,1
295.000,96.000,71.750,0,1
295.000,97.000,71.750,0,1
295.000,98.000,71.750,0,1
295.000,99.000,71.750,0,1
295.000,100.000,71.750,0,1
295.000,101.000,71.750,0,1
295.000,102.000,71.750,0,1
295.000,103.000,71.750,0,1
295.000,104.000,71.750,0,1
295.000,105.000,71.750,0,1
295.000,106.000,71.750,0,1
295.000,107.000,71.750,0,1
295.000,108.000,71.750,0,1
295.000,109.000,71.750,0,1
295.000,110.000,71.750,0,1
295.000,111.000,71.750,0,1
295.000,112.000,71.750,0,1
295.000,113.000,71.750,0,1
295.000,114.000,71.750,0,1
295.000,115.000,71.750,0,1
295.000,116.000,71.750,0,1
295.000,117.000,71.750,0,1
295.000,118.000,71.750,0,1
295.000,119.000,71.750,0,1
295.000,120.000,71.750,0,1
295.000,121.000,71.750,0,1
295.000,122.000,71.750,0,1
295.000,123.000,71.750,0,1
295.000,124.000,71.750,0,1
295.000,125.000,71.750,0,1
295.000,126.000,71.750,0,1
295.000,127.000,71.750,0,1
295.000,128.000,71.750,0,1
295.000,129.000,71.750,0,1
295.000,130.000,71.750,0,1
295.000,131.000,71.750,0,1
295.000,132.000,71.750,0,1
295.000,133.000,71.750,0,1
295.000,134.000,71.750,0,1
295.000,135.000,71.750,0,1
295.000,136.000,71.750,0,1
295.000,137.000,71.750,0,1
295.000,138.000,71.750,0,1
295.000,139.000,71.750,0,1
295.000,140.000,71.750,0,1
295.000,141.000,71.750,0,1
295.000,142.000,71.750,0,1
295.000,143.000,71.750,0,1
295.000,144.000,71.750,0,1
295.000,145.000,71.750,0,1
295.000,146.000,71.750,0,1
295.000,147.000,71.750,0,1
295.000,148.000,71.750,0,1
295.000,149.000,71.750,0,1
295.000,150.000,71.750,0,1
295.000,151.000,71.750,0,1
295.000,152.000,71.750,0,0
295.000,153.000,71.750,0,0
295.000,154.000,71.750,0,0
295.000,155.000,71.750,0,0
295.000,156.000,71.750,0,0
295.000,157.000,71.750,0,0
295.000,158.000,71.750,0,0
295.000,159.000,71.750,0,0
295.000,160.000,71.750,0,0
295.000,161.000,71.750,0,0
295.000,162.000,71.750,0,0
295.000,163.000,71.750,0,0
295.000,164.000,71.750,0,0
295.000,165.000,71.750,0,0
295.000,166.000,71.750,0,0
295.000,167.000,71.750,0,0
295.000,168.000,71.750,0,0
295.000,169.000,71.750,0,0
295.000,170.000,71.750,0,0
295.000,171.000,71.750,0,0
295.000,172.000,71.750,0,0
295.000,173.000,71.750,0,0
295.000,174.000,71.750,0,0
295.000,175.000,71.750,0,0
295.000,176.000,71.750,0,0
295.000,177.000,71.750,0,0
295.000,178.000,71.750,0,0
295.000,179.000,71.750,0,0
295.000,180.000,71.750,0,0
297.500,20.000,70.875,1,1
297.500,21.000,70.875,1,1
297.500,22.000,70.875,1,1
297.500,23.000,70.875,1,1
297.500,24.000,70.875,1,1
297.500,25.000,70.875,1,1
297.500,26.000,70.875,1,1
297.500,27.000,70.875,1,1
297.500,28.000,70.875,1,1
297.500,29.000,70.875,1,1
297.500,30.000,70.875,1,1
297.500,31.000,70.875,1,1
297.500,32.000,70.875,1,1
297.500,33.000,70.875,1,1
297.500,34.000,70.875,1,1
297.500,35.000,70.875,1,1
297.500,36.000,70.875,1,1
297.500,37.000,70.875,1,1
297.500,38.000,70.875,1,1
297.500,39.000,70.875,1,1
297.500,40.000,70.875,1,1
297.500,41.000,70.875,1,1
297.500,42.000,70.875,1,1
297.500,43.000,70.875,1,1
297.500,44.000,70.875,1,1
297.500,45.000,70.875,1,1
297.500,46.000,70.875,1,1
297.500,47.000,70.875,1,1
297.500,48.000,70.875,1,1
297.500,49.000,70.875,1,1
297.500,50.000,70.875,1,1
297.500,51.000,70.875,1,1
297.500,52.000,70.875,1,1
297.500,53.000,70.875,1,1
297.500,54.000,70.875,1,1
297.500,55.000,70.875,1,1
297.500,56.000,70.875,1,1
297.500,57.000,70.875,1,1
297.500,58.000,70.875,1,1
297.500,59.000,70.875,1,1
297.500,60.000,70.875,1,1
297.500,61.000,70.875,1,1
297.500,62.000,70.875,1,1
297.500,63.000,70.875,1,1
297.500,64.000,70.875,1,1
297.500,65.000,70.875,1,1
297.500,66.000,70.875,1,1
297.500,67.000,70.875,1,1
297.500,68.000,70.875,1,1
297.500,69.000,70.875,1,1
297.500,70.000,70.875,1,1
297.500,71.000,70.875,0,1
297.500,72.000,70.875,0,1
297.500,73.000,70.875,0,1
297.500,74.000,70.875,0,1
297.500,75.000,70.875,0,1
297.500,76.000,70.875,0,1
297.500,77.000,70.875,0,1
297.500,78.000,70.875,0,1
297.500,79.000,70.875,0,1
297.500,80.000,70.875,0,1
297.500,81.000,70.875,0,1
297.500,82.000,70.875,0,1
297.500,83.000,70.875,0,1
297.500,84.000,70.875,0,1
297.500,85.000,70.875,0,1
297.500,86.000,70.875,0,1
297.500,87.000,70.875,0,1
297.500,88.000,70.875,0,1
297.500,89.000,70.875,0,1
297.500,90.000,70.875,0,1
297.500,91.000,70.875,0,1
297.500,92.000,70.875,0,1
297.500,93.000,70.875,0,1
297.500,94.000,70.875,0,1
297.500,95.000,70.875,0,1
297.500,96.000,70.875,0,1
297.500,97.000,70.875,0,1
297.500,98.000,70.875,0,1
297.500,99.000,70.875,0,1
297.500,100.000,70.875,0,1
297.500,101.000,70.875,0,1
297.500,102.000,70.875,0,1
297.500,103.000,70.875,0,1
297.500,104.000,70.875,0,1
297.500,105.000,70.875,0,1
297.500,106.000,70.875,0,1
297.500,107.000,70.875,0,1
297.500,108.000,70.875,0,1
297.500,109.000,70.875,0,1
297.500,110.000,70.875,0,1
297.500,111.000,70.875,0,1
297.500,112.000,70.875,0,1
297.500,113.000,70.875,0,1
297.500,114.000,70.875,0,1
297.500,115.000,70.875,0,1
297.500,116.000,70.875,0,1
297.500,117.000,70.875,0,1
297.500,118.000,70.875,0,1
297.500,119.000,70.875,0,1
297.500,120.000,70.875,0,1
297.500,121.000,70.875,0,1
297.500,122.000,70.875,0,1
297.500,123.000,70.875,0,1
297.500,124.000,70.875,0,1
297.500,125.000,70.875,0,1
297.500,126.000,70.875,0,1
297.500,127.000,70.875,0,1
297.500,128.000,70.875,0,1
297.500,129.000,70.875,0,1
297.500,130.000,70.875,0,1
297.500,131.000,70.875,0,1
297.500,132.000,70.875,0,1
297.500,133.000,70.875,0,1
297.500,134.000,70.875,0,1
297.500,135.000,70.875,0,1
297.500,136.000,70.875,0,1
297.500,137.000,70.875,0,1
297.500,138.000,70.875,0,1
297.500,139.000,70.875,0,1
297.500,140.000,70.875,0,1
297.500,141.000,70.875,0,1
297.500,142.000,70.875,0,1
297.500,143.000,70.875,0,1
297.500,144.000,70.875,0,1
297.500,145.000,70.875,0,1
297.500,146.000,70.875,0,1
297.500,147.000,70.875,0,1
297.500,148.000,70.875,0,1
297.500,149.000,70.875,0,1
297.500,150.000,70.875,0,1
297.500,151.000,70.875,0,0
297.500,152.000,70.875,0,0
297.500,153.000,70.875,0,0
297.500,154.000,70.875,0,0
297.500,155.000,70.875,0,0
297.500,156.000,70.875,0,0
297.500,157.000,70.875,0,0
297.500,158.000,70.875,0,0
297.500,159.000,70.875,0,0
297.500,160.000,70.875,0,0
297.500,161.000,70.875,0,0
297.500,162.000,70.875,0,0
297.500,163.000,70.875,0,0
297.500,164.000,70.875,0,0
297.500,165.000,70.875,0,0
297.500,166.000,70.875,0,0
297.500,167.000,70.875,0,0
297.500,168.000,70.875,0,0
297.500,169.000,70.875,0,0
297.500,170.000,70.875,0,0
297.500,171.000,70.875,0,0
297.500,172.000,70.875,0,0
297.500,173.000,70.875,0,0
297.500,174.000,70.875,0,0
297.500,175.000,70.875,0,0
297.500,176.000,70.875,0,0
297.500,177.000,70.875,0,0
297.500,178.000,70.875,0,0
297.500,179.000,70.875,0,0
297.500,180.000,70.875,0,0
300.000,20.000,70.000,1,1
300.000,21.000,70.000,1,1
300.000,22.000,70.000,1,1
300.000,23.000,70.000,1,1
300.000,24.000,70.000,1,1
300.000,25.000,70.000,1,1
300.000,26.000,70.000,1,1
300.000,27.000,70.000,1,1
300.000,28.000,70.000,1,1
300.000,29.000,70.000,1,1
300.000,30.000,70.000,1,1
300.000,31.000,70.000,1,1
300.000,32.000,70.000,1,1
300.000,33.000,70.000,1,1
300.000,34.000,70.000,1,1
300.000,35.000,70.000,1,1
300.000,36.000,70.000,1,1
300.000,37.000,70.000,1,1
300.000,38.000,70.000,1,1
300.000,39.000,70.000,1,1
300.000,40.000,70.000,1,1
300.000,41.000,70.000,1,1
300.000,42.000,70.000,1,1
300.000,43.000,70.000,1,1
300.000,44.000,70.000,1,1
300.000,45.000,70.000,1,1
300.000,46.000,70.000,1,1
300.000,47.000,70.000,1,1
300.000,48.000,70.000,1,1
300.000,49.000,70.000,1,1
300.000,50.000,70.000,1,1
300.000,51.000,70.000,1,1
300.000,52.000,70.000,1,1
300.000,53.000,70.000,1,1
300.000,54.000,70.000,1,1
300.000,55.000,70.000,1,1
300.000,56.000,70.000,1,1
300.000,57.000,70.000,1,1
300.000,58.000,70.000,1,1
300.000,59.000,70.000,1,1
300.000,60.000,70.000,1,1
300.000,61.000,70.000,1,1
300.000,62.000,70.000,1,1
300.000,63.000,70.000,1,1
300.000,64.000,70.000,1,1
300.000,65.000,70.000,1,1
300.000,66.000,70.000,1,1
300.000,67.000,70.000,1,1
300.000,68.000,70.000,1,1
300.000,69.000,70.000,1,1
300.000,70.000,70.000,1,1
300.000,71.000,70.000,0,1
300.000,72.000,70.000,0,1
300.000,73.000,70.000,0,1
300.000,74.000,70.000,0,1
300.000,75.000,70.000,0,1
300.000,76.000,70.000,0,1
300.000,77.000,70.000,0,1
300.000,78.000,70.000,0,1
300.000,79.000,70.000,0,1
300.000,80.000,70.000,0,1
300.000,81.000,70.000,0,1
300.000,82.000,70.000,0,1
300.000,83.000,70.000,0,1
300.000,84.000,70.000,0,1
300.000,85.000,70.000,0,1
300.000,86.000,70.000,0,1
300.000,87.000,70.000,0,1
300.000,88.000,70.000,0,1
300.000,89.000,70.000,0,1
300.000,90.000,70.000,0,1
300.000,91.000,70.000,0,1
300.000,92.000,70.000,0,1
300.000,93.000,70.000,0,1
300.000,94.000,70.000,0,1
300.000,95.000,70.000,0,1
300.000,96.000,70.000,0,1
300.000,97.000,70.000,0,1
300.000,98.000,70.000,0,1
300.000,99.000,70.000,0,1
300.000,100.000,70.000,0,1
300.000,101.000,70.000,0,1
300.000,102.000,70.000,0,1
300.000,103.000,70.000,0,1
300.000,104.000,70.000,0,1
300.000,105.000,70.000,0,1
300.000,106.000,70.000,0,1
300.000,107.000,70.000,0,1
300.000,108.000,70.000,0,1
300.000,109.000,70.000,0,1
300.000,110.000,70.000,0,1
300.000,111.000,70.000,0,1
300.000,112.000,70.000,0,1
300.000,113.000,70.000,0,1
300.000,114.000,70.000,0,1
300.000,115.000,70.000,0,1
300.000,116.000,70.000,0,1
300.000,117.000,70.000,0,1
300.000,118.000,70.000,0,1
300.000,119.000,70.000,0,1
300.000,120.000,70.000,0,1
300.000,121.000,70.000,0,1
300.000,122.000,70.000,0,1
300.000,123.000,70.000,0,1
300.000,124.000,70.000,0,1
300.000,125.000,70.000,0,1
300.000,126.000,70.000,0,1
300.000,127.000,70.000,0,1
300.000,128.000,70.000,0,1
300.000,129.000,70.000,0,1
300.000,130.000,70.000,0,1
300.000,131.000,70.000,0,1
300.000,132.000,70.000,0,1
300.000,133.000,70.000,0,1
300.000,134.000,70.000,0,1
300.000,135.000,70.000,0,1
300.000,136.000,70.000,0,1
300.000,137.000,70.000,0,1
300.000,138.000,70.000,0,1
300.000,139.000,70.000,0,1
300.000,140.000,70.000,0,1
300.000,141.000,70.000,0,1
300.000,142.000,70.000,0,1
300.000,143.000,70.000,0,1
300.000,144.000,70.000,0,1
300.000,145.000,70.000,0,1
300.000,146.000,70.000,0,1
300.000,147.000,70.000,0,1
300.000,148.000,70.000,0,1
300.000,149.000,70.000,0,1
300.000,150.000,70.000,0,1
300.000,151.000,70.000,0,0
300.000,152.000,70.000,0,0
300.000,153.000,70.000,0,0
300.000,154.000,70.000,0,0
300.000,155.000,70.000,0,0
300.000,156.000,70.000,0,0
300.000,157.000,70.000,0,0
300.000,158.000,70.000,0,0
300.000,159.000,70.000,0,0
300.000,160.000,70.000,0,0
300.000,161.000,70.000,0,0
300.000,162.000,70.000,0,0
300.000,163.000,70.000,0,0
300.000,164.000,70.000,0,0
300.000,165.000,70.000,0,0
300.000,166.000,70.000,0,0
300.000,167.000,70.000,0,0
300.000,168.000,70.000,0,0
300.000,169.000,70.000,0,0
300.000,170.000,70.000,0,0
300.000,171.000,70.000,0,0
300.000,172.000,70.000,0,0
300.000,173.000,70.000,0,0
300.000,174.000,70.000,0,0
300.000,175.000,70.000,0,0
300.000,176.000,70.000,0,0
300.000,177.000,70.000,0,0
300.000,178.000,70.000,0,0
300.000,179.000,70.000,0,0
300.000,180.000,70.000,0,0
302.500,20.000,69.125,1,1
302.500,21.000,69.125,1,1
302.500,22.000,69.125,1,1
302.500,23.000,69.125,1,1
302.500,24.000,69.125,1,1
302.500,25.000,69.125,1,1
302.500,26.000,69.125,1,1
302.500,27.000,69.125,1,1
302.500,28.000,69.125,1,1
302.500,29.000,69.125,1,1
302.500,30.000,69.125,1,1
302.500,31.000,69.125,1,1
302.500,32.000,69.125,1,1
302.500,33.000,69.125,1,1
302.500,34.000,69.125,1,1
302.500,35.000,69.125,1,1
302.500,36.000,69.125,1,1
302.500,37.000,69.125,1,1
302.500,38.000,69.125,1,1
302.500,39.000,69.125,1,1
302.500,40.000,69.125,1,1
302.500,41.000,69.125,1,1
302.500,42.000,69.125,1,1
302.500,43.000,69.125,1,1
302.500,44.000,69.125,1,1
302.500,45.000,69.125,1,1
302.500,46.000,69.125,1,1
302.500,47.000,69.125,1,1
302.500,48.000,69.125,1,1
302.500,49.000,69.125,1,1
302.500,50.000,69.125,1,1
302.500,51.000,69.125,1,1
302.500,52.000,69.125,1,1
302.500,53.000,69.125,1,1
302.500,54.000,69.125,1,1
302.500,55.000,69.125,1,1
302.500,56.000,69.125,1,1
302.500,57.000,69.125,1,1
302.500,58.000,69.125,1,1
302.500,59.000,69.125,1,1
302.500,60.000,69.125,1,1
302.500,61.000,69.125,1,1
302.500,62.000,69.125,1,1
302.500,63.000,69.125,1,1
302.500,64.000,69.125,1,1
302.500,65.000,69.125,1,1
302.500,66.000,69.125,1,1
302.500,67.000,69.125,1,1
302.500,68.000,69.125,1,1
302.500,69.000,69.125,1,1
302.500,70.000,69.125,0,1
302.500,71.000,69.125,0,1
302.500,72.000,69.125,0,1
302.500,73.000,69.125,0,1
302.500,74.000,69.125,0,1
302.500,75.000,69.125,0,1
302.500,76.000,69.125,0,1
302.500,77.000,69.125,0,1
302.500,78.000,69.125,0,1
302.500,79.000,69.125,0,1
302.500,80.000,69.125,0,1
302.500,81.000,69.125,0,1
302.500,82.000,69.125,0,1
302.500,83.000,69.125,0,1
302.500,84.000,69.125,0,1
302.500,85.000,69.125,0,1
302.500,86.000,69.125,0,1
302.500,87.000,69.125,0,1
302.500,88.000,69.125,0,1
302.500,89.000,69.125,0,1
302.500,90.000,69.125,0,1
302.500,91.000,69.125,0,1
302.500,92.000,69.125,0,1
302.500,93.000,69.125,0,1
302.500,94.000,69.125,0,1
302.500,95.000,69.125,0,1
302.500,96.000,69.125,0,1
302.500,97.000,69.125,0,1
302.500,98.000,69.125,0,1
302.500,99.000,69.125,0,1
302.500,100.000,69.125,0,1
302.500,101.000,69.125,0,1
302.500,102.000,69.125,0,1
302.500,103.000,69.125,0,1
302.500,104.000,69.125,0,1
302.500,105.000,69.125,0,1
302.500,106.000,69.125,0,1
302.500,107.000,69.125,0,1
302.500,108.000,69.125,0,1
302.500,109.000,69.125,0,1
302.500,110.000,69.125,0,1
302.500,111.000,69.125,0,1
302.500,112.000,69.125,0,1
302.500,113.000,69.125,0,1
302.500,114.000,69.125,0,1
302.500,115.000,69.125,0,1
302.500,116.000,69.125,0,1
302.500,117.000,69.125,0,1
302.500,118.000,69.125,0,1
302.500,119.000,69.125,0,1
302.500,120.000,69.125,0,1
302.500,121.000,69.125,0,1
302.500,122.000,69.125,0,1
302.500,123.000,69.125,0,1
302.500,124.000,69.125,0,1
302.500,125.000,69.125,0,1
302.500,126.000,69.125,0,1
302.500,127.000,69.125,0,1
302.500,128.000,69.125,0,1
302.500,129.000,69.125,0,1
302.500,130.000,69.125,0,1
302.500,131.000,69.125,0,1
302.500,132.000,69.125,0,1
302.500,133.000,69.125,0,1
302.500,134.000,69.125,0,1
302.500,135.000,69.125,0,1
302.500,136.000,69.125,0,1
302.500,137.000,69.125,0,1
302.500,138.000,69.125,0,1
302.500,139.000,69.125,0,1
302.500,140.000,69.125,0,1
302.500,141.000,69.125,0,1
302.500,142.000,69.125,0,1
302.500,143.000,69.125,0,1
302.500,144.000,69.125,0,1
302.500,145.000,69.125,0,1
302.500,146.000,69.125,0,1
302.500,147.000,69.125,0,1
302.500,148.000,69.125,0,1
302.500,149.000,69.125,0,1
302.500,150.000,69.125,0,0
302.500,151.000,69.125,0,0
302.500,152.000,69.125,0,0
302.500,153.000,69.125,0,0
302.500,154.000,69.125,0,0
302.500,155.000,69.125,0,0
302.500,156.000,69.125,0,0
302.500,157.000,69.125,0,0
302.500,158.000,69.125,0,0
302.500,159.000,69.125,0,0
302.500,160.000,69.125,0,0
302.500,161.000,69.125,0,0
302.500,162.000,69.125,0,0
302.500,163.000,69.125,0,0
302.500,164.000,69.125,0,0
302.500,165.000,69.125,0,0
302.500,166.000,69.125,0,0
302.500,167.000,69.125,0,0
302.500,168.000,69.125,0,0
302.500,169.000,69.125,0,0
302.500,170.000,69.125,0,0
302.500,171.000,69.125,0,0
302.500,172.000,69.125,0,0
302.500,173.000,69.125,0,0
302.500,174.000,69.125,0,0
302.500,175.000,69.125,0,0
302.500,176.000,69.125,0,0
302.500,177.000,69.125,0,0
302.500,178.000,69.125,0,0
302.500,179.000,69.125,0,0
302.500,180.000,69.125,0,0
305.000,20.000,68.250,1,1
305.000,21.000,68.250,1,1
305.000,22.000,68.250,1,1
305.000,23.000,68.250,1,1
305.000,24.000,68.250,1,1
305.000,25.000,68.250,1,1
305.000,26.000,68.250,1,1
305.000,27.000,68.250,1,1
305.000,28.000,68.250,1,1
305.000,29.000,68.250,1,1
305.000,30.000,68.250,1,1
305.000,31.000,68.250,1,1
305.000,32.000,68.250,1,1
305.000,33.000,68.250,1,1
305.000,34.000,68.250,1,1
305.000,35.000,68.250,1,1
305.000,36.000,68.250,1,1
305.000,37.000,68.250,1,1
305.000,38.000,68.250,1,1
305.000,39.000,68.250,1,1
305.000,40.000,68.250,1,1
305.000,41.000,68.250,1,1
305.000,42.000,68.250,1,1
305.000,43.000,68.250,1,1
305.000,44.000,68.250,1,1
305.000,45.000,68.250,1,1
305.000,46.000,68.250,1,1
305.000,47.000,68.250,1,1
305.000,48.000,68.250,1,1
305.000,49.000,68.250,1,1
305.000,50.000,68.250,1,1
305.000,51.000,68.250,1,1
305.000,52.000,68.250,1,1
305.000,53.000,68.250,1,1
305.000,54.000,68.250,1,1
305.000,55.000,68.250,1,1
305.000,56.000,68.250,1,1
305.000,57.000,68.250,1,1
305.000,58.000,68.250,1,1
305.000,59.000,68.250,1,1
305.000,60.000,68.250,1,1
305.000,61.000,68.250,1,1
305.000,62.000,68.250,1,1
305.000,63.000,68.250,1,1
305.000,64.000,68.250,1,1
305.000,65.000,68.250,1,1
305.000,66.000,68.250,1,1
305.000,67.000,68.250,1,1
305.000,68.000,68.250,1,1
305.000,69.000,68.250,0,1
305.000,70.000,68.250,0,1
305.000,71.000,68.250,0,1
305.000,72.000,68.250,0,1
305.000,73.000,68.250,0,1
305.000,74.000,68.250,0,1
305.000,75.000,68.250,0,1
305.000,76.000,68.250,0,1
305.000,77.000,68.250,0,1
305.000,78.000,68.250,0,1
305.000,79.000,68.250,0,1
305.000,80.000,68.250,0,1
305.000,81.000,68.250,0,1
305.000,82.000,68.250,0,1
305.000,83.000,68.250,0,1
305.000,84.000,68.250,0,1
305.000,85.000,68.250,0,1
305.000,86.000,68.250,0,1
305.000,87.000,68.250,0,1
305.000,88.000,68.250,0,1
305.000,89.000,68.250,0,1
305.000,90.000,68.250,0,1
305.000,91.000,68.250,0,1
305.000,92.000,68.250,0,1
305.000,93.000,68.250,0,1
305.000,94.000,68.250,0,1
305.000,95.000,68.250,0,1
305.000,96.000,68.250,0,1
305.000,97.000,68.250,0,1
305.000,98.000,68.250,0,1
305.000,99.000,68.250,0,1
305.000,100.000,68.250,0,1
305.000,101.000,68.250,0,1
305.000,102.000,68.250,0,1
305.000,103.000,68.250,0,1
305.000,104.000,68.250,0,1
305.000,105.000,68.250,0,1
305.000,106.000,68.250,0,1
305.000,107.000,68.250,0,1
305.000,108.000,68.250,0,1
305.000,109.000,68.250,0,1
305.000,110.000,68.250,0,1
305.000,111.000,68.250,0,1
305.000,112.000,68.250,0,1
305.000,113.000,68.250,0,1
305.000,114.000,68.250,0,1
305.000,115.000,68.250,0,1
305.000,116.000,68.250,0,1
305.000,117.000,68.250,0,1
305.000,118.000,68.250,0,1
305.000,119.000,68.250,0,1
305.000,120.000,68.250,0,1
305.000,121.000,68.250,0,1
305.000,122.000,68.250,0,1
305.000,123.000,68.250,0,1
305.000,124.000,68.250,0,1
305.000,125.000,68.250,0,1
305.000,126.000,68.250,0,1
305.000,127.000,68.250,0,1
305.000,128.000,68.250,0,1
305.000,129.000,68.250,0,1
305.000,130.000,68.250,0,1
305.000,131.000,68.250,0,1
305.000,132.000,68.250,0,1
305.000,133.000,68.250,0,1
305.000,134.000,68.250,0,1
305.000,135.000,68.250,0,1
305.000,136.000,68.250,0,1
305.000,137.000,68.250,0,1
305.000,138.000,68.250,0,1
305.000,139.000,68.250,0,1
305.000,140.000,68.250,0,1
305.000,141.000,68.250,0,1
305.000,142.000,68.250,0,1
305.000,143.000,68.250,0,1
305.000,144.000,68.250,0,1
305.000,145.000,68.250,0,1
305.000,146.000,68.250,0,1
305.000,147.000,68.250,0,1
305.000,148.000,68.250,0,1
305.000,149.000,68.250,0,0
305.000,150.000,68.250,0,0
305.000,151.000,68.250,0,0
305.000,152.000,68.250,0,0
305.000,153.000,68.250,0,0
305.000,154.000,68.250,0,0
305.000,155.000,68.250,0,0
305.000,156.000,68.250,0,0
305.000,157.000,68.250,0,0
305.000,158.000,68.250,0,0
305.000,159.000,68.250,0,0
305.000,160.000,68.250,0,0
305.000,161.000,68.250,0,0
305.000,162.000,68.250,0,0
305.000,163.000,68.250,0,0
305.000,164.000,68.250,0,0
305.000,165.000,68.250,0,0
305.000,166.000,68.250,0,0
305.000,167.000,68.250,0,0
305.000,168.000,68.250,0,0
305.000,169.000,68.250,0,0
305.000,170.000,68.250,0,0
305.000,171.000,68.250,0,0
305.000,172.000,68.250,0,0
305.000,173.000,68.250,0,0
305.000,174.000,68.250,0,0
305.000,175.000,68.250,0,0
305.000,176.000,68.250,0,0
305.000,177.000,68.250,0,0
305.000,178.000,68.250,0,0
305.000,179.000,68.250,0,0
305.000,180.000,68.250,0,0
307.500,20.000,67.375,1,1
307.500,21.000,67.375,1,1
307.500,22.000,67.375,1,1
307.500,23.000,67.375,1,1
307.500,24.000,67.375,1,1
307.500,25.000,67.375,1,1
307.500,26.000,67.375,1,1
307.500,27.000,67.375,1,1
307.500,28.000,67.375,1,1
307.500,29.000,67.375,1,1
307.500,30.000,67.375,1,1
307.500,31.000,67.375,1,1
307.500,32.000,67.375,1,1
307.500,33.000,67.375,1,1
307.500,34.000,67.375,1,1
307.500,35.000,67.375,1,1
307.500,36.000,67.375,1,1
307.500,37.000,67.375,1,1
307.500,38.000,67.375,1,1
307.500,39.000,67.375,1,1
307.500,40.000,67.375,1,1
307.500,41.000,67.375,1,1
307.500,42.000,67.375,1,1
307.500,43.000,67.375,1,1
307.500,44.000,67.375,1,1
307.500,45.000,67.375,1,1
307.500,46.000,67.375,1,1
307.500,47.000,67.375,1,1
307.500,48.000,67.375,1,1
307.500,49.000,67.375,1,1
307.500,50.000,67.375,1,1
307.500,51.000,67.375,1,1
307.500,52.000,67.375,1,1
307.500,53.000,67.375,1,1
307.500,54.000,67.375,1,1
307.500,55.000,67.375,1,1
307.500,56.000,67.375,1,1
307.500,57.000,67.375,1,1
307.500,58.000,67.375,1,1
307.500,59.000,67.375,1,1
307.500,60.000,67.375,1,1
307.500,61.000,67.375,1,1
307.500,62.000,67.375,1,1
307.500,63.000,67.375,1,1
307.500,64.000,67.375,1,1
307.500,65.000,67.375,1,1
307.500,66.000,67.375,1,1
307.500,67.000,67.375,1,1
307.500,68.000,67.375,0,1
307.500,69.000,67.375,0,1
307.500,70.000,67.375,0,1
307.500,71.000,67.375,0,1
307.500,72.000,67.375,0,1
307.500,73.000,67.375,0,1
307.500,74.000,67.375,0,1
307.500,75.000,67.375,0,1
307.500,76.000,67.375,0,1
307.500,77.000,67.375,0,1
307.500,78.000,67.375,0,1
307.500,79.000,67.375,0,1
307.500,80.000,67.375,0,1
307.500,81.000,67.375,0,1
307.500,82.000,67.375,0,1
307.500,83.000,67.375,0,1
307.500,84.000,67.375,0,1
307.500,85.000,67.375,0,1
307.500,86.000,67.375,0,1
307.500,87.000,67.375,0,1
307.500,88.000,67.375,0,1
307.500,89.000,67.375,0,1
307.500,90.000,67.375,0,1
307.500,91.000,67.375,0,1
307.500,92.000,67.375,0,1
307.500,93.000,67.375,0,1
307.500,94.000,67.375,0,1
307.500,95.000,67.375,0,1
307.500,96.000,67.375,0,1
307.500,97.000,67.375,0,1
307.500,98.000,67.375,0,1
307.500,99.000,67.375,0,1
307.500,100.000,67.375,0,1
307.500,101.000,67.375,0,1
307.500,102.000,67.375,0,1
307.500,103.000,67.375,0,1
307.500,104.000,67.375,0,1
307.500,105.000,67.375,0,1
307.500,106.000,67.375,0,1
307.500,107.000,67.375,0,1
307.500,108.000,67.375,0,1
307.500,109.000,67.375,0,1
307.500,110.000,67.375,0,1
307.500,111.000,67.375,0,1
307.500,112.000,67.375,0,1
307.500,113.000,67.375,0,1
307.500,114.000,67.375,0,1
307.500,115.000,67.375,0,1
307.500,116.000,67.375,0,1
307.500,117.000,67.375,0,1
307.500,118.000,67.375,0,1
307.500,119.000,67.375,0,1
307.500,120.000,67.375,0,1
307.500,121.000,67.375,0,1
307.500,122.000,67.375,0,1
307.500,123.000,67.375,0,1
307.500,124.000,67.375,0,1
307.500,125.000,67.375,0,1
307.500,126.000,67.375,0,1
307.500,127.000,67.375,0,1
307.500,128.000,67.375,0,1
307.500,129.000,67.375,0,1
307.500,130.000,67.375,0,1
307.500,131.000,67.375,0,1
307.500,132.000,67.375,0,1
307.500,133.000,67.375,0,1
307.500,134.000,67.375,0,1
307.500,135.000,67.375,0,1
307.500,136.000,67.375,0,1
307.500,137.000,67.375,0,1
307.500,138.000,67.375,0,1
307.500,139.000,67.375,0,1
307.500,140.000,67.375,0,1
307.500,141.000,67.375,0,1
307.500,142.000,67.375,0,1
307.500,143.000,67.375,0,1
307.500,144.000,67.375,0,1
307.500,145.000,67.375,0,1
307.500,146.000,67.375,0,1
307.500,147.000,67.375,0,1
307.500,148.000,67.375,0,0
307.500,149.000,67.375,0,0
307.500,150.000,67.375,0,0
307.500,151.000,67.375,0,0
307.500,152.000,67.375,0,0
307.500,153.000,67.375,0,0
307.500,154.000,67.375,0,0
307.500,155.000,67.375,0,0
307.500,156.000,67.375,0,0
307.500,157.000,67.375,0,0
307.500,158.000,67.375,0,0
307.500,159.000,67.375,0,0
307.500,160.000,67.375,0,0
307.500,161.000,67.375,0,0
307.500,162.000,67.375,0,0
307.500,163.000,67.375,0,0
307.500,164.000,67.375,0,0
307.500,165.000,67.375,0,0
307.500,166.000,67.375,0,0
307.500,167.000,67.375,0,0
307.500,168.000,67.375,0,0
307.500,169.000,67.375,0,0
307.500,170.000,67.375,0,0
307.500,171.000,67.375,0,0
307.500,172.000,67.375,0,0
307.500,173.000,67.375,0,0
307.500,174.000,67.375,0,0
307.500,175.000,67.375,0,0
307.500,176.000,67.375,0,0
307.500,177.000,67.375,0,0
307.500,178.000,67.375,0,0
307.500,179.000,67.375,0,0
307.500,180.000,67.375,0,0
310.000,20.000,66.500,1,1
310.000,21.000,66.500,1,1
310.000,22.000,66.500,1,1
310.000,23.000,66.500,1,1
310.000,24.000,66.500,1,1
310.000,25.000,66.500,1,1
310.000,26.000,66.500,1,1
310.000,27.000,66.500,1,1
310.000,28.000,66.500,1,1
310.000,29.000,66.500,1,1
310.000,30.000,66.500,1,1
310.000,31.000,66.500,1,1
310.000,32.000,66.500,1,1
310.000,33.000,66.500,1,1
310.000,34.000,66.500,1,1
310.000,35.000,66.500,1,1
310.000,36.000,66.500,1,1
310.000,37.000,66.500,1,1
310.000,38.000,66.500,1,1
310.000,39.000,66.500,1,1
310.000,40.000,66.500,1,1
310.000,41.000,66.500,1,1
310.000,42.000,66.500,1,1
310.000,43.000,66.500,1,1
310.000,44.000,66.500,1,1
310.000,45.000,66.500,1,1
310.000,46.000,66.500,1,1
310.000,47.000,66.500,1,1
310.000,48.000,66.500,1,1
310.000,49.000,66.500,1,1
310.000,50.000,66.500,1,1
310.000,51.000,66.500,1,1
310.000,52.000,66.500,1,1
310.000,53.000,66.500,1,1
310.000,54.000,66.500,1,1
310.000,55.000,66.500,1,1
310.000,56.000,66.500,1,1
310.000,57.000,66.500,1,1
310.000,58.000,66.500,1,1
310.000,59.000,66.500,1,1
310.000,60.000,66.500,1,1
310.000,61.000,66.500,1,1
310.000,62.000,66.500,1,1
310.000,63.000,66.500,1,1
310.000,64.000,66.500,1,1
310.000,65.000,66.500,1,1
310.000,66.000,66.500,1,1
310.000,67.000,66.500,0,1
310.000,68.000,66.500,0,1
310.000,69.000,66.500,0,1
310.000,70.000,66.500,0,1
310.000,71.000,66.500,0,1
310.000,72.000,66.500,0,1
310.000,73.000,66.500,0,1
310.000,74.000,66.500,0,1
310.000,75.000,66.500,0,1
310.000,76.000,66.500,0,1
310.000,77.000,66.500,0,1
310.000,78.000,66.500,0,1
310.000,79.000,66.500,0,1
310.000,80.000,66.500,0,1
310.000,81.000,66.500,0,1
310.000,82.000,66.500,0,1
310.000,83.000,66.500,0,1
310.000,84.000,66.500,0,1
310.000,85.000,66.500,0,1
310.000,86.000,66.500,0,1
310.000,87.000,66.500,0,1
310.000,88.000,66.500,0,1
310.000,89.000,66.500,0,1
310.000,90.000,66.500,0,1
310.000,91.000,66.500,0,1
310.000,92.000,66.500,0,1
310.000,93.000,66.500,0,1
310.000,94.000,66.500,0,1
310.000,95.000,66.500,0,1
310.000,96.000,66.500,0,1
310.000,97.000,66.500,0,1
310.000,98.000,66.500,0,1
310.000,99.000,66.500,0,1
310.000,100.000,66.500,0,1
310.000,101.000,66.500,0,1
310.000,102.000,66.500,0,1
310.000,103.000,66.500,0,1
310.000,104.000,66.500,0,1
310.000,105.000,66.500,0,1
310.000,106.000,66.500,0,1
310.000,107.000,66.500,0,1
310.000,108.000,66.500,0,1
310.000,109.000,66.500,0,1
310.000,110.000,66.500,0,1
310.000,111.000,66.500,0,1
310.000,112.000,66.500,0,1
310.000,113.000,66.500,0,1
310.000,114.000,66.500,0,1
310.000,115.000,66.500,0,1
310.000,116.000,66.500,0,1
310.000,117.000,66.500,0,1
310.000,118.000,66.500,0,1
310.000,119.000,66.500,0,1
310.000,120.000,66.500,0,1
310.000,121.000,66.500,0,1
310.000,122.000,66.500,0,1
310.000,123.000,66.500,0,1
310.000,124.000,66.500,0,1
310.000,125.000,66.500,0,1
310.000,126.000,66.500,0,1
310.000,127.000,66.500,0,1
310.000,128.000,66.500,0,1
310.000,129.000,66.500,0,1
310.000,130.000,66.500,0,1
310.000,131.000,66.500,0,1
310.000,132.000,66.500,0,1
310.000,133.000,66.500,0,1
310.000,134.000,66.500,0,1
310.000,135.000,66.500,0,1
310.000,136.000,66.500,0,1
310.000,137.000,66.500,0,1
310.000,138.000,66.500,0,1
310.000,139.000,66.500,0,1
310.000,140.000,66.500,0,1
310.000,141.000,66.500,0,1
310.000,142.000,66.500,0,1
310.000,143.000,66.500,0,1
310.000,144.000,66.500,0,1
310.000,145.000,66.500,0,1
310.000,146.000,66.500,0,1
310.000,147.000,66.500,0,0
310.000,148.000,66.500,0,0
310.000,149.000,66.500,0,0
310.000,150.000,66.500,0,0
310.000,151.000,66.500,0,0
310.000,152.000,66.500,0,0
310.000,153.000,66.500,0,0
310.000,154.000,66.500,0,0
310.000,155.000,66.500,0,0
310.000,156.000,66.500,0,0
310.000,157.000,66.500,0,0
310.000,158.000,66.500,0,0
310.000,159.000,66.500,0,0
310.000,160.000,66.500,0,0
310.000,161.000,66.500,0,0
310.000,162.000,66.500,0,0
310.000,163.000,66.500,0,0
310.000,164.000,66.500,0,0
310.000,165.000,66.500,0,0
310.000,166.000,66.500,0,0
310.000,167.000,66.500,0,0
310.000,168.000,66.500,0,0
310.000,169.000,66.500,0,0
310.000,170.000,66.500,0,0
310.000,171.000,66.500,0,0
310.000,172.000,66.500,0,0
310.000,173.000,66.500,0,0
310.000,174.000,66.500,0,0
310.000,175.000,66.500,0,0
310.000,176.000,66.500,0,0
310.000,177.000,66.500,0,0
310.000,178.000,66.500,0,0
310.000,179.000,66.500,0,0
310.000,180.000,66.500,0,0
312.500,20.000,65.625,1,1
312.500,21.000,65.625,1,1
312.500,22.000,65.625,1,1
312.500,23.000,65.625,1,1
312.500,24.000,65.625,1,1
312.500,25.000,65.625,1,1
312.500,26.000,65.625,1,1
312.500,27.000,65.625,1,1
312.500,28.000,65.625,1,1
312.500,29.000,65.625,1,1
312.500,30.000,65.625,1,1
312.500,31.000,65.625,1,1
312.500,32.000,65.625,1,1
312.500,33.000,65.625,1,1
312.500,34.000,65.625,1,1
312.500,35.000,65.625,1,1
312.500,36.000,65.625,1,1
312.500,37.000,65.625,1,1
312.500,38.000,65.625,1,1
312.500,39.000,65.625,1,1
312.500,40.000,65.625,1,1
312.500,41.000,65.625,1,1
312.500,42.000,65.625,1,1
312.500,43.000,65.625,1,1
312.500,44.000,65.625,1,1
312.500,45.000,65.625,1,1
312.500,46.000,65.625,1,1
312.500,47.000,65.625,1,1
312.500,48.000,65.625,1,1
312.500,49.000,65.625,1,1
312.500,50.000,65.625,1,1
312.500,51.000,65.625,1,1
312.500,52.000,65.625,1,1
312.500,53.000,65.625,1,1
312.500,54.000,65.625,1,1
312.500,55.000,65.625,1,1
312.500,56.000,65.625,1,1
312.500,57.000,65.625,1,1
312.500,58.000,65.625,1,1
312.500,59.000,65.625,1,1
312.500,60.000,65.625,1,1
312.500,61.000,65.625,1,1
312.500,62.000,65.625,1,1
312.500,63.000,65.625,1,1
312.500,64.000,65.625,1,1
312.500,65.000,65.625,1,1
312.500,66.000,65.625,0,1
312.500,67.000,65.625,0,1
312.500,68.000,65.625,0,1
312.500,69.000,65.625,0,1
312.500,70.000,65.625,0,1
312.500,71.000,65.625,0,1
312.500,72.000,65.625,0,1
312.500,73.000,65.625,0,1
312.500,74.000,65.625,0,1
312.500,75.000,65.625,0,1
312.500,76.000,65.625,0,1
312.500,77.000,65.625,0,1
312.500,78.000,65.625,0,1
312.500,79.000,65.625,0,1
312.500,80.000,65.625,0,1
312.500,81.000,65.625,0,1
312.500,82.000,65.625,0,1
312.500,83.000,65.625,0,1
312.500,84.000,65.625,0,1
312.500,85.000,65.625,0,1
312.500,86.000,65.625,0,1
312.500,87.000,65.625,0,1
312.500,88.000,65.625,0,1
312.500,89.000,65.625,0,1
312.500,90.000,65.625,0,1
312.500,91.000,65.625,0,1
312.500,92.000,65.625,0,1
312.500,93.000,65.625,0,1
312.500,94.000,65.625,0,1
312.500,95.000,65.625,0,1
312.500,96.000,65.625,0,1
312.500,97.000,65.625,0,1
312.500,98.000,65.625,0,1
312.500,99.000,65.625,0,1
312.500,100.000,65.625,0,1
312.500,101.000,65.625,0,1
312.500,102.000,65.625,0,1
312.500,103.000,65.625,0,1
312.500,104.000,65.625,0,1
312.500,105.000,65.625,0,1
312.500,106.000,65.625,0,1
312.500,107.000,65.625,0,1
312.500,108.000,65.625,0,1
312.500,109.000,65.625,0,1
312.500,110.000,65.625,0,1
312.500,111.000,65.625,0,1
312.500,112.000,65.625,0,1
312.500,113.000,65.625,0,1
312.500,114.000,65.625,0,1
312.500,115.000,65.625,0,1
312.500,116.000,65.625,0,1
312.500,117.000,65.625,0,1
312.500,118.000,65.625,0,1
312.500,119.000,65.625,0,1
312.500,120.000,65.625,0,1
312.500,121.000,65.625,0,1
312.500,122.000,65.625,0,1
312.500,123.000,65.625,0,1
312.500,124.000,65.625,0,1
312.500,125.000,65.625,0,1
312.500,126.000,65.625,0,1
312.500,127.000,65.625,0,1
312.500,128.000,65.625,0,1
312.500,129.000,65.625,0,1
312.500,130.000,65.625,0,1
312.500,131.000,65.625,0,1
312.500,132.000,65.625,0,1
312.500,133.000,65.625,0,1
312.500,134.000,65.625,0,1
312.500,135.000,65.625,0,1
312.500,136.000,65.625,0,1
312.500,137.000,65.625,0,1
312.500,138.000,65.625,0,1
312.500,139.000,65.625,0,1
312.500,140.000,65.625,0,1
312.500,141.000,65.625,0,1
312.500,142.000,65.625,0,1
312.500,143.000,65.625,0,1
312.500,144.000,65.625,0,1
312.500,145.000,65.625,0,1
312.500,146.000,65.625,0,0
312.500,147.000,65.625,0,0
312.500,148.000,65.625,0,0
312.500,149.000,65.625,0,0
312.500,150.000,65.625,0,0
312.500,151.000,65.625,0,0
312.500,152.000,65.625,0,0
312.500,153.000,65.625,0,0
312.500,154.000,65.625,0,0
312.500,155.000,65.625,0,0
312.500,156.000,65.625,0,0
312.500,157.000,65.625,0,0
312.500,158.000,65.625,0,0
312.500,159.000,65.625,0,0
312.500,160.000,65.625,0,0
312.500,161.000,65.625,0,0
312.500,162.000,65.625,0,0
312.500,163.000,65.625,0,0
312.500,164.000,65.625,0,0
312.500,165.000,65.625,0,0
312.500,166.000,65.625,0,0
312.500,167.000,65.625,0,0
312.500,168.000,65.625,0,0
312.500,169.000,65.625,0,0
312.500,170.000,65.625,0,0
312.500,171.000,65.625,0,0
312.500,172.000,65.625,0,0
312.500,173.000,65.625,0,0
312.500,174.000,65.625,0,0
312.500,175.000,65.625,0,0
312.500,176.000,65.625,0,0
312.500,177.000,65.625,0,0
312.500,178.000,65.625,0,0
312.500,179.000,65.625,0,0
312.500,180.000,65.625,0,0
315.000,20.000,64.750,1,1
315.000,21.000,64.750,1,1
315.000,22.000,64.750,1,1
315.000,23.000,64.750,1,1
315.000,24.000,64.750,1,1
315.000,25.000,64.750,1,1
315.000,26.000,64.750,1,1
315.000,27.000,64.750,1,1
315.000,28.000,64.750,1,1
315.000,29.000,64.750,1,1
315.000,30.000,64.750,1,1
315.000,31.000,64.750,1,1
315.000,32.000,64.750,1,1
315.000,33.000,64.750,1,1
315.000,34.000,64.750,1,1
315.000,35.000,64.750,1,1
315.000,36.000,64.750,1,1
315.000,37.000,64.750,1,1
315.000,38.000,64.750,1,1
315.000,39.000,64.750,1,1
315.000,40.000,64.750,1,1
315.000,41.000,64.750,1,1
315.000,42.000,64.750,1,1
315.000,43.000,64.750,1,1
315.000,44.000,64.750,1,1
315.000,45.000,64.750,1,1
315.000,46.000,64.750,1,1
315.000,47.000,64.750,1,1
315.000,48.000,64.750,1,1
315.000,49.000,64.750,1,1
315.000,50.000,64.750,1,1
315.000,51.000,64.750,1,1
315.000,52.000,64.750,1,1
315.000,53.000,64.750,1,1
315.000,54.000,64.750,1,1
315.000,55.000,64.750,1,1
315.000,56.000,64.750,1,1
315.000,57.000,64.750,1,1
315.000,58.000,64.750,1,1
315.000,59.000,64.750,1,1
315.000,60.000,64.750,1,1
315.000,61.000,64.750,1,1
315.000,62.000,64.750,1,1
315.000,63.000,64.750,1,1
315.000,64.000,64.750,1,1
315.000,65.000,64.750,0,1
315.000,66.000,64.750,0,1
315.000,67.000,64.750,0,1
315.000,68.000,64.750,0,1
315.000,69.000,64.750,0,1
315.000,70.000,64.750,0,1
315.000,71.000,64.750,0,1
315.000,72.000,64.750,0,1
315.000,73.000,64.750,0,1
315.000,74.000,64.750,0,1
315.000,75.000,64.750,0,1
315.000,76.000,64.750,0,1
315.000,77.000,64.750,0,1
315.000,78.000,64.750,0,1
315.000,79.000,64.750,0,1
315.000,80.000,64.750,0,1
315.000,81.000,64.750,0,1
315.000,82.000,64.750,0,1
315.000,83.000,64.750,0,1
315.000,84.000,64.750,0,1
315.000,85.000,64.750,0,1
315.000,86.000,64.750,0,1
315.000,87.000,64.750,0,1
315.000,88.000,64.750,0,1
315.000,89.000,64.750,0,1
315.000,90.000,64.750,0,1
315.000,91.000,64.750,0,1
315.000,92.000,64.750,0,1
315.000,93.000,64.750,0,1
315.000,94.000,64.750,0,1
315.000,95.000,64.750,0,1
315.000,96.000,64.750,0,1
315.000,97.000,64.750,0,1
315.000,98.000,64.750,0,1
315.000,99.000,64.750,0,1
315.000,100.000,64.750,0,1
315.000,101.000,64.750,0,1
315.000,102.000,64.750,0,1
315.000,103.000,64.750,0,1
315.000,104.000,64.750,0,1
315.000,105.000,64.750,0,1
315.000,106.000,64.750,0,1
315.000,107.000,64.750,0,1
315.000,108.000,64.750,0,1
315.000,109.000,64.750,0,1
315.000,110.000,64.750,0,1
315.000,111.000,64.750,0,1
315.000,112.000,64.750,0,1
315.000,113.000,64.750,0,1
315.000,114.000,64.750,0,1
315.000,115.000,64.750,0,1
315.000,116.000,64.750,0,1
315.000,117.000,64.750,0,1
315.000,118.000,64.750,0,1
315.000,119.000,64.750,0,1
315.000,120.000,64.750,0,1
315.000,121.000,64.750,0,1
315.000,122.000,64.750,0,1
315.000,123.000,64.750,0,1
315.000,124.000,64.750,0,1
315.000,125.000,64.750,0,1
315.000,126.000,64.750,0,1
315.000,127.000,64.750,0,1
315.000,128.000,64.750,0,1
315.000,129.000,64.750,0,1
315.000,130.000,64.750,0,1
315.000,131.000,64.750,0,1
315.000,132.000,64.750,0,1
315.000,133.000,64.750,0,1
315.000,134.000,64.750,0,1
315.000,135.000,64.750,0,1
315.000,136.000,64.750,0,1
315.000,137.000,64.750,0,1
315.000,138.000,64.750,0,1
315.000,139.000,64.750,0,1
315.000,140.000,64.750,0,1
315.000,141.000,64.750,0,1
315.000,142.000,64.750,0,1
315.000,143.000,64.750,0,1
315.000,144.000,64.750,0,1
315.000,145.000,64.750,0,0
315.000,146.000,64.750,0,0
315.000,147.000,64.750,0,0
315.000,148.000,64.750,0,0
315.000,149.000,64.750,0,0
315.000,150.000,64.750,0,0
315.000,151.000,64.750,0,0
315.000,152.000,64.750,0,0
315.000,153.000,64.750,0,0
315.000,154.000,64.750,0,0
315.000,155.000,64.750,0,0
315.000,156.000,64.750,0,0
315.000,157.000,64.750,0,0
315.000,158.000,64.750,0,0
315.000,159.000,64.750,0,0
315.000,160.000,64.750,0,0
315.000,161.000,64.750,0,0
315.000,162.000,64.750,0,0
315.000,163.000,64.750,0,0
315.000,164.000,64.750,0,0
315.000,165.000,64.750,0,0
315.000,166.000,64.750,0,0
315.000,167.000,64.750,0,0
315.000,168.000,64.750,0,0
315.000,169.000,64.750,0,0
315.000,170.000,64.750,0,0
315.000,171.000,64.750,0,0
315.000,172.000,64.750,0,0
315.000,173.000,64.750,0,0
315.000,174.000,64.750,0,0
315.000,175.000,64.750,0,0
315.000,176.000,64.750,0,0
315.000,177.000,64.750,0,0
315.000,178.000,64.750,0,0
315.000,179.000,64.750,0,0
315.000,180.000,64.750,0,0
317.500,20.000,63.875,1,1
317.500,21.000,63.875,1,1
317.500,22.000,63.875,1,1
317.500,23.000,63.875,1,1
317.500,24.000,63.875,1,1
317.500,25.000,63.875,1,1
317.500,26.000,63.875,1,1
317.500,27.000,63.875,1,1
317.500,28.000,63.875,1,1
317.500,29.000,63.875,1,1
317.500,30.000,63.875,1,1
317.500,31.000,63.875,1,1
317.500,32.000,63.875,1,1
317.500,33.000,63.875,1,1
317.500,34.000,63.875,1,1
317.500,35.000,63.875,1,1
317.500,36.000,63.875,1,1
317.500,37.000,63.875,1,1
317.500,38.000,63.875,1,1
317.500,39.000,63.875,1,1
317.500,40.000,63.875,1,1
317.500,41.000,63.875,1,1
317.500,42.000,63.875,1,1
317.500,43.000,63.875,1,1
317.500,44.000,63.875,1,1
317.500,45.000,63.875,1,1
317.500,46.000,63.875,1,1
317.500,47.000,63.875,1,1
317.500,48.000,63.875,1,1
317.500,49.000,63.875,1,1
317.500,50.000,63.875,1,1
317.500,51.000,63.875,1,1
317.500,52.000,63.875,1,1
317.500,53.000,63.875,1,1
317.500,54.000,63.875,1,1
317.500,55.000,63.875,1,1
317.500,56.000,63.875,1,1
317.500,57.000,63.875,1,1
317.500,58.000,63.875,1,1
317.500,59.000,63.875,1,1
317.500,60.000,63.875,1,1
317.500,61.000,63.875,1,1
317.500,62.000,63.875,1,1
317.500,63.000,63.875,1,1
317.500,64.000,63.875,0,1
317.500,65.000,63.875,0,1
317.500,66.000,63.875,0,1
317.500,67.000,63.875,0,1
317.500,68.000,63.875,0,1
317.500,69.000,63.875,0,1
317.500,70.000,63.875,0,1
317.500,71.000,63.875,0,1
317.500,72.000,63.875,0,1
317.500,73.000,63.875,0,1
317.500,74.000,63.875,0,1
317.500,75.000,63.875,0,1
317.500,76.000,63.875,0,1
317.500,77.000,63.875,0,1
317.500,78.000,63.875,0,1
317.500,79.000,63.875,0,1
317.500,80.000,63.875,0,1
317.500,81.000,63.875,0,1
317.500,82.000,63.875,0,1
317.500,83.000,63.875,0,1
317.500,84.000,63.875,0,1
317.500,85.000,63.875,0,1
317.500,86.000,63.875,0,1
317.500,87.000,63.875,0,1
317.500,88.000,63.875,0,1
317.500,89.000,63.875,0,1
317.500,90.000,63.875,0,1
317.500,91.000,63.875,0,1
317.500,92.000,63.875,0,1
317.500,93.000,63.875,0,1
317.500,94.000,63.875,0,1
317.500,95.000,63.875,0,1
317.500,96.000,63.875,0,1
317.500,97.000,63.875,0,1
317.500,98.000,63.875,0,1
317.500,99.000,63.875,0,1
317.500,100.000,63.875,0,1
317.500,101.000,63.875,0,1
317.500,102.000,63.875,0,1
317.500,103.000,63.875,0,1
317.500,104.000,63.875,0,1
317.500,105.000,63.875,0,1
317.500,106.000,63.875,0,1
317.500,107.000,63.875,0,1
317.500,108.000,63.875,0,1
317.500,109.000,63.875,0,1
317.500,110.000,63.875,0,1
317.500,111.000,63.875,0,1
317.500,112.000,63.875,0,1
317.500,113.000,63.875,0,1
317.500,114.000,63.875,0,1
317.500,115.000,63.875,0,1
317.500,116.000,63.875,0,1
317.500,117.000,63.875,0,1
317.500,118.000,63.875,0,1
317.500,119.000,63.875,0,1
317.500,120.000,63.875,0,1
317.500,121.000,63.875,0,1
317.500,122.000,63.875,0,1
317.500,123.000,63.875,0,1
317.500,124.000,63.875,0,1
317.500,125.000,63.875,0,1
317.500,126.000,63.875,0,1
317.500,127.000,63.875,0,1
317.500,128.000,63.875,0,1
317.500,129.000,63.875,0,1
317.500,130.000,63.875,0,1
317.500,131.000,63.875,0,1
317.500,132.000,63.875,0,1
317.500,133.000,63.875,0,1
317.500,134.000,63.875,0,1
317.500,135.000,63.875,0,1
317.500,136.000,63.875,0,1
317.500,137.000,63.875,0,1
317.500,138.000,63.875,0,1
317.500,139.000,63.875,0,1
317.500,140.000,63.875,0,1
317.500,141.000,63.875,0,1
317.500,142.000,63.875,0,1
317.500,143.000,63.875,0,1
317.500,144.000,63.875,0,0
317.500,145.000,63.875,0,0
317.500,146.000,63.875,0,0
317.500,147.000,63.875,0,0
317.500,148.000,63.875,0,0
317.500,149.000,63.875,0,0
317.500,150.000,63.875,0,0
317.500,151.000,63.875,0,0
317.500,152.000,63.875,0,0
317.500,153.000,63.875,0,0
317.500,154.000,63.875,0,0
317.500,155.000,63.875,0,0
317.500,156.000,63.875,0,0
317.500,157.000,63.875,0,0
317.500,158.000,63.875,0,0
317.500,159.000,63.875,0,0
317.500,160.000,63.875,0,0
317.500,161.000,63.875,0,0
317.500,162.000,63.875,0,0
317.500,163.000,63.875,0,0
317.500,164.000,63.875,0,0
317.500,165.000,63.875,0,0
317.500,166.000,63.875,0,0
317.500,167.000,63.875,0,0
317.500,168.000,63.875,0,0
317.500,169.000,63.875,0,0
317.500,170.000,63.875,0,0
317.500,171.000,63.875,0,0
317.500,172.000,63.875,0,0
317.500,173.000,63.875,0,0
317.500,174.000,63.875,0,0
317.500,175.000,63.875,0,0
317.500,176.000,63.875,0,0
317.500,177.000,63.875,0,0
317.500,178.000,63.875,0,0
317.500,179.000,63.875,0,0
317.500,180.000,63.875,0,0
320.000,20.000,63.000,1,1
320.000,21.000,63.000,1,1
320.000,22.000,63.000,1,1
320.000,23.000,63.000,1,1
320.000,24.000,63.000,1,1
320.000,25.000,63.000,1,1
320.000,26.000,63.000,1,1
320.000,27.000,63.000,1,1
320.000,28.000,63.000,1,1
320.000,29.000,63.000,1,1
320.000,30.000,63.000,1,1
320.000,31.000,63.000,1,1
320.000,32.000,63.000,1,1
320.000,33.000,63.000,1,1
320.000,34.000,63.000,1,1
320.000,35.000,63.000,1,1
320.000,36.000,63.000,1,1
320.000,37.000,63.000,1,1
320.000,38.000,63.000,1,1
320.000,39.000,63.000,1,1
320.000,40.000,63.000,1,1
320.000,41.000,63.000,1,1
320.000,42.000,63.000,1,1
320.000,43.000,63.000,1,1
320.000,44.000,63.000,1,1
320.000,45.000,63.000,1,1
320.000,46.000,63.000,1,1
320.000,47.000,63.000,1,1
320.000,48.000,63.000,1,1
320.000,49.000,63.000,1,1
320.000,50.000,63.000,1,1
320.000,51.000,63.000,1,1
320.000,52.000,63.000,1,1
320.000,53.000,63.000,1,1
320.000,54.000,63.000,1,1
320.000,55.000,63.000,1,1
320.000,56.000,63.000,1,1
320.000,57.000,63.000,1,1
320.000,58.000,63.000,1,1
320.000,59.000,63.000,1,1
320.000,60.000,63.000,1,1
320.000,61.000,63.000,1,1
320.000,62.000,63.000,1,1
320.000,63.000,63.000,0,1
320.000,64.000,63.000,0,1
320.000,65.000,63.000,0,1
320.000,66.000,63.000,0,1
320.000,67.000,63.000,0,1
320.000,68.000,63.000,0,1
320.000,69.000,63.000,0,1
320.000,70.000,63.000,0,1
320.000,71.000,63.000,0,1
320.000,72.000,63.000,0,1
320.000,73.000,63.000,0,1
320.000,74.000,63.000,0,1
320.000,75.000,63.000,0,1
320.000,76.000,63.000,0,1
320.000,77.000,63.000,0,1
320.000,78.000,63.000,0,1
320.000,79.000,63.000,0,1
320.000,80.000,63.000,0,1
320.000,81.000,63.000,0,1
320.000,82.000,63.000,0,1
320.000,83.000,63.000,0,1
320.000,84.000,63.000,0,1
320.000,85.000,63.000,0,1
320.000,86.000,63.000,0,1
320.000,87.000,63.000,0,1
320.000,88.000,63.000,0,1
320.000,89.000,63.000,0,1
320.000,90.000,63.000,0,1
320.000,91.000,63.000,0,1
320.000,92.000,63.000,0,1
320.000,93.000,63.000,0,1
320.000,94.000,63.000,0,1
320.000,95.000,63.000,0,1
320.000,96.000,63.000,0,1
320.000,97.000,63.000,0,1
320.000,98.000,63.000,0,1
320.000,99.000,63.000,0,1
320.000,100.000,63.000,0,1
320.000,101.000,63.000,0,1
320.000,102.000,63.000,0,1
320.000,103.000,63.000,0,1
320.000,104.000,63.000,0,1
320.000,105.000,63.000,0,1
320.000,106.000,63.000,0,1
320.000,107.000,63.000,0,1
320.000,108.000,63.000,0,1
320.000,109.000,63.000,0,1
320.000,110.000,63.000,0,1
320.000,111.000,63.000,0,1
320.000,112.000,63.000,0,1
320.000,113.000,63.000,0,1
320.000,114.000,63.000,0,1
320.000,115.000,63.000,0,1
320.000,116.000,63.000,0,1
320.000,117.000,63.000,0,1
320.000,118.000,63.000,0,1
320.000,119.000,63.000,0,1
320.000,120.000,63.000,0,1
320.000,121.000,63.000,0,1
320.000,122.000,63.000,0,1
320.000,123.000,63.000,0,1
320.000,124.000,63.000,0,1
320.000,125.000,63.000,0,1
320.000,126.000,63.000,0,1
320.000,127.000,63.000,0,1
320.000,128.000,63.000,0,1
320.000,129.000,63.000,0,1
320.000,130.000,63.000,0,1
320.000,131.000,63.000,0,1
320.000,132.000,63.000,0,1
320.000,133.000,63.000,0,1
320.000,134.000,63.000,0,1
320.000,135.000,63.000,0,1
320.000,136.000,63.000,0,1
320.000,137.000,63.000,0,1
320.000,138.000,63.000,0,1
320.000,139.000,63.000,0,1
320.000,140.000,63.000,0,1
320.000,141.000,63.000,0,1
320.000,142.000,63.000,0,1
320.000,143.000,63.000,0,1
320.000,144.000,63.000,0,0
320.000,145.000,63.000,0,0
320.000,146.000,63.000,0,0
320.000,147.000,63.000,0,0
320.000,148.000,63.000,0,0
320.000,149.000,63.000,0,0
320.000,150.000,63.000,0,0
320.000,151.000,63.000,0,0
320.000,152.000,63.000,0,0
320.000,153.000,63.000,0,0
320.000,154.000,63.000,0,0
320.000,155.000,63.000,0,0
320.000,156.000,63.000,0,0
320.000,157.000,63.000,0,0
320.000,158.000,63.000,0,0
320.000,159.000,63.000,0,0
320.000,160.000,63.000,0,0
320.000,161.000,63.000,0,0
320.000,162.000,63.000,0,0
320.000,163.000,63.000,0,0
320.000,164.000,63.000,0,0
320.000,165.000,63.000,0,0
320.000,166.000,63.000,0,0
320.000,167.000,63.000,0,0
320.000,168.000,63.000,0,0
320.000,169.000,63.000,0,0
320.000,170.000,63.000,0,0
320.000,171.000,63.000,0,0
320.000,172.000,63.000,0,0
320.000,173.000,63.000,0,0
320.000,174.000,63.000,0,0
320.000,175.000,63.000,0,0
320.000,176.000,63.000,0,0
320.000,177.000,63.000,0,0
320.000,178.000,63.000,0,0
320.000,179.000,63.000,0,0
320.000,180.000,63.000,0,0
322.500,20.000,62.125,1,1
322.500,21.000,62.125,1,1
322.500,22.000,62.125,1,1
322.500,23.000,62.125,1,1
322.500,24.000,62.125,1,1
322.500,25.000,62.125,1,1
322.500,26.000,62.125,1,1
322.500,27.000,62.125,1,1
322.500,28.000,62.125,1,1
322.500,29.000,62.125,1,1
322.500,30.000,62.125,1,1
322.500,31.000,62.125,1,1
322.500,32.000,62.125,1,1
322.500,33.000,62.125,1,1
322.500,34.000,62.125,1,1
322.500,35.000,62.125,1,1
322.500,36.000,62.125,1,1
322.500,37.000,62.125,1,1
322.500,38.000,62.125,1,1
322.500,39.000,62.125,1,1
322.500,40.000,62.125,1,1
322.500,41.000,62.125,1,1
322.500,42.000,62.125,1,1
322.500,43.000,62.125,1,1
322.500,44.000,62.125,1,1
322.500,45.000,62.125,1,1
322.500,46.000,62.125,1,1
322.500,47.000,62.125,1,1
322.500,48.000,62.125,1,1
322.500,49.000,62.125,1,1
322.500,50.000,62.125,1,1
322.500,51.000,62.125,1,1
322.500,52.000,62.125,1,1
322.500,53.000,62.125,1,1
322.500,54.000,62.125,1,1
322.500,55.000,62.125,1,1
322.500,56.000,62.125,1,1
322.500,57.000,62.125,1,1
322.500,58.000,62.125,1,1
322.500,59.000,62.125,1,1
322.500,60.000,62.125,1,1
322.500,61.000,62.125,1,1
322.500,62.000,62.125,1,1
322.500,63.000,62.125,0,1
322.500,64.000,62.125,0,1
322.500,65.000,62.125,0,1
322.500,66.000,62.125,0,1
322.500,67.000,62.125,0,1
322.500,68.000,62.125,0,1
322.500,69.000,62.125,0,1
322.500,70.000,62.125,0,1
322.500,71.000,62.125,0,1
322.500,72.000,62.125,0,1
322.500,73.000,62.125,0,1
322.500,74.000,62.125,0,1
322.500,75.000,62.125,0,1
322.500,76.000,62.125,0,1
322.500,77.000,62.125,0,1
322.500,78.000,62.125,0,1
322.500,79.000,62.125,0,1
322.500,80.000,62.125,0,1
322.500,81.000,62.125,0,1
322.500,82.000,62.125,0,1
322.500,83.000,62.125,0,1
322.500,84.000,62.125,0,1
322.500,85.000,62.125,0,1
322.500,86.000,62.125,0,1
322.500,87.000,62.125,0,1
322.500,88.000,62.125,0,1
322.500,89.000,62.125,0,1
322.500,90.000,62.125,0,1
322.500,91.000,62.125,0,1
322.500,92.000,62.125,0,1
322.500,93.000,62.125,0,1
322.500,94.000,62.125,0,1
322.500,95.000,62.125,0,1
322.500,96.000,62.125,0,1
322.500,97.000,62.125,0,1
322.500,98.000,62.125,0,1
322.500,99.000,62.125,0,1
322.500,100.000,62.125,0,1
322.500,101.000,62.125,0,1
322.500,102.000,62.125,0,1
322.500,103.000,62.125,0,1
322.500,104.000,62.125,0,1
322.500,105.000,62.125,0,1
322.500,106.000,62.125,0,1
322.500,107.000,62.125,0,1
322.500,108.000,62.125,0,1
322.500,109.000,62.125,0,1
322.500,110.000,62.125,0,1
322.500,111.000,62.125,0,1
322.500,112.000,62.125,0,1
322.500,113.000,62.125,0,1
322.500,114.000,62.125,0,1
322.500,115.000,62.125,0,1
322.500,116.000,62.125,0,1
322.500,117.000,62.125,0,1
322.500,118.000,62.125,0,1
322.500,119.000,62.125,0,1
322.500,120.000,62.125,0,1
322.500,121.000,62.125,0,1
322.500,122.000,62.125,0,1
322.500,123.000,62.125,0,1
322.500,124.000,62.125,0,1
322.500,125.000,62.125,0,1
322.500,126.000,62.125,0,1
322.500,127.000,62.125,0,1
322.500,128.000,62.125,0,1
322.500,129.000,62.125,0,1
322.500,130.000,62.125,0,1
322.500,131.000,62.125,0,1
322.500,132.000,62.125,0,1
322.500,133.000,62.125,0,1
322.500,134.000,62.125,0,1
322.500,135.000,62.125,0,1
322.500,136.000,62.125,0,1
322.500,137.000,62.125,0,1
322.500,138.000,62.125,0,1
322.500,139.000,62.125,0,1
322.500,140.000,62.125,0,1
322.500,141.000,62.125,0,1
322.500,142.000,62.125,0,1
322.500,143.000,62.125,0,0
322.500,144.000,62.125,0,0
322.500,145.000,62.125,0,0
322.500,146.000,62.125,0,0
322.500,147.000,62.125,0,0
322.500,148.000,62.125,0,0
322.500,149.000,62.125,0,0
322.500,150.000,62.125,0,0
322.500,151.000,62.125,0,0
322.500,152.000,62.125,0,0
322.500,153.000,62.125,0,0
322.500,154.000,62.125,0,0
322.500,155.000,62.125,0,0
322.500,156.000,62.125,0,0
322.500,157.000,62.125,0,0
322.500,158.000,62.125,0,0
322.500,159.000,62.125,0,0
322.500,160.000,62.125,0,0
322.500,161.000,62.125,0,0
322.500,162.000,62.125,0,0
322.500,163.000,62.125,0,0
322.500,164.000,62.125,0,0
322.500,165.000,62.125,0,0
322.500,166.000,62.125,0,0
322.500,167.000,62.125,0,0
322.500,168.000,62.125,0,0
322.500,169.000,62.125,0,0
322.500,170.000,62.125,0,0
322.500,171.000,62.125,0,0
322.500,172.000,62.125,0,0
322.500,173.000,62.125,0,0
322.500,174.000,62.125,0,0
322.500,175.000,62.125,0,0
322.500,176.000,62.125,0,0
322.500,177.000,62.125,0,0
322.500,178.000,62.125,0,0
322.500,179.000,62.125,0,0
322.500,180.000,62.125,0,0
325.000,20.000,61.250,1,1
325.000,21.000,61.250,1,1
325.000,22.000,61.250,1,1
325.000,23.000,61.250,1,1
325.000,24.000,61.250,1,1
325.000,25.000,61.250,1,1
325.000,26.000,61.250,1,1
325.000,27.000,61.250,1,1
325.000,28.000,61.250,1,1
325.000,29.000,61.250,1,1
325.000,30.000,61.250,1,1
325.000,31.000,61.250,1,1
325.000,32.000,61.250,1,1
325.000,33.000,61.250,1,1
325.000,34.000,61.250,1,1
325.000,35.000,61.250,1,1
325.000,36.000,61.250,1,1
325.000,37.000,61.250,1,1
325.000,38.000,61.250,1,1
325.000,39.000,61.250,1,1
325.000,40.000,61.250,1,1
325.000,41.000,61.250,1,1
325.000,42.000,61.250,1,1
325.000,43.000,61.250,1,1
325.000,44.000,61.250,1,1
325.000,45.000,61.250,1,1
325.000,46.000,61.250,1,1
325.000,47.000,61.250,1,1
325.000,48.000,61.250,1,1
325.000,49.000,61.250,1,1
325.000,50.000,61.250,1,1
325.000,51.000,61.250,1,1
325.000,52.000,61.250,1,1
325.000,53.000,61.250,1,1
325.000,54.000,61.250,1,1
325.000,55.000,61.250,1,1
325.000,56.000,61.250,1,1
325.000,57.000,61.250,1,1
325.000,58.000,61.250,1,1
325.000,59.000,61.250,1,1
325.000,60.000,61.250,1,1
325.000,61.000,61.250,1,1
325.000,62.000,61.250,0,1
325.000,63.000,61.250,0,1
325.000,64.000,61.250,0,1
325.000,65.000,61.250,0,1
325.000,66.000,61.250,0,1
325.000,67.000,61.250,0,1
325.000,68.000,61.250,0,1
325.000,69.000,61.250,0,1
325.000,70.000,61.250,0,1
325.000,71.000,61.250,0,1
325.000,72.000,61.250,0,1
325.000,73.000,61.250,0,1
325.000,74.000,61.250,0,1
325.000,75.000,61.250,0,1
325.000,76.000,61.250,0,1
325.000,77.000,61.250,0,1
325.000,78.000,61.250,0,1
325.000,79.000,61.250,0,1
325.000,80.000,61.250,0,1
325.000,81.000,61.250,0,1
325.000,82.000,61.250,0,1
325.000,83.000,61.250,0,1
325.000,84.000,61.250,0,1
325.000,85.000,61.250,0,1
325.000,86.000,61.250,0,1
325.000,87.000,61.250,0,1
325.000,88.000,61.250,0,1
325.000,89.000,61.250,0,1
325.000,90.000,61.250,0,1
325.000,91.000,61.250,0,1
325.000,92.000,61.250,0,1
325.000,93.000,61.250,0,1
325.000,94.000,61.250,0,1
325.000,95.000,61.250,0,1
325.000,96.000,61.250,0,1
325.000,97.000,61.250,0,1
325.000,98.000,61.250,0,1
325.000,99.000,61.250,0,1
325.000,100.000,61.250,0,1
325.000,101.000,61.250,0,1
325.000,102.000,61.250,0,1
325.000,103.000,61.250,0,1
325.000,104.000,61.250,0,1
325.000,105.000,61.250,0,1
325.000,106.000,61.250,0,1
325.000,107.000,61.250,0,1
325.000,108.000,61.250,0,1
325.000,109.000,61.250,0,1
325.000,110.000,61.250,0,1
325.000,111.000,61.250,0,1
325.000,112.000,61.250,0,1
325.000,113.000,61.250,0,1
325.000,114.000,61.250,0,1
325.000,115.000,61.250,0,1
325.000,116.000,61.250,0,1
325.000,117.000,61.250,0,1
325.000,118.000,61.250,0,1
325.000,119.000,61.250,0,1
325.000,120.000,61.250,0,1
325.000,121.000,61.250,0,1
325.000,122.000,61.250,0,1
325.000,123.000,61.250,0,1
325.000,124.000,61.250,0,1
325.000,125.000,61.250,0,1
325.000,126.000,61.250,0,1
325.000,127.000,61.250,0,1
325.000,128.000,61.250,0,1
325.000,129.000,61.250,0,1
325.000,130.000,61.250,0,1
325.000,131.000,61.250,0,1
325.000,132.000,61.250,0,1
325.000,133.000,61.250,0,1
325.000,134.000,61.250,0,1
325.000,135.000,61.250,0,1
325.000,136.000,61.250,0,1
325.000,137.000,61.250,0,1
325.000,138.000,61.250,0,1
325.000,139.000,61.250,0,1
325.000,140.000,61.250,0,1
325.000,141.000,61.250,0,1
325.000,142.000,61.250,0,0
325.000,143.000,61.250,0,0
325.000,144.000,61.250,0,0
325.000,145.000,61.250,0,0
325.000,146.000,61.250,0,0
325.000,147.000,61.250,0,0
325.000,148.000,61.250,0,0
325.000,149.000,61.250,0,0
325.000,150.000,61.250,0,0
325.000,151.000,61.250,0,0
325.000,152.000,61.250,0,0
325.000,153.000,61.250,0,0
325.000,154.000,61.250,0,0
325.000,155.000,61.250,0,0
325.000,156.000,61.250,0,0
325.000,157.000,61.250,0,0
325.000,158.000,61.250,0,0
325.000,159.000,61.250,0,0
325.000,160.000,61.250,0,0
325.000,161.000,61.250,0,0
325.000,162.000,61.250,0,0
325.000,163.000,61.250,0,0
325.000,164.000,61.250,0,0
325.000,165.000,61.250,0,0
325.000,166.000,61.250,0,0
325.000,167.000,61.250,0,0
325.000,168.000,61.250,0,0
325.000,169.000,61.250,0,0
325.000,170.000,61.250,0,0
325.000,171.000,61.250,0,0
325.000,172.000,61.250,0,0
325.000,173.000,61.250,0,0
325.000,174.000,61.250,0,0
325.000,175.000,61.250,0,0
325.000,176.000,61.250,0,0
325.000,177.000,61.250,0,0
325.000,178.000,61.250,0,0
325.000,179.000,61.250,0,0
325.000,180.000,61.250,0,0
327.500,20.000,60.375,1,1
327.500,21.000,60.375,1,1
327.500,22.000,60.375,1,1
327.500,23.000,60.375,1,1
327.500,24.000,60.375,1,1
327.500,25.000,60.375,1,1
327.500,26.000,60.375,1,1
327.500,27.000,60.375,1,1
327.500,28.000,60.375,1,1
327.500,29.000,60.375,1,1
327.500,30.000,60.375,1,1
327.500,31.000,60.375,1,1
327.500,32.000,60.375,1,1
327.500,33.000,60.375,1,1
327.500,34.000,60.375,1,1
327.500,35.000,60.375,1,1
327.500,36.000,60.375,1,1
327.500,37.000,60.375,1,1
327.500,38.000,60.375,1,1
327.500,39.000,60.375,1,1
327.500,40.000,60.375,1,1
327.500,41.000,60.375,1,1
327.500,42.000,60.375,1,1
327.500,43.000,60.375,1,1
327.500,44.000,60.375,1,1
327.500,45.000,60.375,1,1
327.500,46.000,60.375,1,1
327.500,47.000,60.375,1,1
327.500,48.000,60.375,1,1
327.500,49.000,60.375,1,1
327.500,50.000,60.375,1,1
327.500,51.000,60.375,1,1
327.500,52.000,60.375,1,1
327.500,53.000,60.375,1,1
327.500,54.000,60.375,1,1
327.500,55.000,60.375,1,1
327.500,56.000,60.375,1,1
327.500,57.000,60.375,1,1
327.500,58.000,60.375,1,1
327.500,59.000,60.375,1,1
327.500,60.000,60.375,1,1
327.500,61.000,60.375,0,1
327.500,62.000,60.375,0,1
327.500,63.000,60.375,0,1
327.500,64.000,60.375,0,1
327.500,65.000,60.375,0,1
327.500,66.000,60.375,0,1
327.500,67.000,60.375,0,1
327.500,68.000,60.375,0,1
327.500,69.000,60.375,0,1
327.500,70.000,60.375,0,1
327.500,71.000,60.375,0,1
327.500,72.000,60.375,0,1
327.500,73.000,60.375,0,1
327.500,74.000,60.375,0,1
327.500,75.000,60.375,0,1
327.500,76.000,60.375,0,1
327.500,77.000,60.375,0,1
327.500,78.000,60.375,0,1
327.500,79.000,60.375,0,1
327.500,80.000,60.375,0,1
327.500,81.000,60.375,0,1
327.500,82.000,60.375,0,1
327.500,83.000,60.375,0,1
327.500,84.000,60.375,0,1
327.500,85.000,60.375,0,1
327.500,86.000,60.375,0,1
327.500,87.000,60.375,0,1
327.500,88.000,60.375,0,1
327.500,89.000,60.375,0,1
327.500,90.000,60.375,0,1
327.500,91.000,60.375,0,1
327.500,92.000,60.375,0,1
327.500,93.000,60.375,0,1
327.500,94.000,60.375,0,1
327.500,95.000,60.375,0,1
327.500,96.000,60.375,0,1
327.500,97.000,60.375,0,1
327.500,98.000,60.375,0,1
327.500,99.000,60.375,0,1
327.500,100.000,60.375,0,1
327.500,101.000,60.375,0,1
327.500,102.000,60.375,0,1
327.500,103.000,60.375,0,1
327.500,104.000,60.375,0,1
327.500,105.000,60.375,0,1
327.500,106.000,60.375,0,1
327.500,107.000,60.375,0,1
327.500,108.000,60.375,0,1
327.500,109.000,60.375,0,1
327.500,110.000,60.375,0,1
327.500,111.000,60.375,0,1
327.500,112.000,60.375,0,1
327.500,113.000,60.375,0,1
327.500,114.000,60.375,0,1
327.500,115.000,60.375,0,1
327.500,116.000,60.375,0,1
327.500,117.000,60.375,0,1
327.500,118.000,60.375,0,1
327.500,119.000,60.375,0,1
327.500,120.000,60.375,0,1
327.500,121.000,60.375,0,1
327.500,122.000,60.375,0,1
327.500,123.000,60.375,0,1
327.500,124.000,60.375,0,1
327.500,125.000,60.375,0,1
327.500,126.000,60.375,0,1
327.500,127.000,60.375,0,1
327.500,128.000,60.375,0,1
327.500,129.000,60.375,0,1
327.500,130.000,60.375,0,1
327.500,131.000,60.375,0,1
327.500,132.000,60.375,0,1
327.500,133.000,60.375,0,1
327.500,134.000,60.375,0,1
327.500,135.000,60.375,0,1
327.500,136.000,60.375,0,1
327.500,137.000,60.375,0,1
327.500,138.000,60.375,0,1
327.500,139.000,60.375,0,1
327.500,140.000,60.375,0,1
327.500,141.000,60.375,0,0
327.500,142.000,60.375,0,0
327.500,143.000,60.375,0,0
327.500,144.000,60.375,0,0
327.500,145.000,60.375,0,0
327.500,146.000,60.375,0,0
327.500,147.000,60.375,0,0
327.500,148.000,60.375,0,0
327.500,149.000,60.375,0,0
327.500,150.000,60.375,0,0
327.500,151.000,60.375,0,0
327.500,152.000,60.375,0,0
327.500,153.000,60.375,0,0
327.500,154.000,60.375,0,0
327.500,155.000,60.375,0,0
327.500,156.000,60.375,0,0
327.500,157.000,60.375,0,0
327.500,158.000,60.375,0,0
327.500,159.000,60.375,0,0
327.500,160.000,60.375,0,0
327.500,161.000,60.375,0,0
327.500,162.000,60.375,0,0
327.500,163.000,60.375,0,0
327.500,164.000,60.375,0,0
327.500,165.000,60.375,0,0
327.500,166.000,60.375,0,0
327.500,167.000,60.375,0,0
327.500,168.000,60.375,0,0
327.500,169.000,60.375,0,0
327.500,170.000,60.375,0,0
327.500,171.000,60.375,0,0
327.500,172.000,60.375,0,0
327.500,173.000,60.375,0,0
327.500,174.000,60.375,0,0
327.500,175.000,60.375,0,0
327.500,176.000,60.375,0,0
327.500,177.000,60.375,0,0
327.500,178.000,60.375,0,0
327.500,179.000,60.375,0,0
327.500,180.000,60.375,0,0
330.000,20.000,59.500,1,1
330.000,21.000,59.500,1,1
330.000,22.000,59.500,1,1
330.000,23.000,59.500,1,1
330.000,24.000,59.500,1,1
330.000,25.000,59.500,1,1
330.000,26.000,59.500,1,1
330.000,27.000,59.500,1,1
330.000,28.000,59.500,1,1
330.000,29.000,59.500,1,1
330.000,30.000,59.500,1,1
330.000,31.000,59.500,1,1
330.000,32.000,59.500,1,1
330.000,33.000,59.500,1,1
330.000,34.000,59.500,1,1
330.000,35.000,59.500,1,1
330.000,36.000,59.500,1,1
330.000,37.000,59.500,1,1
330.000,38.000,59.500,1,1
330.000,39.000,59.500,1,1
330.000,40.000,59.500,1,1
330.000,41.000,59.500,1,1
330.000,42.000,59.500,1,1
330.000,43.000,59.500,1,1
330.000,44.000,59.500,1,1
330.000,45.000,59.500,1,1
330.000,46.000,59.500,1,1
330.000,47.000,59.500,1,1
330.000,48.000,59.500,1,1
330.000,49.000,59.500,1,1
330.000,50.000,59.500,1,1
330.000,51.000,59.500,1,1
330.000,52.000,59.500,1,1
330.000,53.000,59.500,1,1
330.000,54.000,59.500,1,1
330.000,55.000,59.500,1,1
330.000,56.000,59.500,1,1
330.000,57.000,59.500,1,1
330.000,58.000,59.500,1,1
330.000,59.000,59.500,1,1
330.000,60.000,59.500,0,1
330.000,61.000,59.500,0,1
330.000,62.000,59.500,0,1
330.000,63.000,59.500,0,1
330.000,64.000,59.500,0,1
330.000,65.000,59.500,0,1
330.000,66.000,59.500,0,1
330.000,67.000,59.500,0,1
330.000,68.000,59.500,0,1
330.000,69.000,59.500,0,1
330.000,70.000,59.500,0,1
330.000,71.000,59.500,0,1
330.000,72.000,59.500,0,1
330.000,73.000,59.500,0,1
330.000,74.000,59.500,0,1
330.000,75.000,59.500,0,1
330.000,76.000,59.500,0,1
330.000,77.000,59.500,0,1
330.000,78.000,59.500,0,1
330.000,79.000,59.500,0,1
330.000,80.000,59.500,0,1
330.000,81.000,59.500,0,1
330.000,82.000,59.500,0,1
330.000,83.000,59.500,0,1
330.000,84.000,59.500,0,1
330.000,85.000,59.500,0,1
330.000,86.000,59.500,0,1
330.000,87.000,59.500,0,1
330.000,88.000,59.500,0,1
330.000,89.000,59.500,0,1
330.000,90.000,59.500,0,1
330.000,91.000,59.500,0,1
330.000,92.000,59.500,0,1
330.000,93.000,59.500,0,1
330.000,94.000,59.500,0,1
330.000,95.000,59.500,0,1
330.000,96.000,59.500,0,1
330.000,97.000,59.500,0,1
330.000,98.000,59.500,0,1
330.000,99.000,59.500,0,1
330.000,100.000,59.500,0,1
330.000,101.000,59.500,0,1
330.000,102.000,59.500,0,1
330.000,103.000,59.500,0,1
330.000,104.000,59.500,0,1
330.000,105.000,59.500,0,1
330.000,106.000,59.500,0,1
330.000,107.000,59.500,0,1
330.000,108.000,59.500,0,1
330.000,109.000,59.500,0,1
330.000,110.000,59.500,0,1
330.000,111.000,59.500,0,1
330.000,112.000,59.500,0,1
330.000,113.000,59.500,0,1
330.000,114.000,59.500,0,1
330.000,115.000,59.500,0,1
330.000,116.000,59.500,0,1
330.000,117.000,59.500,0,1
330.000,118.000,59.500,0,1
330.000,119.000,59.500,0,1
330.000,120.000,59.500,0,1
330.000,121.000,59.500,0,1
330.000,122.000,59.500,0,1
330.000,123.000,59.500,0,1
330.000,124.000,59.500,0,1
330.000,125.000,59.500,0,1
330.000,126.000,59.500,0,1
330.000,127.000,59.500,0,1
330.000,128.000,59.500,0,1
330.000,129.000,59.500,0,1
330.000,130.000,59.500,0,1
330.000,131.000,59.500,0,1
330.000,132.000,59.500,0,1
330.000,133.000,59.500,0,1
330.000,134.000,59.500,0,1
330.000,135.000,59.500,0,1
330.000,136.000,59.500,0,1
330.000,137.000,59.500,0,1
330.000,138.000,59.500,0,1
330.000,139.000,59.500,0,1
330.000,140.000,59.500,0,0
330.000,141.000,59.500,0,0
330.000,142.000,59.500,0,0
330.000,143.000,59.500,0,0
330.000,144.000,59.500,0,0
330.000,145.000,59.500,0,0
330.000,146.000,59.500,0,0
330.000,147.000,59.500,0,0
330.000,148.000,59.500,0,0
330.000,149.000,59.500,0,0
330.000,150.000,59.500,0,0
330.000,151.000,59.500,0,0
330.000,152.000,59.500,0,0
330.000,153.000,59.500,0,0
330.000,154.000,59.500,0,0
330.000,155.000,59.500,0,0
330.000,156.000,59.500,0,0
330.000,157.000,59.500,0,0
330.000,158.000,59.500,0,0
330.000,159.000,59.500,0,0
330.000,160.000,59.500,0,0
330.000,161.000,59.500,0,0
330.000,162.000,59.500,0,0
330.000,163.000,59.500,0,0
330.000,164.000,59.500,0,0
330.000,165.000,59.500,0,0
330.000,166.000,59.500,0,0
330.000,167.000,59.500,0,0
330.000,168.000,59.500,0,0
330.000,169.000,59.500,0,0
330.000,170.000,59.500,0,0
330.000,171.000,59.500,0,0
330.000,172.000,59.500,0,0
330.000,173.000,59.500,0,0
330.000,174.000,59.500,0,0
330.000,175.000,59.500,0,0
330.000,176.000,59.500,0,0
330.000,177.000,59.500,0,0
330.000,178.000,59.500,0,0
330.000,179.000,59.500,0,0
330.000,180.000,59.500,0,0
332.500,20.000,58.625,1,1
332.500,21.000,58.625,1,1
332.500,22.000,58.625,1,1
332.500,23.000,58.625,1,1
332.500,24.000,58.625,1,1
332.500,25.000,58.625,1,1
332.500,26.000,58.625,1,1
332.500,27.000,58.625,1,1
332.500,28.000,58.625,1,1
332.500,29.000,58.625,1,1
332.500,30.000,58.625,1,1
332.500,31.000,58.625,1,1
332.500,32.000,58.625,1,1
332.500,33.000,58.625,1,1
332.500,34.000,58.625,1,1
332.500,35.000,58.625,1,1
332.500,36.000,58.625,1,1
332.500,37.000,58.625,1,1
332.500,38.000,58.625,1,1
332.500,39.000,58.625,1,1
332.500,40.000,58.625,1,1
332.500,41.000,58.625,1,1
332.500,42.000,58.625,1,1
332.500,43.000,58.625,1,1
332.500,44.000,58.625,1,1
332.500,45.000,58.625,1,1
332.500,46.000,58.625,1,1
332.500,47.000,58.625,1,1
332.500,48.000,58.625,1,1
332.500,49.000,58.625,1,1
332.500,50.000,58.625,1,1
332.500,51.000,58.625,1,1
332.500,52.000,58.625,1,1
332.500,53.000,58.625,1,1
332.500,54.000,58.625,1,1
332.500,55.000,58.625,1,1
332.500,56.000,58.625,1,1
332.500,57.000,58.625,1,1
332.500,58.000,58.625,1,1
332.500,59.000,58.625,0,1
332.500,60.000,58.625,0,1
332.500,61.000,58.625,0,1
332.500,62.000,58.625,0,1
332.500,63.000,58.625,0,1
332.500,64.000,58.625,0,1
332.500,65.000,58.625,0,1
332.500,66.000,58.625,0,1
332.500,67.000,58.625,0,1
332.500,68.000,58.625,0,1
332.500,69.000,58.625,0,1
332.500,70.000,58.625,0,1
332.500,71.000,58.625,0,1
332.500,72.000,58.625,0,1
332.500,73.000,58.625,0,1
332.500,74.000,58.625,0,1
332.500,75.000,58.625,0,1
332.500,76.000,58.625,0,1
332.500,77.000,58.625,0,1
332.500,78.000,58.625,0,1
332.500,79.000,58.625,0,1
332.500,80.000,58.625,0,1
332.500,81.000,58.625,0,1
332.500,82.000,58.625,0,1
332.500,83.000,58.625,0,1
332.500,84.000,58.625,0,1
332.500,85.000,58.625,0,1
332.500,86.000,58.625,0,1
332.500,87.000,58.625,0,1
332.500,88.000,58.625,0,1
332.500,89.000,58.625,0,1
332.500,90.000,58.625,0,1
332.500,91.000,58.625,0,1
332.500,92.000,58.625,0,1
332.500,93.000,58.625,0,1
332.500,94.000,58.625,0,1
332.500,95.000,58.625,0,1
332.500,96.000,58.625,0,1
332.500,97.000,58.625,0,1
332.500,98.000,58.625,0,1
332.500,99.000,58.625,0,1
332.500,100.000,58.625,0,1
332.500,101.000,58.625,0,1
332.500,102.000,58.625,0,1
332.500,103.000,58.625,0,1
332.500,104.000,58.625,0,1
332.500,105.000,58.625,0,1
332.500,106.000,58.625,0,1
332.500,107.000,58.625,0,1
332.500,108.000,58.625,0,1
332.500,109.000,58.625,0,1
332.500,110.000,58.625,0,1
332.500,111.000,58.625,0,1
332.500,112.000,58.625,0,1
332.500,113.000,58.625,0,1
332.500,114.000,58.625,0,1
332.500,115.000,58.625,0,1
332.500,116.000,58.625,0,1
332.500,117.000,58.625,0,1
332.500,118.000,58.625,0,1
332.500,119.000,58.625,0,1
332.500,120.000,58.625,0,1
332.500,121.000,58.625,0,1
332.500,122.000,58.625,0,1
332.500,123.000,58.625,0,1
332.500,124.000,58.625,0,1
332.500,125.000,58.625,0,1
332.500,126.000,58.625,0,1
332.500,127.000,58.625,0,1
332.500,128.000,58.625,0,1
332.500,129.000,58.625,0,1
332.500,130.000,58.625,0,1
332.500,131.000,58.625,0,1
332.500,132.000,58.625,0,1
332.500,133.000,58.625,0,1
332.500,134.000,58.625,0,1
332.500,135.000,58.625,0,1
332.500,136.000,58.625,0,1
332.500,137.000,58.625,0,1
332.500,138.000,58.625,0,1
332.500,139.000,58.625,0,0
332.500,140.000,58.625,0,0
332.500,141.000,58.625,0,0
332.500,142.000,58.625,0,0
332.500,143.000,58.625,0,0
332.500,144.000,58.625,0,0
332.500,145.000,58.625,0,0
332.500,146.000,58.625,0,0
332.500,147.000,58.625,0,0
332.500,148.000,58.625,0,0
332.500,149.000,58.625,0,0
332.500,150.000,58.625,0,0
332.500,151.000,58.625,0,0
332.500,152.000,58.625,0,0
332.500,153.000,58.625,0,0
332.500,154.000,58.625,0,0
332.500,155.000,58.625,0,0
332.500,156.000,58.625,0,0
332.500,157.000,58.625,0,0
332.500,158.000,58.625,0,0
332.500,159.000,58.625,0,0
332.500,160.000,58.625,0,0
332.500,161.000,58.625,0,0
332.500,162.000,58.625,0,0
332.500,163.000,58.625,0,0
332.500,164.000,58.625,0,0
332.500,165.000,58.625,0,0
332.500,166.000,58.625,0,0
332.500,167.000,58.625,0,0
332.500,168.000,58.625,0,0
332.500,169.000,58.625,0,0
332.500,170.000,58.625,0,0
332.500,171.000,58.625,0,0
332.500,172.000,58.625,0,0
332.500,173.000,58.625,0,0
332.500,174.000,58.625,0,0
332.500,175.000,58.625,0,0
332.500,176.000,58.625,0,0
332.500,177.000,58.625,0,0
332.500,178.000,58.625,0,0
332.500,179.000,58.625,0,0
332.500,180.000,58.625,0,0
335.000,20.000,57.750,1,1
335.000,21.000,57.750,1,1
335.000,22.000,57.750,1,1
335.000,23.000,57.750,1,1
335.000,24.000,57.750,1,1
335.000,25.000,57.750,1,1
335.000,26.000,57.750,1,1
335.000,27.000,57.750,1,1
335.000,28.000,57.750,1,1
335.000,29.000,57.750,1,1
335.000,30.000,57.750,1,1
335.000,31.000,57.750,1,1
335.000,32.000,57.750,1,1
335.000,33.000,57.750,1,1
335.000,34.000,57.750,1,1
335.000,35.000,57.750,1,1
335.000,36.000,57.750,1,1
335.000,37.000,57.750,1,1
335.000,38.000,57.750,1,1
335.000,39.000,57.750,1,1
335.000,40.000,57.750,1,1
335.000,41.000,57.750,1,1
335.000,42.000,57.750,1,1
335.000,43.000,57.750,1,1
335.000,44.000,57.750,1,1
335.000,45.000,57.750,1,1
335.000,46.000,57.750,1,1
335.000,47.000,57.750,1,1
335.000,48.000,57.750,1,1
335.000,49.000,57.750,1,1
335.000,50.000,57.750,1,1
335.000,51.000,57.750,1,1
335.000,52.000,57.750,1,1
335.000,53.000,57.750,1,1
335.000,54.000,57.750,1,1
335.000,55.000,57.750,1,1
335.000,56.000,57.750,1,1
335.000,57.000,57.750,1,1
335.000,58.000,57.750,0,1
335.000,59.000,57.750,0,1
335.000,60.000,57.750,0,1
335.000,61.000,57.750,0,1
335.000,62.000,57.750,0,1
335.000,63.000,57.750,0,1
335.000,64.000,57.750,0,1
335.000,65.000,57.750,0,1
335.000,66.000,57.750,0,1
335.000,67.000,57.750,0,1
335.000,68.000,57.750,0,1
335.000,69.000,57.750,0,1
335.000,70.000,57.750,0,1
335.000,71.000,57.750,0,1
335.000,72.000,57.750,0,1
335.000,73.000,57.750,0,1
335.000,74.000,57.750,0,1
335.000,75.000,57.750,0,1
335.000,76.000,57.750,0,1
335.000,77.000,57.750,0,1
335.000,78.000,57.750,0,1
335.000,79.000,57.750,0,1
335.000,80.000,57.750,0,1
335.000,81.000,57.750,0,1
335.000,82.000,57.750,0,1
335.000,83.000,57.750,0,1
335.000,84.000,57.750,0,1
335.000,85.000,57.750,0,1
335.000,86.000,57.750,0,1
335.000,87.000,57.750,0,1
335.000,88.000,57.750,0,1
335.000,89.000,57.750,0,1
335.000,90.000,57.750,0,1
335.000,91.000,57.750,0,1
335.000,92.000,57.750,0,1
335.000,93.000,57.750,0,1
335.000,94.000,57.750,0,1
335.000,95.000,57.750,0,1
335.000,96.000,57.750,0,1
335.000,97.000,57.750,0,1
335.000,98.000,57.750,0,1
335.000,99.000,57.750,0,1
335.000,100.000,57.750,0,1
335.000,101.000,57.750,0,1
335.000,102.000,57.750,0,1
335.000,103.000,57.750,0,1
335.000,104.000,57.750,0,1
335.000,105.000,57.750,0,1
335.000,106.000,57.750,0,1
335.000,107.000,57.750,0,1
335.000,108.000,57.750,0,1
335.000,109.000,57.750,0,1
335.000,110.000,57.750,0,1
335.000,111.000,57.750,0,1
335.000,112.000,57.750,0,1
335.000,113.000,57.750,0,1
335.000,114.000,57.750,0,1
335.000,115.000,57.750,0,1
335.000,116.000,57.750,0,1
335.000,117.000,57.750,0,1
335.000,118.000,57.750,0,1
335.000,119.000,57.750,0,1
335.000,120.000,57.750,0,1
335.000,121.000,57.750,0,1
335.000,122.000,57.750,0,1
335.000,123.000,57.750,0,1
335.000,124.000,57.750,0,1
335.000,125.000,57.750,0,1
335.000,126.000,57.750,0,1
335.000,127.000,57.750,0,1
335.000,128.000,57.750,0,1
335.000,129.000,57.750,0,1
335.000,130.000,57.750,0,1
335.000,131.000,57.750,0,1
335.000,132.000,57.750,0,1
335.000,133.000,57.750,0,1
335.000,134.000,57.750,0,1
335.000,135.000,57.750,0,1
335.000,136.000,57.750,0,1
335.000,137.000,57.750,0,1
335.000,138.000,57.750,0,0
335.000,139.000,57.750,0,0
335.000,140.000,57.750,0,0
335.000,141.000,57.750,0,0
335.000,142.000,57.750,0,0
335.000,143.000,57.750,0,0
335.000,144.000,57.750,0,0
335.000,145.000,57.750,0,0
335.000,146.000,57.750,0,0
335.000,147.000,57.750,0,0
335.000,148.000,57.750,0,0
335.000,149.000,57.750,0,0
335.000,150.000,57.750,0,0
335.000,151.000,57.750,0,0
335.000,152.000,57.750,0,0
335.000,153.000,57.750,0,0
335.000,154.000,57.750,0,0
335.000,155.000,57.750,0,0
335.000,156.000,57.750,0,0
335.000,157.000,57.750,0,0
335.000,158.000,57.750,0,0
335.000,159.000,57.750,0,0
335.000,160.000,57.750,0,0
335.000,161.000,57.750,0,0
335.000,162.000,57.750,0,0
335.000,163.000,57.750,0,0
335.000,164.000,57.750,0,0
335.000,165.000,57.750,0,0
335.000,166.000,57.750,0,0
335.000,167.000,57.750,0,0
335.000,168.000,57.750,0,0
335.000,169.000,57.750,0,0
335.000,170.000,57.750,0,0
335.000,171.000,57.750,0,0
335.000,172.000,57.750,0,0
335.000,173.000,57.750,0,0
335.000,174.000,57.750,0,0
335.000,175.000,57.750,0,0
335.000,176.000,57.750,0,0
335.000,177.000,57.750,0,0
335.000,178.000,57.750,0,0
335.000,179.000,57.750,0,0
335.000,180.000,57.750,0,0
337.500,20.000,56.875,1,1
337.500,21.000,56.875,1,1
337.500,22.000,56.875,1,1
337.500,23.000,56.875,1,1
337.500,24.000,56.875,1,1
337.500,25.000,56.875,1,1
337.500,26.000,56.875,1,1
337.500,27.000,56.875,1,1
337.500,28.000,56.875,1,1
337.500,29.000,56.875,1,1
337.500,30.000,56.875,1,1
337.500,31.000,56.875,1,1
337.500,32.000,56.875,1,1
337.500,33.000,56.875,1,1
337.500,34.000,56.875,1,1
337.500,35.000,56.875,1,1
337.500,36.000,56.875,1,1
337.500,37.000,56.875,1,1
337.500,38.000,56.875,1,1
337.500,39.000,56.875,1,1
337.500,40.000,56.875,1,1
337.500,41.000,56.875,1,1
337.500,42.000,56.875,1,1
337.500,43.000,56.875,1,1
337.500,44.000,56.875,1,1
337.500,45.000,56.875,1,1
337.500,46.000,56.875,1,1
337.500,47.000,56.875,1,1
337.500,48.000,56.875,1,1
337.500,49.000,56.875,1,1
337.500,50.000,56.875,1,1
337.500,51.000,56.875,1,1
337.500,52.000,56.875,1,1
337.500,53.000,56.875,1,1
337.500,54.000,56.875,1,1
337.500,55.000,56.875,1,1
337.500,56.000,56.875,1,1
337.500,57.000,56.875,0,1
337.500,58.000,56.875,0,1
337.500,59.000,56.875,0,1
337.500,60.000,56.875,0,1
337.500,61.000,56.875,0,1
337.500,62.000,56.875,0,1
337.500,63.000,56.875,0,1
337.500,64.000,56.875,0,1
337.500,65.000,56.875,0,1
337.500,66.000,56.875,0,1
337.500,67.000,56.875,0,1
337.500,68.000,56.875,0,1
337.500,69.000,56.875,0,1
337.500,70.000,56.875,0,1
337.500,71.000,56.875,0,1
337.500,72.000,56.875,0,1
337.500,73.000,56.875,0,1
337.500,74.000,56.875,0,1
337.500,75.000,56.875,0,1
337.500,76.000,56.875,0,1
337.500,77.000,56.875,0,1
337.500,78.000,56.875,0,1
337.500,79.000,56.875,0,1
337.500,80.000,56.875,0,1
337.500,81.000,56.875,0,1
337.500,82.000,56.875,0,1
337.500,83.000,56.875,0,1
337.500,84.000,56.875,0,1
337.500,85.000,56.875,0,1
337.500,86.000,56.875,0,1
337.500,87.000,56.875,0,1
337.500,88.000,56.875,0,1
337.500,89.000,56.875,0,1
337.500,90.000,56.875,0,1
337.500,91.000,56.875,0,1
337.500,92.000,56.875,0,1
337.500,93.000,56.875,0,1
337.500,94.000,56.875,0,1
337.500,95.000,56.875,0,1
337.500,96.000,56.875,0,1
337.500,97.000,56.875,0,1
337.500,98.000,56.875,0,1
337.500,99.000,56.875,0,1
337.500,100.000,56.875,0,1
337.500,101.000,56.875,0,1
337.500,102.000,56.875,0,1
337.500,103.000,56.875,0,1
337.500,104.000,56.875,0,1
337.500,105.000,56.875,0,1
337.500,106.000,56.875,0,1
337.500,107.000,56.875,0,1
337.500,108.000,56.875,0,1
337.500,109.000,56.875,0,1
337.500,110.000,56.875,0,1
337.500,111.000,56.875,0,1
337.500,112.000,56.875,0,1
337.500,113.000,56.875,0,1
337.500,114.000,56.875,0,1
337.500,115.000,56.875,0,1
337.500,116.000,56.875,0,1
337.500,117.000,56.875,0,1
337.500,118.000,56.875,0,1
337.500,119.000,56.875,0,1
337.500,120.000,56.875,0,1
337.500,121.000,56.875,0,1
337.500,122.000,56.875,0,1
337.500,123.000,56.875,0,1
337.500,124.000,56.875,0,1
337.500,125.000,56.875,0,1
337.500,126.000,56.875,0,1
337.500,127.000,56.875,0,1
337.500,128.000,56.875,0,1
337.500,129.000,56.875,0,1
337.500,130.000,56.875,0,1
337.500,131.000,56.875,0,1
337.500,132.000,56.875,0,1
337.500,133.000,56.875,0,1
337.500,134.000,56.875,0,1
337.500,135.000,56.875,0,1
337.500,136.000,56.875,0,1
337.500,137.000,56.875,0,0
337.500,138.000,56.875,0,0
337.500,139.000,56.875,0,0
337.500,140.000,56.875,0,0
337.500,141.000,56.875,0,0
337.500,142.000,56.875,0,0
337.500,143.000,56.875,0,0
337.500,144.000,56.875,0,0
337.500,145.000,56.875,0,0
337.500,146.000,56.875,0,0
337.500,147.000,56.875,0,0
337.500,148.000,56.875,0,0
337.500,149.000,56.875,0,0
337.500,150.000,56.875,0,0
337.500,151.000,56.875,0,0
337.500,152.000,56.875,0,0
337.500,153.000,56.875,0,0
337.500,154.000,56.875,0,0
337.500,155.000,56.875,0,0
337.500,156.000,56.875,0,0
337.500,157.000,56.875,0,0
337.500,158.000,56.875,0,0
337.500,159.000,56.875,0,0
337.500,160.000,56.875,0,0
337.500,161.000,56.875,0,0
337.500,162.000,56.875,0,0
337.500,163.000,56.875,0,0
337.500,164.000,56.875,0,0
337.500,165.000,56.875,0,0
337.500,166.000,56.875,0,0
337.500,167.000,56.875,0,0
337.500,168.000,56.875,0,0
337.500,169.000,56.875,0,0
337.500,170.000,56.875,0,0
337.500,171.000,56.875,0,0
337.500,172.000,56.875,0,0
337.500,173.000,56.875,0,0
337.500,174.000,56.875,0,0
337.500,175.000,56.875,0,0
337.500,176.000,56.875,0,0
337.500,177.000,56.875,0,0
337.500,178.000,56.875,0,0
337.500,179.000,56.875,0,0
337.500,180.000,56.875,0,0
340.000,20.000,56.000,1,1
340.000,21.000,56.000,1,1
340.000,22.000,56.000,1,1
340.000,23.000,56.000,1,1
340.000,24.000,56.000,1,1
340.000,25.000,56.000,1,1
340.000,26.000,56.000,1,1
340.000,27.000,56.000,1,1
340.000,28.000,56.000,1,1
340.000,29.000,56.000,1,1
340.000,30.000,56.000,1,1
340.000,31.000,56.000,1,1
340.000,32.000,56.000,1,1
340.000,33.000,56.000,1,1
340.000,34.000,56.000,1,1
340.000,35.000,56.000,1,1
340.000,36.000,56.000,1,1
340.000,37.000,56.000,1,1
340.000,38.000,56.000,1,1
340.000,39.000,56.000,1,1
340.000,40.000,56.000,1,1
340.000,41.000,56.000,1,1
340.000,42.000,56.000,1,1
340.000,43.000,56.000,1,1
340.000,44.000,56.000,1,1
340.000,45.000,56.000,1,1
340.000,46.000,56.000,1,1
340.000,47.000,56.000,1,1
340.000,48.000,56.000,1,1
340.000,49.000,56.000,1,1
340.000,50.000,56.000,1,1
340.000,51.000,56.000,1,1
340.000,52.000,56.000,1,1
340.000,53.000,56.000,1,1
340.000,54.000,56.000,1,1
340.000,55.000,56.000,1,1
340.000,56.000,56.000,1,1
340.000,57.000,56.000,0,1
340.000,58.000,56.000,0,1
340.000,59.000,56.000,0,1
340.000,60.000,56.000,0,1
340.000,61.000,56.000,0,1
340.000,62.000,56.000,0,1
340.000,63.000,56.000,0,1
340.000,64.000,56.000,0,1
340.000,65.000,56.000,0,1
340.000,66.000,56.000,0,1
340.000,67.000,56.000,0,1
340.000,68.000,56.000,0,1
340.000,69.000,56.000,0,1
340.000,70.000,56.000,0,1
340.000,71.000,56.000,0,1
340.000,72.000,56.000,0,1
340.000,73.000,56.000,0,1
340.000,74.000,56.000,0,1
340.000,75.000,56.000,0,1
340.000,76.000,56.000,0,1
340.000,77.000,56.000,0,1
340.000,78.000,56.000,0,1
340.000,79.000,56.000,0,1
340.000,80.000,56.000,0,1
340.000,81.000,56.000,0,1
340.000,82.000,56.000,0,1
340.000,83.000,56.000,0,1
340.000,84.000,56.000,0,1
340.000,85.000,56.000,0,1
340.000,86.000,56.000,0,1
340.000,87.000,56.000,0,1
340.000,88.000,56.000,0,1
340.000,89.000,56.000,0,1
340.000,90.000,56.000,0,1
340.000,91.000,56.000,0,1
340.000,92.000,56.000,0,1
340.000,93.000,56.000,0,1
340.000,94.000,56.000,0,1
340.000,95.000,56.000,0,1
340.000,96.000,56.000,0,1
340.000,97.000,56.000,0,1
340.000,98.000,56.000,0,1
340.000,99.000,56.000,0,1
340.000,100.000,56.000,0,1
340.000,101.000,56.000,0,1
340.000,102.000,56.000,0,1
340.000,103.000,56.000,0,1
340.000,104.000,56.000,0,1
340.000,105.000,56.000,0,1
340.000,106.000,56.000,0,1
340.000,107.000,56.000,0,1
340.000,108.000,56.000,0,1
340.000,109.000,56.000,0,1
340.000,110.000,56.000,0,1
340.000,111.000,56.000,0,1
340.000,112.000,56.000,0,1
340.000,113.000,56.000,0,1
340.000,114.000,56.000,0,1
340.000,115.000,56.000,0,1
340.000,116.000,56.000,0,1
340.000,117.000,56.000,0,1
340.000,118.000,56.000,0,1
340.000,119.000,56.000,0,1
340.000,120.000,56.000,0,1
340.000,121.000,56.000,0,1
340.000,122.000,56.000,0,1
340.000,123.000,56.000,0,1
340.000,124.000,56.000,0,1
340.000,125.000,56.000,0,1
340.000,126.000,56.000,0,1
340.000,127.000,56.000,0,1
340.000,128.000,56.000,0,1
340.000,129.000,56.000,0,1
340.000,130.000,56.000,0,1
340.000,131.000,56.000,0,1
340.000,132.000,56.000,0,1
340.000,133.000,56.000,0,1
340.000,134.000,56.000,0,1
340.000,135.000,56.000,0,1
340.000,136.000,56.000,0,1
340.000,137.000,56.000,0,0
340.000,138.000,56.000,0,0
340.000,139.000,56.000,0,0
340.000,140.000,56.000,0,0
340.000,141.000,56.000,0,0
340.000,142.000,56.000,0,0
340.000,143.000,56.000,0,0
340.000,144.000,56.000,0,0
340.000,145.000,56.000,0,0
340.000,146.000,56.000,0,0
340.000,147.000,56.000,0,0
340.000,148.000,56.000,0,0
340.000,149.000,56.000,0,0
340.000,150.000,56.000,0,0
340.000,151.000,56.000,0,0
340.000,152.000,56.000,0,0
340.000,153.000,56.000,0,0
340.000,154.000,56.000,0,0
340.000,155.000,56.000,0,0
340.000,156.000,56.000,0,0
340.000,157.000,56.000,0,0
340.000,158.000,56.000,0,0
340.000,159.000,56.000,0,0
340.000,160.000,56.000,0,0
340.000,161.000,56.000,0,0
340.000,162.000,56.000,0,0
340.000,163.000,56.000,0,0
340.000,164.000,56.000,0,0
340.000,165.000,56.000,0,0
340.000,166.000,56.000,0,0
340.000,167.000,56.000,0,0
340.000,168.000,56.000,0,0
340.000,169.000,56.000,0,0
340.000,170.000,56.000,0,0
340.000,171.000,56.000,0,0
340.000,172.000,56.000,0,0
340.000,173.000,56.000,0,0
340.000,174.000,56.000,0,0
340.000,175.000,56.000,0,0
340.000,176.000,56.000,0,0
340.000,177.000,56.000,0,0
340.000,178.000,56.000,0,0
340.000,179.000,56.000,0,0
340.000,180.000,56.000,0,0
342.500,20.000,55.125,1,1
342.500,21.000,55.125,1,1
342.500,22.000,55.125,1,1
342.500,23.000,55.125,1,1
342.500,24.000,55.125,1,1
342.500,25.000,55.125,1,1
342.500,26.000,55.125,1,1
342.500,27.000,55.125,1,1
342.500,28.000,55.125,1,1
342.500,29.000,55.125,1,1
342.500,30.000,55.125,1,1
342.500,31.000,55.125,1,1
342.500,32.000,55.125,1,1
342.500,33.000,55.125,1,1
342.500,34.000,55.125,1,1
342.500,35.000,55.125,1,1
342.500,36.000,55.125,1,1
342.500,37.000,55.125,1,1
342.500,38.000,55.125,1,1
342.500,39.000,55.125,1,1
342.500,40.000,55.125,1,1
342.500,41.000,55.125,1,1
342.500,42.000,55.125,1,1
342.500,43.000,55.125,1,1
342.500,44.000,55.125,1,1
342.500,45.000,55.125,1,1
342.500,46.000,55.125,1,1
342.500,47.000,55.125,1,1
342.500,48.000,55.125,1,1
342.500,49.000,55.125,1,1
342.500,50.000,55.125,1,1
342.500,51.000,55.125,1,1
342.500,52.000,55.125,1,1
342.500,53.000,55.125,1,1
342.500,54.000,55.125,1,1
342.500,55.000,55.125,1,1
342.500,56.000,55.125,0,1
342.500,57.000,55.125,0,1
342.500,58.000,55.125,0,1
342.500,59.000,55.125,0,1
342.500,60.000,55.125,0,1
342.500,61.000,55.125,0,1
342.500,62.000,55.125,0,1
342.500,63.000,55.125,0,1
342.500,64.000,55.125,0,1
342.500,65.000,55.125,0,1
342.500,66.000,55.125,0,1
342.500,67.000,55.125,0,1
342.500,68.000,55.125,0,1
342.500,69.000,55.125,0,1
342.500,70.000,55.125,0,1
342.500,71.000,55.125,0,1
342.500,72.000,55.125,0,1
342.500,73.000,55.125,0,1
342.500,74.000,55.125,0,1
342.500,75.000,55.125,0,1
342.500,76.000,55.125,0,1
342.500,77.000,55.125,0,1
342.500,78.000,55.125,0,1
342.500,79.000,55.125,0,1
342.500,80.000,55.125,0,1
342.500,81.000,55.125,0,1
342.500,82.000,55.125,0,1
342.500,83.000,55.125,0,1
342.500,84.000,55.125,0,1
342.500,85.000,55.125,0,1
342.500,86.000,55.125,0,1
342.500,87.000,55.125,0,1
342.500,88.000,55.125,0,1
342.500,89.000,55.125,0,1
342.500,90.000,55.125,0,1
342.500,91.000,55.125,0,1
342.500,92.000,55.125,0,1
342.500,93.000,55.125,0,1
342.500,94.000,55.125,0,1
342.500,95.000,55.125,0,1
342.500,96.000,55.125,0,1
342.500,97.000,55.125,0,1
342.500,98.000,55.125,0,1
342.500,99.000,55.125,0,1
342.500,100.000,55.125,0,1
342.500,101.000,55.125,0,1
342.500,102.000,55.125,0,1
342.500,103.000,55.125,0,1
342.500,104.000,55.125,0,1
342.500,105.000,55.125,0,1
342.500,106.000,55.125,0,1
342.500,107.000,55.125,0,1
342.500,108.000,55.125,0,1
342.500,109.000,55.125,0,1
342.500,110.000,55.125,0,1
342.500,111.000,55.125,0,1
342.500,112.000,55.125,0,1
342.500,113.000,55.125,0,1
342.500,114.000,55.125,0,1
342.500,115.000,55.125,0,1
342.500,116.000,55.125,0,1
342.500,117.000,55.125,0,1
342.500,118.000,55.125,0,1
342.500,119.000,55.125,0,1
342.500,120.000,55.125,0,1
342.500,121.000,55.125,0,1
342.500,122.000,55.125,0,1
342.500,123.000,55.125,0,1
342.500,124.000,55.125,0,1
342.500,125.000,55.125,0,1
342.500,126.000,55.125,0,1
342.500,127.000,55.125,0,1
342.500,128.000,55.125,0,1
342.500,129.000,55.125,0,1
342.500,130.000,55.125,0,1
342.500,131.000,55.125,0,1
342.500,132.000,55.125,0,1
342.500,133.000,55.125,0,1
342.500,134.000,55.125,0,1
342.500,135.000,55.125,0,1
342.500,136.000,55.125,0,0
342.500,137.000,55.125,0,0
342.500,138.000,55.125,0,0
342.500,139.000,55.125,0,0
342.500,140.000,55.125,0,0
342.500,141.000,55.125,0,0
342.500,142.000,55.125,0,0
342.500,143.000,55.125,0,0
342.500,144.000,55.125,0,0
342.500,145.000,55.125,0,0
342.500,146.000,55.125,0,0
342.500,147.000,55.125,0,0
342.500,148.000,55.125,0,0
342.500,149.000,55.125,0,0
342.500,150.000,55.125,0,0
342.500,151.000,55.125,0,0
342.500,152.000,55.125,0,0
342.500,153.000,55.125,0,0
342.500,154.000,55.125,0,0
342.500,155.000,55.125,0,0
342.500,156.000,55.125,0,0
342.500,157.000,55.125,0,0
342.500,158.000,55.125,0,0
342.500,159.000,55.125,0,0
342.500,160.000,55.125,0,0
342.500,161.000,55.125,0,0
342.500,162.000,55.125,0,0
342.500,163.000,55.125,0,0
342.500,164.000,55.125,0,0
342.500,165.000,55.125,0,0
342.500,166.000,55.125,0,0
342.500,167.000,55.125,0,0
342.500,168.000,55.125,0,0
342.500,169.000,55.125,0,0
342.500,170.000,55.125,0,0
342.500,171.000,55.125,0,0
342.500,172.000,55.125,0,0
342.500,173.000,55.125,0,0
342.500,174.000,55.125,0,0
342.500,175.000,55.125,0,0
342.500,176.000,55.125,0,0
342.500,177.000,55.125,0,0
342.500,178.000,55.125,0,0
342.500,179.000,55.125,0,0
342.500,180.000,55.125,0,0
345.000,20.000,54.250,1,1
345.000,21.000,54.250,1,1
345.000,22.000,54.250,1,1
345.000,23.000,54.250,1,1
345.000,24.000,54.250,1,1
345.000,25.000,54.250,1,1
345.000,26.000,54.250,1,1
345.000,27.000,54.250,1,1
345.000,28.000,54.250,1,1
345.000,29.000,54.250,1,1
345.000,30.000,54.250,1,1
345.000,31.000,54.250,1,1
345.000,32.000,54.250,1,1
345.000,33.000,54.250,1,1
345.000,34.000,54.250,1,1
345.000,35.000,54.250,1,1
345.000,36.000,54.250,1,1
345.000,37.000,54.250,1,1
345.000,38.000,54.250,1,1
345.000,39.000,54.250,1,1
345.000,40.000,54.250,1,1
345.000,41.000,54.250,1,1
345.000,42.000,54.250,1,1
345.000,43.000,54.250,1,1
345.000,44.000,54.250,1,1
345.000,45.000,54.250,1,1
345.000,46.000,54.250,1,1
345.000,47.000,54.250,1,1
345.000,48.000,54.250,1,1
345.000,49.000,54.250,1,1
345.000,50.000,54.250,1,1
345.000,51.000,54.250,1,1
345.000,52.000,54.250,1,1
345.000,53.000,54.250,1,1
345.000,54.000,54.250,1,1
345.000,55.000,54.250,0,1
345.000,56.000,54.250,0,1
345.000,57.000,54.250,0,1
345.000,58.000,54.250,0,1
345.000,59.000,54.250,0,1
345.000,60.000,54.250,0,1
345.000,61.000,54.250,0,1
345.000,62.000,54.250,0,1
345.000,63.000,54.250,0,1
345.000,64.000,54.250,0,1
345.000,65.000,54.250,0,1
345.000,66.000,54.250,0,1
345.000,67.000,54.250,0,1
345.000,68.000,54.250,0,1
345.000,69.000,54.250,0,1
345.000,70.000,54.250,0,1
345.000,71.000,54.250,0,1
345.000,72.000,54.250,0,1
345.000,73.000,54.250,0,1
345.000,74.000,54.250,0,1
345.000,75.000,54.250,0,1
345.000,76.000,54.250,0,1
345.000,77.000,54.250,0,1
345.000,78.000,54.250,0,1
345.000,79.000,54.250,0,1
345.000,80.000,54.250,0,1
345.000,81.000,54.250,0,1
345.000,82.000,54.250,0,1
345.000,83.000,54.250,0,1
345.000,84.000,54.250,0,1
345.000,85.000,54.250,0,1
345.000,86.000,54.250,0,1
345.000,87.000,54.250,0,1
345.000,88.000,54.250,0,1
345.000,89.000,54.250,0,1
345.000,90.000,54.250,0,1
345.000,91.000,54.250,0,1
345.000,92.000,54.250,0,1
345.000,93.000,54.250,0,1
345.000,94.000,54.250,0,1
345.000,95.000,54.250,0,1
345.000,96.000,54.250,0,1
345.000,97.000,54.250,0,1
345.000,98.000,54.250,0,1
345.000,99.000,54.250,0,1
345.000,100.000,54.250,0,1
345.000,101.000,54.250,0,1
345.000,102.000,54.250,0,1
345.000,103.000,54.250,0,1
345.000,104.000,54.250,0,1
345.000,105.000,54.250,0,1
345.000,106.000,54.250,0,1
345.000,107.000,54.250,0,1
345.000,108.000,54.250,0,1
345.000,109.000,54.250,0,1
345.000,110.000,54.250,0,1
345.000,111.000,54.250,0,1
345.000,112.000,54.250,0,1
345.000,113.000,54.250,0,1
345.000,114.000,54.250,0,1
345.000,115.000,54.250,0,1
345.000,116.000,54.250,0,1
345.000,117.000,54.250,0,1
345.000,118.000,54.250,0,1
345.000,119.000,54.250,0,1
345.000,120.000,54.250,0,1
345.000,121.000,54.250,0,1
345.000,122.000,54.250,0,1
345.000,123.000,54.250,0,1
345.000,124.000,54.250,0,1
345.000,125.000,54.250,0,1
345.000,126.000,54.250,0,1
345.000,127.000,54.250,0,1
345.000,128.000,54.250,0,1
345.000,129.000,54.250,0,1
345.000,130.000,54.250,0,1
345.000,131.000,54.250,0,1
345.000,132.000,54.250,0,1
345.000,133.000,54.250,0,1
345.000,134.000,54.250,0,1
345.000,135.000,54.250,0,0
345.000,136.000,54.250,0,0
345.000,137.000,54.250,0,0
345.000,138.000,54.250,0,0
345.000,139.000,54.250,0,0
345.000,140.000,54.250,0,0
345.000,141.000,54.250,0,0
345.000,142.000,54.250,0,0
345.000,143.000,54.250,0,0
345.000,144.000,54.250,0,0
345.000,145.000,54.250,0,0
345.000,146.000,54.250,0,0
345.000,147.000,54.250,0,0
345.000,148.000,54.250,0,0
345.000,149.000,54.250,0,0
345.000,150.000,54.250,0,0
345.000,151.000,54.250,0,0
345.000,152.000,54.250,0,0
345.000,153.000,54.250,0,0
345.000,154.000,54.250,0,0
345.000,155.000,54.250,0,0
345.000,156.000,54.250,0,0
345.000,157.000,54.250,0,0
345.000,158.000,54.250,0,0
345.000,159.000,54.250,0,0
345.000,160.000,54.250,0,0
345.000,161.000,54.250,0,0
345.000,162.000,54.250,0,0
345.000,163.000,54.250,0,0
345.000,164.000,54.250,0,0
345.000,165.000,54.250,0,0
345.000,166.000,54.250,0,0
345.000,167.000,54.250,0,0
345.000,168.000,54.250,0,0
345.000,169.000,54.250,0,0
345.000,170.000,54.250,0,0
345.000,171.000,54.250,0,0
345.000,172.000,54.250,0,0
345.000,173.000,54.250,0,0
345.000,174.000,54.250,0,0
345.000,175.000,54.250,0,0
345.000,176.000,54.250,0,0
345.000,177.000,54.250,0,0
345.000,178.000,54.250,0,0
345.000,179.000,54.250,0,0
345.000,180.000,54.250,0,0
347.500,20.000,53.375,1,1
347.500,21.000,53.375,1,1
347.500,22.000,53.375,1,1
347.500,23.000,53.375,1,1
347.500,24.000,53.375,1,1
347.500,25.000,53.375,1,1
347.500,26.000,53.375,1,1
347.500,27.000,53.375,1,1
347.500,28.000,53.375,1,1
347.500,29.000,53.375,1,1
347.500,30.000,53.375,1,1
347.500,31.000,53.375,1,1
347.500,32.000,53.375,1,1
347.500,33.000,53.375,1,1
347.500,34.000,53.375,1,1
347.500,35.000,53.375,1,1
347.500,36.000,53.375,1,1
347.500,37.000,53.375,1,1
347.500,38.000,53.375,1,1
347.500,39.000,53.375,1,1
347.500,40.000,53.375,1,1
347.500,41.000,53.375,1,1
347.500,42.000,53.375,1,1
347.500,43.000,53.375,1,1
347.500,44.000,53.375,1,1
347.500,45.000,53.375,1,1
347.500,46.000,53.375,1,1
347.500,47.000,53.375,1,1
347.500,48.000,53.375,1,1
347.500,49.000,53.375,1,1
347.500,50.000,53.375,1,1
347.500,51.000,53.375,1,1
347.500,52.000,53.375,1,1
347.500,53.000,53.375,1,1
347.500,54.000,53.375,0,1
347.500,55.000,53.375,0,1
347.500,56.000,53.375,0,1
347.500,57.000,53.375,0,1
347.500,58.000,53.375,0,1
347.500,59.000,53.375,0,1
347.500,60.000,53.375,0,1
347.500,61.000,53.375,0,1
347.500,62.000,53.375,0,1
347.500,63.000,53.375,0,1
347.500,64.000,53.375,0,1
347.500,65.000,53.375,0,1
347.500,66.000,53.375,0,1
347.500,67.000,53.375,0,1
347.500,68.000,53.375,0,1
347.500,69.000,53.375,0,1
347.500,70.000,53.375,0,1
347.500,71.000,53.375,0,1
347.500,72.000,53.375,0,1
347.500,73.000,53.375,0,1
347.500,74.000,53.375,0,1
347.500,75.000,53.375,0,1
347.500,76.000,53.375,0,1
347.500,77.000,53.375,0,1
347.500,78.000,53.375,0,1
347.500,79.000,53.375,0,1
347.500,80.000,53.375,0,1
347.500,81.000,53.375,0,1
347.500,82.000,53.375,0,1
347.500,83.000,53.375,0,1
347.500,84.000,53.375,0,1
347.500,85.000,53.375,0,1
347.500,86.000,53.375,0,1
347.500,87.000,53.375,0,1
347.500,88.000,53.375,0,1
347.500,89.000,53.375,0,1
347.500,90.000,53.375,0,1
347.500,91.000,53.375,0,1
347.500,92.000,53.375,0,1
347.500,93.000,53.375,0,1
347.500,94.000,53.375,0,1
347.500,95.000,53.375,0,1
347.500,96.000,53.375,0,1
347.500,97.000,53.375,0,1
347.500,98.000,53.375,0,1
347.500,99.000,53.375,0,1
347.500,100.000,53.375,0,1
347.500,101.000,53.375,0,1
347.500,102.000,53.375,0,1
347.500,103.000,53.375,0,1
347.500,104.000,53.375,0,1
347.500,105.000,53.375,0,1
347.500,106.000,53.375,0,1
347.500,107.000,53.375,0,1
347.500,108.000,53.375,0,1
347.500,109.000,53.375,0,1
347.500,110.000,53.375,0,1
347.500,111.000,53.375,0,1
347.500,112.000,53.375,0,1
347.500,113.000,53.375,0,1
347.500,114.000,53.375,0,1
347.500,115.000,53.375,0,1
347.500,116.000,53.375,0,1
347.500,117.000,53.375,0,1
347.500,118.000,53.375,0,1
347.500,119.000,53.375,0,1
347.500,120.000,53.375,0,1
347.500,121.000,53.375,0,1
347.500,122.000,53.375,0,1
347.500,123.000,53.375,0,1
347.500,124.000,53.375,0,1
347.500,125.000,53.375,0,1
347.500,126.000,53.375,0,1
347.500,127.000,53.375,0,1
347.500,128.000,53.375,0,1
347.500,129.000,53.375,0,1
347.500,130.000,53.375,0,1
347.500,131.000,53.375,0,1
347.500,132.000,53.375,0,1
347.500,133.000,53.375,0,1
347.500,134.000,53.375,0,0
347.500,135.000,53.375,0,0
347.500,136.000,53.375,0,0
347.500,137.000,53.375,0,0
347.500,138.000,53.375,0,0
347.500,139.000,53.375,0,0
347.500,140.000,53.375,0,0
347.500,141.000,53.375,0,0
347.500,142.000,53.375,0,0
347.500,143.000,53.375,0,0
347.500,144.000,53.375,0,0
347.500,145.000,53.375,0,0
347.500,146.000,53.375,0,0
347.500,147.000,53.375,0,0
347.500,148.000,53.375,0,0
347.500,149.000,53.375,0,0
347.500,150.000,53.375,0,0
347.500,151.000,53.375,0,0
347.500,152.000,53.375,0,0
347.500,153.000,53.375,0,0
347.500,154.000,53.375,0,0
347.500,155.000,53.375,0,0
347.500,156.000,53.375,0,0
347.500,157.000,53.375,0,0
347.500,158.000,53.375,0,0
347.500,159.000,53.375,0,0
347.500,160.000,53.375,0,0
347.500,161.000,53.375,0,0
347.500,162.000,53.375,0,0
347.500,163.000,53.375,0,0
347.500,164.000,53.375,0,0
347.500,165.000,53.375,0,0
347.500,166.000,53.375,0,0
347.500,167.000,53.375,0,0
347.500,168.000,53.375,0,0
347.500,169.000,53.375,0,0
347.500,170.000,53.375,0,0
347.500,171.000,53.375,0,0
347.500,172.000,53.375,0,0
347.500,173.000,53.375,0,0
347.500,174.000,53.375,0,0
347.500,175.000,53.375,0,0
347.500,176.000,53.375,0,0
347.500,177.000,53.375,0,0
347.500,178.000,53.375,0,0
347.500,179.000,53.375,0,0
347.500,180.000,53.375,0,0
350.000,20.000,52.500,1,1
350.000,21.000,52.500,1,1
350.000,22.000,52.500,1,1
350.000,23.000,52.500,1,1
350.000,24.000,52.500,1,1
350.000,25.000,52.500,1,1
350.000,26.000,52.500,1,1
350.000,27.000,52.500,1,1
350.000,28.000,52.500,1,1
350.000,29.000,52.500,1,1
350.000,30.000,52.500,1,1
350.000,31.000,52.500,1,1
350.000,32.000,52.500,1,1
350.000,33.000,52.500,1,1
350.000,34.000,52.500,1,1
350.000,35.000,52.500,1,1
350.000,36.000,52.500,1,1
350.000,37.000,52.500,1,1
350.000,38.000,52.500,1,1
350.000,39.000,52.500,1,1
350.000,40.000,52.500,1,1
350.000,41.000,52.500,1,1
350.000,42.000,52.500,1,1
350.000,43.000,52.500,1,1
350.000,44.000,52.500,1,1
350.000,45.000,52.500,1,1
350.000,46.000,52.500,1,1
350.000,47.000,52.500,1,1
350.000,48.000,52.500,1,1
350.000,49.000,52.500,1,1
350.000,50.000,52.500,1,1
350.000,51.000,52.500,1,1
350.000,52.000,52.500,1,1
350.000,53.000,52.500,0,1
350.000,54.000,52.500,0,1
350.000,55.000,52.500,0,1
350.000,56.000,52.500,0,1
350.000,57.000,52.500,0,1
350.000,58.000,52.500,0,1
350.000,59.000,52.500,0,1
350.000,60.000,52.500,0,1
350.000,61.000,52.500,0,1
350.000,62.000,52.500,0,1
350.000,63.000,52.500,0,1
350.000,64.000,52.500,0,1
350.000,65.000,52.500,0,1
350.000,66.000,52.500,0,1
350.000,67.000,52.500,0,1
350.000,68.000,52.500,0,1
350.000,69.000,52.500,0,1
350.000,70.000,52.500,0,1
350.000,71.000,52.500,0,1
350.000,72.000,52.500,0,1
350.000,73.000,52.500,0,1
350.000,74.000,52.500,0,1
350.000,75.000,52.500,0,1
350.000,76.000,52.500,0,1
350.000,77.000,52.500,0,1
350.000,78.000,52.500,0,1
350.000,79.000,52.500,0,1
350.000,80.000,52.500,0,1
350.000,81.000,52.500,0,1
350.000,82.000,52.500,0,1
350.000,83.000,52.500,0,1
350.000,84.000,52.500,0,1
350.000,85.000,52.500,0,1
350.000,86.000,52.500,0,1
350.000,87.000,52.500,0,1
350.000,88.000,52.500,0,1
350.000,89.000,52.500,0,1
350.000,90.000,52.500,0,1
350.000,91.000,52.500,0,1
350.000,92.000,52.500,0,1
350.000,93.000,52.500,0,1
350.000,94.000,52.500,0,1
350.000,95.000,52.500,0,1
350.000,96.000,52.500,0,1
350.000,97.000,52.500,0,1
350.000,98.000,52.500,0,1
350.000,99.000,52.500,0,1
350.000,100.000,52.500,0,1
350.000,101.000,52.500,0,1
350.000,102.000,52.500,0,1
350.000,103.000,52.500,0,1
350.000,104.000,52.500,0,1
350.000,105.000,52.500,0,1
350.000,106.000,52.500,0,1
350.000,107.000,52.500,0,1
350.000,108.000,52.500,0,1
350.000,109.000,52.500,0,1
350.000,110.000,52.500,0,1
350.000,111.000,52.500,0,1
350.000,112.000,52.500,0,1
350.000,113.000,52.500,0,1
350.000,114.000,52.500,0,1
350.000,115.000,52.500,0,1
350.000,116.000,52.500,0,1
350.000,117.000,52.500,0,1
350.000,118.000,52.500,0,1
350.000,119.000,52.500,0,1
350.000,120.000,52.500,0,1
350.000,121.000,52.500,0,1
350.000,122.000,52.500,0,1
350.000,123.000,52.500,0,1
350.000,124.000,52.500,0,1
350.000,125.000,52.500,0,1
350.000,126.000,52.500,0,1
350.000,127.000,52.500,0,1
350.000,128.000,52.500,0,1
350.000,129.000,52.500,0,1
350.000,130.000,52.500,0,1
350.000,131.000,52.500,0,1
350.000,132.000,52.500,0,1
350.000,133.000,52.500,0,0
350.000,134.000,52.500,0,0
350.000,135.000,52.500,0,0
350.000,136.000,52.500,0,0
350.000,137.000,52.500,0,0
350.000,138.000,52.500,0,0
350.000,139.000,52.500,0,0
350.000,140.000,52.500,0,0
350.000,141.000,52.500,0,0
350.000,142.000,52.500,0,0
350.000,143.000,52.500,0,0
350.000,144.000,52.500,0,0
350.000,145.000,52.500,0,0
350.000,146.000,52.500,0,0
350.000,147.000,52.500,0,0
350.000,148.000,52.500,0,0
350.000,149.000,52.500,0,0
350.000,150.000,52.500,0,0
350.000,151.000,52.500,0,0
350.000,152.000,52.500,0,0
350.000,153.000,52.500,0,0
350.000,154.000,52.500,0,0
350.000,155.000,52.500,0,0
350.000,156.000,52.500,0,0
350.000,157.000,52.500,0,0
350.000,158.000,52.500,0,0
350.000,159.000,52.500,0,0
350.000,160.000,52.500,0,0
350.000,161.000,52.500,0,0
350.000,162.000,52.500,0,0
350.000,163.000,52.500,0,0
350.000,164.000,52.500,0,0
350.000,165.000,52.500,0,0
350.000,166.000,52.500,0,0
350.000,167.000,52.500,0,0
350.000,168.000,52.500,0,0
350.000,169.000,52.500,0,0
350.000,170.000,52.500,0,0
350.000,171.000,52.500,0,0
350.000,172.000,52.500,0,0
350.000,173.000,52.500,0,0
350.000,174.000,52.500,0,0
350.000,175.000,52.500,0,0
350.000,176.000,52.500,0,0
350.000,177.000,52.500,0,0
350.000,178.000,52.500,0,0
350.000,179.000,52.500,0,0
350.000,180.000,52.500,0,0
352.500,20.000,51.625,1,1
352.500,21.000,51.625,1,1
352.500,22.000,51.625,1,1
352.500,23.000,51.625,1,1
352.500,24.000,51.625,1,1
352.500,25.000,51.625,1,1
352.500,26.000,51.625,1,1
352.500,27.000,51.625,1,1
352.500,28.000,51.625,1,1
352.500,29.000,51.625,1,1
352.500,30.000,51.625,1,1
352.500,31.000,51.625,1,1
352.500,32.000,51.625,1,1
352.500,33.000,51.625,1,1
352.500,34.000,51.625,1,1
352.500,35.000,51.625,1,1
352.500,36.000,51.625,1,1
352.500,37.000,51.625,1,1
352.500,38.000,51.625,1,1
352.500,39.000,51.625,1,1
352.500,40.000,51.625,1,1
352.500,41.000,51.625,1,1
352.500,42.000,51.625,1,1
352.500,43.000,51.625,1,1
352.500,44.000,51.625,1,1
352.500,45.000,51.625,1,1
352.500,46.000,51.625,1,1
352.500,47.000,51.625,1,1
352.500,48.000,51.625,1,1
352.500,49.000,51.625,1,1
352.500,50.000,51.625,1,1
352.500,51.000,51.625,1,1
352.500,52.000,51.625,0,1
352.500,53.000,51.625,0,1
352.500,54.000,51.625,0,1
352.500,55.000,51.625,0,1
352.500,56.000,51.625,0,1
352.500,57.000,51.625,0,1
352.500,58.000,51.625,0,1
352.500,59.000,51.625,0,1
352.500,60.000,51.625,0,1
352.500,61.000,51.625,0,1
352.500,62.000,51.625,0,1
352.500,63.000,51.625,0,1
352.500,64.000,51.625,0,1
352.500,65.000,51.625,0,1
352.500,66.000,51.625,0,1
352.500,67.000,51.625,0,1
352.500,68.000,51.625,0,1
352.500,69.000,51.625,0,1
352.500,70.000,51.625,0,1
352.500,71.000,51.625,0,1
352.500,72.000,51.625,0,1
352.500,73.000,51.625,0,1
352.500,74.000,51.625,0,1
352.500,75.000,51.625,0,1
352.500,76.000,51.625,0,1
352.500,77.000,51.625,0,1
352.500,78.000,51.625,0,1
352.500,79.000,51.625,0,1
352.500,80.000,51.625,0,1
352.500,81.000,51.625,0,1
352.500,82.000,51.625,0,1
352.500,83.000,51.625,0,1
352.500,84.000,51.625,0,1
352.500,85.000,51.625,0,1
352.500,86.000,51.625,0,1
352.500,87.000,51.625,0,1
352.500,88.000,51.625,0,1
352.500,89.000,51.625,0,1
352.500,90.000,51.625,0,1
352.500,91.000,51.625,0,1
352.500,92.000,51.625,0,1
352.500,93.000,51.625,0,1
352.500,94.000,51.625,0,1
352.500,95.000,51.625,0,1
352.500,96.000,51.625,0,1
352.500,97.000,51.625,0,1
352.500,98.000,51.625,0,1
352.500,99.000,51.625,0,1
352.500,100.000,51.625,0,1
352.500,101.000,51.625,0,1
352.500,102.000,51.625,0,1
352.500,103.000,51.625,0,1
352.500,104.000,51.625,0,1
352.500,105.000,51.625,0,1
352.500,106.000,51.625,0,1
352.500,107.000,51.625,0,1
352.500,108.000,51.625,0,1
352.500,109.000,51.625,0,1
352.500,110.000,51.625,0,1
352.500,111.000,51.625,0,1
352.500,112.000,51.625,0,1
352.500,113.000,51.625,0,1
352.500,114.000,51.625,0,1
352.500,115.000,51.625,0,1
352.500,116.000,51.625,0,1
352.500,117.000,51.625,0,1
352.500,118.000,51.625,0,1
352.500,119.000,51.625,0,1
352.500,120.000,51.625,0,1
352.500,121.000,51.625,0,1
352.500,122.000,51.625,0,1
352.500,123.000,51.625,0,1
352.500,124.000,51.625,0,1
352.500,125.000,51.625,0,1
352.500,126.000,51.625,0,1
352.500,127.000,51.625,0,1
352.500,128.000,51.625,0,1
352.500,129.000,51.625,0,1
352.500,130.000,51.625,0,1
352.500,131.000,51.625,0,1
352.500,132.000,51.625,0,0
352.500,133.000,51.625,0,0
352.500,134.000,51.625,0,0
352.500,135.000,51.625,0,0
352.500,136.000,51.625,0,0
352.500,137.000,51.625,0,0
352.500,138.000,51.625,0,0
352.500,139.000,51.625,0,0
352.500,140.000,51.625,0,0
352.500,141.000,51.625,0,0
352.500,142.000,51.625,0,0
352.500,143.000,51.625,0,0
352.500,144.000,51.625,0,0
352.500,145.000,51.625,0,0
352.500,146.000,51.625,0,0
352.500,147.000,51.625,0,0
352.500,148.000,51.625,0,0
352.500,149.000,51.625,0,0
352.500,150.000,51.625,0,0
352.500,151.000,51.625,0,0
352.500,152.000,51.625,0,0
352.500,153.000,51.625,0,0
352.500,154.000,51.625,0,0
352.500,155.000,51.625,0,0
352.500,156.000,51.625,0,0
352.500,157.000,51.625,0,0
352.500,158.000,51.625,0,0
352.500,159.000,51.625,0,0
352.500,160.000,51.625,0,0
352.500,161.000,51.625,0,0
352.500,162.000,51.625,0,0
352.500,163.000,51.625,0,0
352.500,164.000,51.625,0,0
352.500,165.000,51.625,0,0
352.500,166.000,51.625,0,0
352.500,167.000,51.625,0,0
352.500,168.000,51.625,0,0
352.500,169.000,51.625,0,0
352.500,170.000,51.625,0,0
352.500,171.000,51.625,0,0
352.500,172.000,51.625,0,0
352.500,173.000,51.625,0,0
352.500,174.000,51.625,0,0
352.500,175.000,51.625,0,0
352.500,176.000,51.625,0,0
352.500,177.000,51.625,0,0
352.500,178.000,51.625,0,0
352.500,179.000,51.625,0,0
352.500,180.000,51.625,0,0
355.000,20.000,50.750,1,1
355.000,21.000,50.750,1,1
355.000,22.000,50.750,1,1
355.000,23.000,50.750,1,1
355.000,24.000,50.750,1,1
355.000,25.000,50.750,1,1
355.000,26.000,50.750,1,1
355.000,27.000,50.750,1,1
355.000,28.000,50.750,1,1
355.000,29.000,50.750,1,1
355.000,30.000,50.750,1,1
355.000,31.000,50.750,1,1
355.000,32.000,50.750,1,1
355.000,33.000,50.750,1,1
355.000,34.000,50.750,1,1
355.000,35.000,50.750,1,1
355.000,36.000,50.750,1,1
355.000,37.000,50.750,1,1
355.000,38.000,50.750,1,1
355.000,39.000,50.750,1,1
355.000,40.000,50.750,1,1
355.000,41.000,50.750,1,1
355.000,42.000,50.750,1,1
355.000,43.000,50.750,1,1
355.000,44.000,50.750,1,1
355.000,45.000,50.750,1,1
355.000,46.000,50.750,1,1
355.000,47.000,50.750,1,1
355.000,48.000,50.750,1,1
355.000,49.000,50.750,1,1
355.000,50.000,50.750,1,1
355.000,51.000,50.750,0,1
355.000,52.000,50.750,0,1
355.000,53.000,50.750,0,1
355.000,54.000,50.750,0,1
355.000,55.000,50.750,0,1
355.000,56.000,50.750,0,1
355.000,57.000,50.750,0,1
355.000,58.000,50.750,0,1
355.000,59.000,50.750,0,1
355.000,60.000,50.750,0,1
355.000,61.000,50.750,0,1
355.000,62.000,50.750,0,1
355.000,63.000,50.750,0,1
355.000,64.000,50.750,0,1
355.000,65.000,50.750,0,1
355.000,66.000,50.750,0,1
355.000,67.000,50.750,0,1
355.000,68.000,50.750,0,1
355.000,69.000,50.750,0,1
355.000,70.000,50.750,0,1
355.000,71.000,50.750,0,1
355.000,72.000,50.750,0,1
355.000,73.000,50.750,0,1
355.000,74.000,50.750,0,1
355.000,75.000,50.750,0,1
355.000,76.000,50.750,0,1
355.000,77.000,50.750,0,1
355.000,78.000,50.750,0,1
355.000,79.000,50.750,0,1
355.000,80.000,50.750,0,1
355.000,81.000,50.750,0,1
355.000,82.000,50.750,0,1
355.000,83.000,50.750,0,1
355.000,84.000,50.750,0,1
355.000,85.000,50.750,0,1
355.000,86.000,50.750,0,1
355.000,87.000,50.750,0,1
355.000,88.000,50.750,0,1
355.000,89.000,50.750,0,1
355.000,90.000,50.750,0,1
355.000,91.000,50.750,0,1
355.000,92.000,50.750,0,1
355.000,93.000,50.750,0,1
355.000,94.000,50.750,0,1
355.000,95.000,50.750,0,1
355.000,96.000,50.750,0,1
355.000,97.000,50.750,0,1
355.000,98.000,50.750,0,1
355.000,99.000,50.750,0,1
355.000,100.000,50.750,0,1
355.000,101.000,50.750,0,1
355.000,102.000,50.750,0,1
355.000,103.000,50.750,0,1
355.000,104.000,50.750,0,1
355.000,105.000,50.750,0,1
355.000,106.000,50.750,0,1
355.000,107.000,50.750,0,1
355.000,108.000,50.750,0,1
355.000,109.000,50.750,0,1
355.000,110.000,50.750,0,1
355.000,111.000,50.750,0,1
355.000,112.000,50.750,0,1
355.000,113.000,50.750,0,1
355.000,114.000,50.750,0,1
355.000,115.000,50.750,0,1
355.000,116.000,50.750,0,1
355.000,117.000,50.750,0,1
355.000,118.000,50.750,0,1
355.000,119.000,50.750,0,1
355.000,120.000,50.750,0,1
355.000,121.000,50.750,0,1
355.000,122.000,50.750,0,1
355.000,123.000,50.750,0,1
355.000,124.000,50.750,0,1
355.000,125.000,50.750,0,1
355.000,126.000,50.750,0,1
355.000,127.000,50.750,0,1
355.000,128.000,50.750,0,1
355.000,129.000,50.750,0,1
355.000,130.000,50.750,0,1
355.000,131.000,50.750,0,0
355.000,132.000,50.750,0,0
355.000,133.000,50.750,0,0
355.000,134.000,50.750,0,0
355.000,135.000,50.750,0,0
355.000,136.000,50.750,0,0
355.000,137.000,50.750,0,0
355.000,138.000,50.750,0,0
355.000,139.000,50.750,0,0
355.000,140.000,50.750,0,0
355.000,141.000,50.750,0,0
355.000,142.000,50.750,0,0
355.000,143.000,50.750,0,0
355.000,144.000,50.750,0,0
355.000,145.000,50.750,0,0
355.000,146.000,50.750,0,0
355.000,147.000,50.750,0,0
355.000,148.000,50.750,0,0
355.000,149.000,50.750,0,0
355.000,150.000,50.750,0,0
355.000,151.000,50.750,0,0
355.000,152.000,50.750,0,0
355.000,153.000,50.750,0,0
355.000,154.000,50.750,0,0
355.000,155.000,50.750,0,0
355.000,156.000,50.750,0,0
355.000,157.000,50.750,0,0
355.000,158.000,50.750,0,0
355.000,159.000,50.750,0,0
355.000,160.000,50.750,0,0
355.000,161.000,50.750,0,0
355.000,162.000,50.750,0,0
355.000,163.000,50.750,0,0
355.000,164.000,50.750,0,0
355.000,165.000,50.750,0,0
355.000,166.000,50.750,0,0
355.000,167.000,50.750,0,0
355.000,168.000,50.750,0,0
355.000,169.000,50.750,0,0
355.000,170.000,50.750,0,0
355.000,171.000,50.750,0,0
355.000,172.000,50.750,0,0
355.000,173.000,50.750,0,0
355.000,174.000,50.750,0,0
355.000,175.000,50.750,0,0
355.000,176.000,50.750,0,0
355.000,177.000,50.750,0,0
355.000,178.000,50.750,0,0
355.000,179.000,50.750,0,0
355.000,180.000,50.750,0,0
357.500,20.000,49.875,1,1
357.500,21.000,49.875,1,1
357.500,22.000,49.875,1,1
357.500,23.000,49.875,1,1
357.500,24.000,49.875,1,1
357.500,25.000,49.875,1,1
357.500,26.000,49.875,1,1
357.500,27.000,49.875,1,1
357.500,28.000,49.875,1,1
357.500,29.000,49.875,1,1
357.500,30.000,49.875,1,1
357.500,31.000,49.875,1,1
357.500,32.000,49.875,1,1
357.500,33.000,49.875,1,1
357.500,34.000,49.875,1,1
357.500,35.000,49.875,1,1
357.500,36.000,49.875,1,1
357.500,37.000,49.875,1,1
357.500,38.000,49.875,1,1
357.500,39.000,49.875,1,1
357.500,40.000,49.875,1,1
357.500,41.000,49.875,1,1
357.500,42.000,49.875,1,1
357.500,43.000,49.875,1,1
357.500,44.000,49.875,1,1
357.500,45.000,49.875,1,1
357.500,46.000,49.875,1,1
357.500,47.000,49.875,1,1
357.500,48.000,49.875,1,1
357.500,49.000,49.875,1,1
357.500,50.000,49.875,0,1
357.500,51.000,49.875,0,1
357.500,52.000,49.875,0,1
357.500,53.000,49.875,0,1
357.500,54.000,49.875,0,1
357.500,55.000,49.875,0,1
357.500,56.000,49.875,0,1
357.500,57.000,49.875,0,1
357.500,58.000,49.875,0,1
357.500,59.000,49.875,0,1
357.500,60.000,49.875,0,1
357.500,61.000,49.875,0,1
357.500,62.000,49.875,0,1
357.500,63.000,49.875,0,1
357.500,64.000,49.875,0,1
357.500,65.000,49.875,0,1
357.500,66.000,49.875,0,1
357.500,67.000,49.875,0,1
357.500,68.000,49.875,0,1
357.500,69.000,49.875,0,1
357.500,70.000,49.875,0,1
357.500,71.000,49.875,0,1
357.500,72.000,49.875,0,1
357.500,73.000,49.875,0,1
357.500,74.000,49.875,0,1
357.500,75.000,49.875,0,1
357.500,76.000,49.875,0,1
357.500,77.000,49.875,0,1
357.500,78.000,49.875,0,1
357.500,79.000,49.875,0,1
357.500,80.000,49.875,0,1
357.500,81.000,49.875,0,1
357.500,82.000,49.875,0,1
357.500,83.000,49.875,0,1
357.500,84.000,49.875,0,1
357.500,85.000,49.875,0,1
357.500,86.000,49.875,0,1
357.500,87.000,49.875,0,1
357.500,88.000,49.875,0,1
357.500,89.000,49.875,0,1
357.500,90.000,49.875,0,1
357.500,91.000,49.875,0,1
357.500,92.000,49.875,0,1
357.500,93.000,49.875,0,1
357.500,94.000,49.875,0,1
357.500,95.000,49.875,0,1
357.500,96.000,49.875,0,1
357.500,97.000,49.875,0,1
357.500,98.000,49.875,0,1
357.500,99.000,49.875,0,1
357.500,100.000,49.875,0,1
357.500,101.000,49.875,0,1
357.500,102.000,49.875,0,1
357.500,103.000,49.875,0,1
357.500,104.000,49.875,0,1
357.500,105.000,49.875,0,1
357.500,106.000,49.875,0,1
357.500,107.000,49.875,0,1
357.500,108.000,49.875,0,1
357.500,109.000,49.875,0,1
357.500,110.000,49.875,0,1
357.500,111.000,49.875,0,1
357.500,112.000,49.875,0,1
357.500,113.000,49.875,0,1
357.500,114.000,49.875,0,1
357.500,115.000,49.875,0,1
357.500,116.000,49.875,0,1
357.500,117.000,49.875,0,1
357.500,118.000,49.875,0,1
357.500,119.000,49.875,0,1
357.500,120.000,49.875,0,1
357.500,121.000,49.875,0,1
357.500,122.000,49.875,0,1
357.500,123.000,49.875,0,1
357.500,124.000,49.875,0,1
357.500,125.000,49.875,0,1
357.500,126.000,49.875,0,1
357.500,127.000,49.875,0,1
357.500,128.000,49.875,0,1
357.500,129.000,49.875,0,1
357.500,130.000,49.875,0,0
357.500,131.000,49.875,0,0
357.500,132.000,49.875,0,0
357.500,133.000,49.875,0,0
357.500,134.000,49.875,0,0
357.500,135.000,49.875,0,0
357.500,136.000,49.875,0,0
357.500,137.000,49.875,0,0
357.500,138.000,49.875,0,0
357.500,139.000,49.875,0,0
357.500,140.000,49.875,0,0
357.500,141.000,49.875,0,0
357.500,142.000,49.875,0,0
357.500,143.000,49.875,0,0
357.500,144.000,49.875,0,0
357.500,145.000,49.875,0,0
357.500,146.000,49.875,0,0
357.500,147.000,49.875,0,0
357.500,148.000,49.875,0,0
357.500,149.000,49.875,0,0
357.500,150.000,49.875,0,0
357.500,151.000,49.875,0,0
357.500,152.000,49.875,0,0
357.500,153.000,49.875,0,0
357.500,154.000,49.875,0,0
357.500,155.000,49.875,0,0
357.500,156.000,49.875,0,0
357.500,157.000,49.875,0,0
357.500,158.000,49.875,0,0
357.500,159.000,49.875,0,0
357.500,160.000,49.875,0,0
357.500,161.000,49.875,0,0
357.500,162.000,49.875,0,0
357.500,163.000,49.875,0,0
357.500,164.000,49.875,0,0
357.500,165.000,49.875,0,0
357.500,166.000,49.875,0,0
357.500,167.000,49.875,0,0
357.500,168.000,49.875,0,0
357.500,169.000,49.875,0,0
357.500,170.000,49.875,0,0
357.500,171.000,49.875,0,0
357.500,172.000,49.875,0,0
357.500,173.000,49.875,0,0
357.500,174.000,49.875,0,0
357.500,175.000,49.875,0,0
357.500,176.000,49.875,0,0
357.500,177.000,49.875,0,0
357.500,178.000,49.875,0,0
357.500,179.000,49.875,0,0
357.500,180.000,49.875,0,0
360.000,20.000,49.000,1,1
360.000,21.000,49.000,1,1
360.000,22.000,49.000,1,1
360.000,23.000,49.000,1,1
360.000,24.000,49.000,1,1
360.000,25.000,49.000,1,1
360.000,26.000,49.000,1,1
360.000,27.000,49.000,1,1
360.000,28.000,49.000,1,1
360.000,29.000,49.000,1,1
360.000,30.000,49.000,1,1
360.000,31.000,49.000,1,1
360.000,32.000,49.000,1,1
360.000,33.000,49.000,1,1
360.000,34.000,49.000,1,1
360.000,35.000,49.000,1,1
360.000,36.000,49.000,1,1
360.000,37.000,49.000,1,1
360.000,38.000,49.000,1,1
360.000,39.000,49.000,1,1
360.000,40.000,49.000,1,1
360.000,41.000,49.000,1,1
360.000,42.000,49.000,1,1
360.000,43.000,49.000,1,1
360.000,44.000,49.000,1,1
360.000,45.000,49.000,1,1
360.000,46.000,49.000,1,1
360.000,47.000,49.000,1,1
360.000,48.000,49.000,1,1
360.000,49.000,49.000,1,1
360.000,50.000,49.000,0,1
360.000,51.000,49.000,0,1
360.000,52.000,49.000,0,1
360.000,53.000,49.000,0,1
360.000,54.000,49.000,0,1
360.000,55.000,49.000,0,1
360.000,56.000,49.000,0,1
360.000,57.000,49.000,0,1
360.000,58.000,49.000,0,1
360.000,59.000,49.000,0,1
360.000,60.000,49.000,0,1
360.000,61.000,49.000,0,1
360.000,62.000,49.000,0,1
360.000,63.000,49.000,0,1
360.000,64.000,49.000,0,1
360.000,65.000,49.000,0,1
360.000,66.000,49.000,0,1
360.000,67.000,49.000,0,1
360.000,68.000,49.000,0,1
360.000,69.000,49.000,0,1
360.000,70.000,49.000,0,1
360.000,71.000,49.000,0,1
360.000,72.000,49.000,0,1
360.000,73.000,49.000,0,1
360.000,74.000,49.000,0,1
360.000,75.000,49.000,0,1
360.000,76.000,49.000,0,1
360.000,77.000,49.000,0,1
360.000,78.000,49.000,0,1
360.000,79.000,49.000,0,1
360.000,80.000,49.000,0,1
360.000,81.000,49.000,0,1
360.000,82.000,49.000,0,1
360.000,83.000,49.000,0,1
360.000,84.000,49.000,0,1
360.000,85.000,49.000,0,1
360.000,86.000,49.000,0,1
360.000,87.000,49.000,0,1
360.000,88.000,49.000,0,1
360.000,89.000,49.000,0,1
360.000,90.000,49.000,0,1
360.000,91.000,49.000,0,1
360.000,92.000,49.000,0,1
360.000,93.000,49.000,0,1
360.000,94.000,49.000,0,1
360.000,95.000,49.000,0,1
360.000,96.000,49.000,0,1
360.000,97.000,49.000,0,1
360.000,98.000,49.000,0,1
360.000,99.000,49.000,0,1
360.000,100.000,49.000,0,1
360.000,101.000,49.000,0,1
360.000,102.000,49.000,0,1
360.000,103.000,49.000,0,1
360.000,104.000,49.000,0,1
360.000,105.000,49.000,0,1
360.000,106.000,49.000,0,1
360.000,107.000,49.000,0,1
360.000,108.000,49.000,0,1
360.000,109.000,49.000,0,1
360.000,110.000,49.000,0,1
360.000,111.000,49.000,0,1
360.000,112.000,49.000,0,1
360.000,113.000,49.000,0,1
360.000,114.000,49.000,0,1
360.000,115.000,49.000,0,1
360.000,116.000,49.000,0,1
360.000,117.000,49.000,0,1
360.000,118.000,49.000,0,1
360.000,119.000,49.000,0,1
360.000,120.000,49.000,0,1
360.000,121.000,49.000,0,1
360.000,122.000,49.000,0,1
360.000,123.000,49.000,0,1
360.000,124.000,49.000,0,1
360.000,125.000,49.000,0,1
360.000,126.000,49.000,0,1
360.000,127.000,49.000,0,1
360.000,128.000,49.000,0,1
360.000,129.000,49.000,0,1
360.000,130.000,49.000,0,0
360.000,131.000,49.000,0,0
360.000,132.000,49.000,0,0
360.000,133.000,49.000,0,0
360.000,134.000,49.000,0,0
360.000,135.000,49.000,0,0
360.000,136.000,49.000,0,0
360.000,137.000,49.000,0,0
360.000,138.000,49.000,0,0
360.000,139.000,49.000,0,0
360.000,140.000,49.000,0,0
360.000,141.000,49.000,0,0
360.000,142.000,49.000,0,0
360.000,143.000,49.000,0,0
360.000,144.000,49.000,0,0
360.000,145.000,49.000,0,0
360.000,146.000,49.000,0,0
360.000,147.000,49.000,0,0
360.000,148.000,49.000,0,0
360.000,149.000,49.000,0,0
360.000,150.000,49.000,0,0
360.000,151.000,49.000,0,0
360.000,152.000,49.000,0,0
360.000,153.000,49.000,0,0
360.000,154.000,49.000,0,0
360.000,155.000,49.000,0,0
360.000,156.000,49.000,0,0
360.000,157.000,49.000,0,0
360.000,158.000,49.000,0,0
360.000,159.000,49.000,0,0
360.000,160.000,49.000,0,0
360.000,161.000,49.000,0,0
360.000,162.000,49.000,0,0
360.000,163.000,49.000,0,0
360.000,164.000,49.000,0,0
360.000,165.000,49.000,0,0
360.000,166.000,49.000,0,0
360.000,167.000,49.000,0,0
360.000,168.000,49.000,0,0
360.000,169.000,49.000,0,0
360.000,170.000,49.000,0,0
360.000,171.000,49.000,0,0
360.000,172.000,49.000,0,0
360.000,173.000,49.000,0,0
360.000,174.000,49.000,0,0
360.000,175.000,49.000,0,0
360.000,176.000,49.000,0,0
360.000,177.000,49.000,0,0
360.000,178.000,49.000,0,0
360.000,179.000,49.000,0,0
360.000,180.000,49.000,0,0
362.500,20.000,48.125,1,1
362.500,21.000,48.125,1,1
362.500,22.000,48.125,1,1
362.500,23.000,48.125,1,1
362.500,24.000,48.125,1,1
362.500,25.000,48.125,1,1
362.500,26.000,48.125,1,1
362.500,27.000,48.125,1,1
362.500,28.000,48.125,1,1
362.500,29.000,48.125,1,1
362.500,30.000,48.125,1,1
362.500,31.000,48.125,1,1
362.500,32.000,48.125,1,1
362.500,33.000,48.125,1,1
362.500,34.000,48.125,1,1
362.500,35.000,48.125,1,1
362.500,36.000,48.125,1,1
362.500,37.000,48.125,1,1
362.500,38.000,48.125,1,1
362.500,39.000,48.125,1,1
362.500,40.000,48.125,1,1
362.500,41.000,48.125,1,1
362.500,42.000,48.125,1,1
362.500,43.000,48.125,1,1
362.500,44.000,48.125,1,1
362.500,45.000,48.125,1,1
362.500,46.000,48.125,1,1
362.500,47.000,48.125,1,1
362.500,48.000,48.125,1,1
362.500,49.000,48.125,0,1
362.500,50.000,48.125,0,1
362.500,51.000,48.125,0,1
362.500,52.000,48.125,0,1
362.500,53.000,48.125,0,1
362.500,54.000,48.125,0,1
362.500,55.000,48.125,0,1
362.500,56.000,48.125,0,1
362.500,57.000,48.125,0,1
362.500,58.000,48.125,0,1
362.500,59.000,48.125,0,1
362.500,60.000,48.125,0,1
362.500,61.000,48.125,0,1
362.500,62.000,48.125,0,1
362.500,63.000,48.125,0,1
362.500,64.000,48.125,0,1
362.500,65.000,48.125,0,1
362.500,66.000,48.125,0,1
362.500,67.000,48.125,0,1
362.500,68.000,48.125,0,1
362.500,69.000,48.125,0,1
362.500,70.000,48.125,0,1
362.500,71.000,48.125,0,1
362.500,72.000,48.125,0,1
362.500,73.000,48.125,0,1
362.500,74.000,48.125,0,1
362.500,75.000,48.125,0,1
362.500,76.000,48.125,0,1
362.500,77.000,48.125,0,1
362.500,78.000,48.125,0,1
362.500,79.000,48.125,0,1
362.500,80.000,48.125,0,1
362.500,81.000,48.125,0,1
362.500,82.000,48.125,0,1
362.500,83.000,48.125,0,1
362.500,84.000,48.125,0,1
362.500,85.000,48.125,0,1
362.500,86.000,48.125,0,1
362.500,87.000,48.125,0,1
362.500,88.000,48.125,0,1
362.500,89.000,48.125,0,1
362.500,90.000,48.125,0,1
362.500,91.000,48.125,0,1
362.500,92.000,48.125,0,1
362.500,93.000,48.125,0,1
362.500,94.000,48.125,0,1
362.500,95.000,48.125,0,1
362.500,96.000,48.125,0,1
362.500,97.000,48.125,0,1
362.500,98.000,48.125,0,1
362.500,99.000,48.125,0,1
362.500,100.000,48.125,0,1
362.500,101.000,48.125,0,1
362.500,102.000,48.125,0,1
362.500,103.000,48.125,0,1
362.500,104.000,48.125,0,1
362.500,105.000,48.125,0,1
362.500,106.000,48.125,0,1
362.500,107.000,48.125,0,1
362.500,108.000,48.125,0,1
362.500,109.000,48.125,0,1
362.500,110.000,48.125,0,1
362.500,111.000,48.125,0,1
362.500,112.000,48.125,0,1
362.500,113.000,48.125,0,1
362.500,114.000,48.125,0,1
362.500,115.000,48.125,0,1
362.500,116.000,48.125,0,1
362.500,117.000,48.125,0,1
362.500,118.000,48.125,0,1
362.500,119.000,48.125,0,1
362.500,120.000,48.125,0,1
362.500,121.000,48.125,0,1
362.500,122.000,48.125,0,1
362.500,123.000,48.125,0,1
362.500,124.000,48.125,0,1
362.500,125.000,48.125,0,1
362.500,126.000,48.125,0,1
362.500,127.000,48.125,0,1
362.500,128.000,48.125,0,1
362.500,129.000,48.125,0,0
362.500,130.000,48.125,0,0
362.500,131.000,48.125,0,0
362.500,132.000,48.125,0,0
362.500,133.000,48.125,0,0
362.500,134.000,48.125,0,0
362.500,135.000,48.125,0,0
362.500,136.000,48.125,0,0
362.500,137.000,48.125,0,0
362.500,138.000,48.125,0,0
362.500,139.000,48.125,0,0
362.500,140.000,48.125,0,0
362.500,141.000,48.125,0,0
362.500,142.000,48.125,0,0
362.500,143.000,48.125,0,0
362.500,144.000,48.125,0,0
362.500,145.000,48.125,0,0
362.500,146.000,48.125,0,0
362.500,147.000,48.125,0,0
362.500,148.000,48.125,0,0
362.500,149.000,48.125,0,0
362.500,150.000,48.125,0,0
362.500,151.000,48.125,0,0
362.500,152.000,48.125,0,0
362.500,153.000,48.125,0,0
362.500,154.000,48.125,0,0
362.500,155.000,48.125,0,0
362.500,156.000,48.125,0,0
362.500,157.000,48.125,0,0
362.500,158.000,48.125,0,0
362.500,159.000,48.125,0,0
362.500,160.000,48.125,0,0
362.500,161.000,48.125,0,0
362.500,162.000,48.125,0,0
362.500,163.000,48.125,0,0
362.500,164.000,48.125,0,0
362.500,165.000,48.125,0,0
362.500,166.000,48.125,0,0
362.500,167.000,48.125,0,0
362.500,168.000,48.125,0,0
362.500,169.000,48.125,0,0
362.500,170.000,48.125,0,0
362.500,171.000,48.125,0,0
362.500,172.000,48.125,0,0
362.500,173.000,48.125,0,0
362.500,174.000,48.125,0,0
362.500,175.000,48.125,0,0
362.500,176.000,48.125,0,0
362.500,177.000,48.125,0,0
362.500,178.000,48.125,0,0
362.500,179.000,48.125,0,0
362.500,180.000,48.125,0,0
365.000,20.000,47.250,1,1
365.000,21.000,47.250,1,1
365.000,22.000,47.250,1,1
365.000,23.000,47.250,1,1
365.000,24.000,47.250,1,1
365.000,25.000,47.250,1,1
365.000,26.000,47.250,1,1
365.000,27.000,47.250,1,1
365.000,28.000,47.250,1,1
365.000,29.000,47.250,1,1
365.000,30.000,47.250,1,1
365.000,31.000,47.250,1,1
365.000,32.000,47.250,1,1
365.000,33.000,47.250,1,1
365.000,34.000,47.250,1,1
365.000,35.000,47.250,1,1
365.000,36.000,47.250,1,1
365.000,37.000,47.250,1,1
365.000,38.000,47.250,1,1
365.000,39.000,47.250,1,1
365.000,40.000,47.250,1,1
365.000,41.000,47.250,1,1
365.000,42.000,47.250,1,1
365.000,43.000,47.250,1,1
365.000,44.000,47.250,1,1
365.000,45.000,47.250,1,1
365.000,46.000,47.250,1,1
365.000,47.000,47.250,1,1
365.000,48.000,47.250,0,1
365.000,49.000,47.250,0,1
365.000,50.000,47.250,0,1
365.000,51.000,47.250,0,1
365.000,52.000,47.250,0,1
365.000,53.000,47.250,0,1
365.000,54.000,47.250,0,1
365.000,55.000,47.250,0,1
365.000,56.000,47.250,0,1
365.000,57.000,47.250,0,1
365.000,58.000,47.250,0,1
365.000,59.000,47.250,0,1
365.000,60.000,47.250,0,1
365.000,61.000,47.250,0,1
365.000,62.000,47.250,0,1
365.000,63.000,47.250,0,1
365.000,64.000,47.250,0,1
365.000,65.000,47.250,0,1
365.000,66.000,47.250,0,1
365.000,67.000,47.250,0,1
365.000,68.000,47.250,0,1
365.000,69.000,47.250,0,1
365.000,70.000,47.250,0,1
365.000,71.000,47.250,0,1
365.000,72.000,47.250,0,1
365.000,73.000,47.250,0,1
365.000,74.000,47.250,0,1
365.000,75.000,47.250,0,1
365.000,76.000,47.250,0,1
365.000,77.000,47.250,0,1
365.000,78.000,47.250,0,1
365.000,79.000,47.250,0,1
365.000,80.000,47.250,0,1
365.000,81.000,47.250,0,1
365.000,82.000,47.250,0,1
365.000,83.000,47.250,0,1
365.000,84.000,47.250,0,1
365.000,85.000,47.250,0,1
365.000,86.000,47.250,0,1
365.000,87.000,47.250,0,1
365.000,88.000,47.250,0,1
365.000,89.000,47.250,0,1
365.000,90.000,47.250,0,1
365.000,91.000,47.250,0,1
365.000,92.000,47.250,0,1
365.000,93.000,47.250,0,1
365.000,94.000,47.250,0,1
365.000,95.000,47.250,0,1
365.000,96.000,47.250,0,1
365.000,97.000,47.250,0,1
365.000,98.000,47.250,0,1
365.000,99.000,47.250,0,1
365.000,100.000,47.250,0,1
365.000,101.000,47.250,0,1
365.000,102.000,47.250,0,1
365.000,103.000,47.250,0,1
365.000,104.000,47.250,0,1
365.000,105.000,47.250,0,1
365.000,106.000,47.250,0,1
365.000,107.000,47.250,0,1
365.000,108.000,47.250,0,1
365.000,109.000,47.250,0,1
365.000,110.000,47.250,0,1
365.000,111.000,47.250,0,1
365.000,112.000,47.250,0,1
365.000,113.000,47.250,0,1
365.000,114.000,47.250,0,1
365.000,115.000,47.250,0,1
365.000,116.000,47.250,0,1
365.000,117.000,47.250,0,1
365.000,118.000,47.250,0,1
365.000,119.000,47.250,0,1
365.000,120.000,47.250,0,1
365.000,121.000,47.250,0,1
365.000,122.000,47.250,0,1
365.000,123.000,47.250,0,1
365.000,124.000,47.250,0,1
365.000,125.000,47.250,0,1
365.000,126.000,47.250,0,1
365.000,127.000,47.250,0,1
365.000,128.000,47.250,0,0
365.000,129.000,47.250,0,0
365.000,130.000,47.250,0,0
365.000,131.000,47.250,0,0
365.000,132.000,47.250,0,0
365.000,133.000,47.250,0,0
365.000,134.000,47.250,0,0
365.000,135.000,47.250,0,0
365.000,136.000,47.250,0,0
365.000,137.000,47.250,0,0
365.000,138.000,47.250,0,0
365.000,139.000,47.250,0,0
365.000,140.000,47.250,0,0
365.000,141.000,47.250,0,0
365.000,142.000,47.250,0,0
365.000,143.000,47.250,0,0
365.000,144.000,47.250,0,0
365.000,145.000,47.250,0,0
365.000,146.000,47.250,0,0
365.000,147.000,47.250,0,0
365.000,148.000,47.250,0,0
365.000,149.000,47.250,0,0
365.000,150.000,47.250,0,0
365.000,151.000,47.250,0,0
365.000,152.000,47.250,0,0
365.000,153.000,47.250,0,0
365.000,154.000,47.250,0,0
365.000,155.000,47.250,0,0
365.000,156.000,47.250,0,0
365.000,157.000,47.250,0,0
365.000,158.000,47.250,0,0
365.000,159.000,47.250,0,0
365.000,160.000,47.250,0,0
365.000,161.000,47.250,0,0
365.000,162.000,47.250,0,0
365.000,163.000,47.250,0,0
365.000,164.000,47.250,0,0
365.000,165.000,47.250,0,0
365.000,166.000,47.250,0,0
365.000,167.000,47.250,0,0
365.000,168.000,47.250,0,0
365.000,169.000,47.250,0,0
365.000,170.000,47.250,0,0
365.000,171.000,47.250,0,0
365.000,172.000,47.250,0,0
365.000,173.000,47.250,0,0
365.000,174.000,47.250,0,0
365.000,175.000,47.250,0,0
365.000,176.000,47.250,0,0
365.000,177.000,47.250,0,0
365.000,178.000,47.250,0,0
365.000,179.000,47.250,0,0
365.000,180.000,47.250,0,0
367.500,20.000,46.375,1,1
367.500,21.000,46.375,1,1
367.500,22.000,46.375,1,1
367.500,23.000,46.375,1,1
367.500,24.000,46.375,1,1
367.500,25.000,46.375,1,1
367.500,26.000,46.375,1,1
367.500,27.000,46.375,1,1
367.500,28.000,46.375,1,1
367.500,29.000,46.375,1,1
367.500,30.000,46.375,1,1
367.500,31.000,46.375,1,1
367.500,32.000,46.375,1,1
367.500,33.000,46.375,1,1
367.500,34.000,46.375,1,1
367.500,35.000,46.375,1,1
367.500,36.000,46.375,1,1
367.500,37.000,46.375,1,1
367.500,38.000,46.375,1,1
367.500,39.000,46.375,1,1
367.500,40.000,46.375,1,1
367.500,41.000,46.375,1,1
367.500,42.000,46.375,1,1
367.500,43.000,46.375,1,1
367.500,44.000,46.375,1,1
367.500,45.000,46.375,1,1
367.500,46.000,46.375,1,1
367.500,47.000,46.375,0,1
367.500,48.000,46.375,0,1
367.500,49.000,46.375,0,1
367.500,50.000,46.375,0,1
367.500,51.000,46.375,0,1
367.500,52.000,46.375,0,1
367.500,53.000,46.375,0,1
367.500,54.000,46.375,0,1
367.500,55.000,46.375,0,1
367.500,56.000,46.375,0,1
367.500,57.000,46.375,0,1
367.500,58.000,46.375,0,1
367.500,59.000,46.375,0,1
367.500,60.000,46.375,0,1
367.500,61.000,46.375,0,1
367.500,62.000,46.375,0,1
367.500,63.000,46.375,0,1
367.500,64.000,46.375,0,1
367.500,65.000,46.375,0,1
367.500,66.000,46.375,0,1
367.500,67.000,46.375,0,1
367.500,68.000,46.375,0,1
367.500,69.000,46.375,0,1
367.500,70.000,46.375,0,1
367.500,71.000,46.375,0,1
367.500,72.000,46.375,0,1
367.500,73.000,46.375,0,1
367.500,74.000,46.375,0,1
367.500,75.000,46.375,0,1
367.500,76.000,46.375,0,1
367.500,77.000,46.375,0,1
367.500,78.000,46.375,0,1
367.500,79.000,46.375,0,1
367.500,80.000,46.375,0,1
367.500,81.000,46.375,0,1
367.500,82.000,46.375,0,1
367.500,83.000,46.375,0,1
367.500,84.000,46.375,0,1
367.500,85.000,46.375,0,1
367.500,86.000,46.375,0,1
367.500,87.000,46.375,0,1
367.500,88.000,46.375,0,1
367.500,89.000,46.375,0,1
367.500,90.000,46.375,0,1
367.500,91.000,46.375,0,1
367.500,92.000,46.375,0,1
367.500,93.000,46.375,0,1
367.500,94.000,46.375,0,1
367.500,95.000,46.375,0,1
367.500,96.000,46.375,0,1
367.500,97.000,46.375,0,1
367.500,98.000,46.375,0,1
367.500,99.000,46.375,0,1
367.500,100.000,46.375,0,1
367.500,101.000,46.375,0,1
367.500,102.000,46.375,0,1
367.500,103.000,46.375,0,1
367.500,104.000,46.375,0,1
367.500,105.000,46.375,0,1
367.500,106.000,46.375,0,1
367.500,107.000,46.375,0,1
367.500,108.000,46.375,0,1
367.500,109.000,46.375,0,1
367.500,110.000,46.375,0,1
367.500,111.000,46.375,0,1
367.500,112.000,46.375,0,1
367.500,113.000,46.375,0,1
367.500,114.000,46.375,0,1
367.500,115.000,46.375,0,1
367.500,116.000,46.375,0,1
367.500,117.000,46.375,0,1
367.500,118.000,46.375,0,1
367.500,119.000,46.375,0,1
367.500,120.000,46.375,0,1
367.500,121.000,46.375,0,1
367.500,122.000,46.375,0,1
367.500,123.000,46.375,0,1
367.500,124.000,46.375,0,1
367.500,125.000,46.375,0,1
367.500,126.000,46.375,0,1
367.500,127.000,46.375,0,0
367.500,128.000,46.375,0,0
367.500,129.000,46.375,0,0
367.500,130.000,46.375,0,0
367.500,131.000,46.375,0,0
367.500,132.000,46.375,0,0
367.500,133.000,46.375,0,0
367.500,134.000,46.375,0,0
367.500,135.000,46.375,0,0
367.500,136.000,46.375,0,0
367.500,137.000,46.375,0,0
367.500,138.000,46.375,0,0
367.500,139.000,46.375,0,0
367.500,140.000,46.375,0,0
367.500,141.000,46.375,0,0
367.500,142.000,46.375,0,0
367.500,143.000,46.375,0,0
367.500,144.000,46.375,0,0
367.500,145.000,46.375,0,0
367.500,146.000,46.375,0,0
367.500,147.000,46.375,0,0
367.500,148.000,46.375,0,0
367.500,149.000,46.375,0,0
367.500,150.000,46.375,0,0
367.500,151.000,46.375,0,0
367.500,152.000,46.375,0,0
367.500,153.000,46.375,0,0
367.500,154.000,46.375,0,0
367.500,155.000,46.375,0,0
367.500,156.000,46.375,0,0
367.500,157.000,46.375,0,0
367.500,158.000,46.375,0,0
367.500,159.000,46.375,0,0
367.500,160.000,46.375,0,0
367.500,161.000,46.375,0,0
367.500,162.000,46.375,0,0
367.500,163.000,46.375,0,0
367.500,164.000,46.375,0,0
367.500,165.000,46.375,0,0
367.500,166.000,46.375,0,0
367.500,167.000,46.375,0,0
367.500,168.000,46.375,0,0
367.500,169.000,46.375,0,0
367.500,170.000,46.375,0,0
367.500,171.000,46.375,0,0
367.500,172.000,46.375,0,0
367.500,173.000,46.375,0,0
367.500,174.000,46.375,0,0
367.500,175.000,46.375,0,0
367.500,176.000,46.375,0,0
367.500,177.000,46.375,0,0
367.500,178.000,46.375,0,0
367.500,179.000,46.375,0,0
367.500,180.000,46.375,0,0
370.000,20.000,45.500,1,1
370.000,21.000,45.500,1,1
370.000,22.000,45.500,1,1
370.000,23.000,45.500,1,1
370.000,24.000,45.500,1,1
370.000,25.000,45.500,1,1
370.000,26.000,45.500,1,1
370.000,27.000,45.500,1,1
370.000,28.000,45.500,1,1
370.000,29.000,45.500,1,1
370.000,30.000,45.500,1,1
370.000,31.000,45.500,1,1
370.000,32.000,45.500,1,1
370.000,33.000,45.500,1,1
370.000,34.000,45.500,1,1
370.000,35.000,45.500,1,1
370.000,36.000,45.500,1,1
370.000,37.000,45.500,1,1
370.000,38.000,45.500,1,1
370.000,39.000,45.500,1,1
370.000,40.000,45.500,1,1
370.000,41.000,45.500,1,1
370.000,42.000,45.500,1,1
370.000,43.000,45.500,1,1
370.000,44.000,45.500,1,1
370.000,45.000,45.500,1,1
370.000,46.000,45.500,0,1
370.000,47.000,45.500,0,1
370.000,48.000,45.500,0,1
370.000,49.000,45.500,0,1
370.000,50.000,45.500,0,1
370.000,51.000,45.500,0,1
370.000,52.000,45.500,0,1
370.000,53.000,45.500,0,1
370.000,54.000,45.500,0,1
370.000,55.000,45.500,0,1
370.000,56.000,45.500,0,1
370.000,57.000,45.500,0,1
370.000,58.000,45.500,0,1
370.000,59.000,45.500,0,1
370.000,60.000,45.500,0,1
370.000,61.000,45.500,0,1
370.000,62.000,45.500,0,1
370.000,63.000,45.500,0,1
370.000,64.000,45.500,0,1
370.000,65.000,45.500,0,1
370.000,66.000,45.500,0,1
370.000,67.000,45.500,0,1
370.000,68.000,45.500,0,1
370.000,69.000,45.500,0,1
370.000,70.000,45.500,0,1
370.000,71.000,45.500,0,1
370.000,72.000,45.500,0,1
370.000,73.000,45.500,0,1
370.000,74.000,45.500,0,1
370.000,75.000,45.500,0,1
370.000,76.000,45.500,0,1
370.000,77.000,45.500,0,1
370.000,78.000,45.500,0,1
370.000,79.000,45.500,0,1
370.000,80.000,45.500,0,1
370.000,81.000,45.500,0,1
370.000,82.000,45.500,0,1
370.000,83.000,45.500,0,1
370.000,84.000,45.500,0,1
370.000,85.000,45.500,0,1
370.000,86.000,45.500,0,1
370.000,87.000,45.500,0,1
370.000,88.000,45.500,0,1
370.000,89.000,45.500,0,1
370.000,90.000,45.500,0,1
370.000,91.000,45.500,0,1
370.000,92.000,45.500,0,1
370.000,93.000,45.500,0,1
370.000,94.000,45.500,0,1
370.000,95.000,45.500,0,1
370.000,96.000,45.500,0,1
370.000,97.000,45.500,0,1
370.000,98.000,45.500,0,1
370.000,99.000,45.500,0,1
370.000,100.000,45.500,0,1
370.000,101.000,45.500,0,1
370.000,102.000,45.500,0,1
370.000,103.000,45.500,0,1
370.000,104.000,45.500,0,1
370.000,105.000,45.500,0,1
370.000,106.000,45.500,0,1
370.000,107.000,45.500,0,1
370.000,108.000,45.500,0,1
370.000,109.000,45.500,0,1
370.000,110.000,45.500,0,1
370.000,111.000,45.500,0,1
370.000,112.000,45.500,0,1
370.000,113.000,45.500,0,1
370.000,114.000,45.500,0,1
370.000,115.000,45.500,0,1
370.000,116.000,45.500,0,1
370.000,117.000,45.500,0,1
370.000,118.000,45.500,0,1
370.000,119.000,45.500,0,1
370.000,120.000,45.500,0,1
370.000,121.000,45.500,0,1
370.000,122.000,45.500,0,1
370.000,123.000,45.500,0,1
370.000,124.000,45.500,0,1
370.000,125.000,45.500,0,1
370.000,126.000,45.500,0,0
370.000,127.000,45.500,0,0
370.000,128.000,45.500,0,0
370.000,129.000,45.500,0,0
370.000,130.000,45.500,0,0
370.000,131.000,45.500,0,0
370.000,132.000,45.500,0,0
370.000,133.000,45.500,0,0
370.000,134.000,45.500,0,0
370.000,135.000,45.500,0,0
370.000,136.000,45.500,0,0
370.000,137.000,45.500,0,0
370.000,138.000,45.500,0,0
370.000,139.000,45.500,0,0
370.000,140.000,45.500,0,0
370.000,141.000,45.500,0,0
370.000,142.000,45.500,0,0
370.000,143.000,45.500,0,0
370.000,144.000,45.500,0,0
370.000,145.000,45.500,0,0
370.000,146.000,45.500,0,0
370.000,147.000,45.500,0,0
370.000,148.000,45.500,0,0
370.000,149.000,45.500,0,0
370.000,150.000,45.500,0,0
370.000,151.000,45.500,0,0
370.000,152.000,45.500,0,0
370.000,153.000,45.500,0,0
370.000,154.000,45.500,0,0
370.000,155.000,45.500,0,0
370.000,156.000,45.500,0,0
370.000,157.000,45.500,0,0
370.000,158.000,45.500,0,0
370.000,159.000,45.500,0,0
370.000,160.000,45.500,0,0
370.000,161.000,45.500,0,0
370.000,162.000,45.500,0,0
370.000,163.000,45.500,0,0
370.000,164.000,45.500,0,0
370.000,165.000,45.500,0,0
370.000,166.000,45.500,0,0
370.000,167.000,45.500,0,0
370.000,168.000,45.500,0,0
370.000,169.000,45.500,0,0
370.000,170.000,45.500,0,0
370.000,171.000,45.500,0,0
370.000,172.000,45.500,0,0
370.000,173.000,45.500,0,0
370.000,174.000,45.500,0,0
370.000,175.000,45.500,0,0
370.000,176.000,45.500,0,0
370.000,177.000,45.500,0,0
370.000,178.000,45.500,0,0
370.000,179.000,45.500,0,0
370.000,180.000,45.500,0,0
372.500,20.000,44.625,1,1
372.500,21.000,44.625,1,1
372.500,22.000,44.625,1,1
372.500,23.000,44.625,1,1
372.500,24.000,44.625,1,1
372.500,25.000,44.625,1,1
372.500,26.000,44.625,1,1
372.500,27.000,44.625,1,1
372.500,28.000,44.625,1,1
372.500,29.000,44.625,1,1
372.500,30.000,44.625,1,1
372.500,31.000,44.625,1,1
372.500,32.000,44.625,1,1
372.500,33.000,44.625,1,1
372.500,34.000,44.625,1,1
372.500,35.000,44.625,1,1
372.500,36.000,44.625,1,1
372.500,37.000,44.625,1,1
372.500,38.000,44.625,1,1
372.500,39.000,44.625,1,1
372.500,40.000,44.625,1,1
372.500,41.000,44.625,1,1
372.500,42.000,44.625,1,1
372.500,43.000,44.625,1,1
372.500,44.000,44.625,1,1
372.500,45.000,44.625,0,1
372.500,46.000,44.625,0,1
372.500,47.000,44.625,0,1
372.500,48.000,44.625,0,1
372.500,49.000,44.625,0,1
372.500,50.000,44.625,0,1
372.500,51.000,44.625,0,1
372.500,52.000,44.625,0,1
372.500,53.000,44.625,0,1
372.500,54.000,44.625,0,1
372.500,55.000,44.625,0,1
372.500,56.000,44.625,0,1
372.500,57.000,44.625,0,1
372.500,58.000,44.625,0,1
372.500,59.000,44.625,0,1
372.500,60.000,44.625,0,1
372.500,61.000,44.625,0,1
372.500,62.000,44.625,0,1
372.500,63.000,44.625,0,1
372.500,64.000,44.625,0,1
372.500,65.000,44.625,0,1
372.500,66.000,44.625,0,1
372.500,67.000,44.625,0,1
372.500,68.000,44.625,0,1
372.500,69.000,44.625,0,1
372.500,70.000,44.625,0,1
372.500,71.000,44.625,0,1
372.500,72.000,44.625,0,1
372.500,73.000,44.625,0,1
372.500,74.000,44.625,0,1
372.500,75.000,44.625,0,1
372.500,76.000,44.625,0,1
372.500,77.000,44.625,0,1
372.500,78.000,44.625,0,1
372.500,79.000,44.625,0,1
372.500,80.000,44.625,0,1
372.500,81.000,44.625,0,1
372.500,82.000,44.625,0,1
372.500,83.000,44.625,0,1
372.500,84.000,44.625,0,1
372.500,85.000,44.625,0,1
372.500,86.000,44.625,0,1
372.500,87.000,44.625,0,1
372.500,88.000,44.625,0,1
372.500,89.000,44.625,0,1
372.500,90.000,44.625,0,1
372.500,91.000,44.625,0,1
372.500,92.000,44.625,0,1
372.500,93.000,44.625,0,1
372.500,94.000,44.625,0,1
372.500,95.000,44.625,0,1
372.500,96.000,44.625,0,1
372.500,97.000,44.625,0,1
372.500,98.000,44.625,0,1
372.500,99.000,44.625,0,1
372.500,100.000,44.625,0,1
372.500,101.000,44.625,0,1
372.500,102.000,44.625,0,1
372.500,103.000,44.625,0,1
372.500,104.000,44.625,0,1
372.500,105.000,44.625,0,1
372.500,106.000,44.625,0,1
372.500,107.000,44.625,0,1
372.500,108.000,44.625,0,1
372.500,109.000,44.625,0,1
372.500,110.000,44.625,0,1
372.500,111.000,44.625,0,1
372.500,112.000,44.625,0,1
372.500,113.000,44.625,0,1
372.500,114.000,44.625,0,1
372.500,115.000,44.625,0,1
372.500,116.000,44.625,0,1
372.500,117.000,44.625,0,1
372.500,118.000,44.625,0,1
372.500,119.000,44.625,0,1
372.500,120.000,44.625,0,1
372.500,121.000,44.625,0,1
372.500,122.000,44.625,0,1
372.500,123.000,44.625,0,1
372.500,124.000,44.625,0,1
372.500,125.000,44.625,0,0
372.500,126.000,44.625,0,0
372.500,127.000,44.625,0,0
372.500,128.000,44.625,0,0
372.500,129.000,44.625,0,0
372.500,130.000,44.625,0,0
372.500,131.000,44.625,0,0
372.500,132.000,44.625,0,0
372.500,133.000,44.625,0,0
372.500,134.000,44.625,0,0
372.500,135.000,44.625,0,0
372.500,136.000,44.625,0,0
372.500,137.000,44.625,0,0
372.500,138.000,44.625,0,0
372.500,139.000,44.625,0,0
372.500,140.000,44.625,0,0
372.500,141.000,44.625,0,0
372.500,142.000,44.625,0,0
372.500,143.000,44.625,0,0
372.500,144.000,44.625,0,0
372.500,145.000,44.625,0,0
372.500,146.000,44.625,0,0
372.500,147.000,44.625,0,0
372.500,148.000,44.625,0,0
372.500,149.000,44.625,0,0
372.500,150.000,44.625,0,0
372.500,151.000,44.625,0,0
372.500,152.000,44.625,0,0
372.500,153.000,44.625,0,0
372.500,154.000,44.625,0,0
372.500,155.000,44.625,0,0
372.500,156.000,44.625,0,0
372.500,157.000,44.625,0,0
372.500,158.000,44.625,0,0
372.500,159.000,44.625,0,0
372.500,160.000,44.625,0,0
372.500,161.000,44.625,0,0
372.500,162.000,44.625,0,0
372.500,163.000,44.625,0,0
372.500,164.000,44.625,0,0
372.500,165.000,44.625,0,0
372.500,166.000,44.625,0,0
372.500,167.000,44.625,0,0
372.500,168.000,44.625,0,0
372.500,169.000,44.625,0,0
372.500,170.000,44.625,0,0
372.500,171.000,44.625,0,0
372.500,172.000,44.625,0,0
372.500,173.000,44.625,0,0
372.500,174.000,44.625,0,0
372.500,175.000,44.625,0,0
372.500,176.000,44.625,0,0
372.500,177.000,44.625,0,0
372.500,178.000,44.625,0,0
372.500,179.000,44.625,0,0
372.500,180.000,44.625,0,0
375.000,20.000,43.750,1,1
375.000,21.000,43.750,1,1
375.000,22.000,43.750,1,1
375.000,23.000,43.750,1,1
375.000,24.000,43.750,1,1
375.000,25.000,43.750,1,1
375.000,26.000,43.750,1,1
375.000,27.000,43.750,1,1
375.000,28.000,43.750,1,1
375.000,29.000,43.750,1,1
375.000,30.000,43.750,1,1
375.000,31.000,43.750,1,1
375.000,32.000,43.750,1,1
375.000,33.000,43.750,1,1
375.000,34.000,43.750,1,1
375.000,35.000,43.750,1,1
375.000,36.000,43.750,1,1
375.000,37.000,43.750,1,1
375.000,38.000,43.750,1,1
375.000,39.000,43.750,1,1
375.000,40.000,43.750,1,1
375.000,41.000,43.750,1,1
375.000,42.000,43.750,1,1
375.000,43.000,43.750,1,1
375.000,44.000,43.750,0,1
375.000,45.000,43.750,0,1
375.000,46.000,43.750,0,1
375.000,47.000,43.750,0,1
375.000,48.000,43.750,0,1
375.000,49.000,43.750,0,1
375.000,50.000,43.750,0,1
375.000,51.000,43.750,0,1
375.000,52.000,43.750,0,1
375.000,53.000,43.750,0,1
375.000,54.000,43.750,0,1
375.000,55.000,43.750,0,1
375.000,56.000,43.750,0,1
375.000,57.000,43.750,0,1
375.000,58.000,43.750,0,1
375.000,59.000,43.750,0,1
375.000,60.000,43.750,0,1
375.000,61.000,43.750,0,1
375.000,62.000,43.750,0,1
375.000,63.000,43.750,0,1
375.000,64.000,43.750,0,1
375.000,65.000,43.750,0,1
375.000,66.000,43.750,0,1
375.000,67.000,43.750,0,1
375.000,68.000,43.750,0,1
375.000,69.000,43.750,0,1
375.000,70.000,43.750,0,1
375.000,71.000,43.750,0,1
375.000,72.000,43.750,0,1
375.000,73.000,43.750,0,1
375.000,74.000,43.750,0,1
375.000,75.000,43.750,0,1
375.000,76.000,43.750,0,1
375.000,77.000,43.750,0,1
375.000,78.000,43.750,0,1
375.000,79.000,43.750,0,1
375.000,80.000,43.750,0,1
375.000,81.000,43.750,0,1
375.000,82.000,43.750,0,1
375.000,83.000,43.750,0,1
375.000,84.000,43.750,0,1
375.000,85.000,43.750,0,1
375.000,86.000,43.750,0,1
375.000,87.000,43.750,0,1
375.000,88.000,43.750,0,1
375.000,89.000,43.750,0,1
375.000,90.000,43.750,0,1
375.000,91.000,43.750,0,1
375.000,92.000,43.750,0,1
375.000,93.000,43.750,0,1
375.000,94.000,43.750,0,1
375.000,95.000,43.750,0,1
375.000,96.000,43.750,0,1
375.000,97.000,43.750,0,1
375.000,98.000,43.750,0,1
375.000,99.000,43.750,0,1
375.000,100.000,43.750,0,1
375.000,101.000,43.750,0,1
375.000,102.000,43.750,0,1
375.000,103.000,43.750,0,1
375.000,104.000,43.750,0,1
375.000,105.000,43.750,0,1
375.000,106.000,43.750,0,1
375.000,107.000,43.750,0,1
375.000,108.000,43.750,0,1
375.000,109.000,43.750,0,1
375.000,110.000,43.750,0,1
375.000,111.000,43.750,0,1
375.000,112.000,43.750,0,1
375.000,113.000,43.750,0,1
375.000,114.000,43.750,0,1
375.000,115.000,43.750,0,1
375.000,116.000,43.750,0,1
375.000,117.000,43.750,0,1
375.000,118.000,43.750,0,1
375.000,119.000,43.750,0,1
375.000,120.000,43.750,0,1
375.000,121.000,43.750,0,1
375.000,122.000,43.750,0,1
375.000,123.000,43.750,0,1
375.000,124.000,43.750,0,0
375.000,125.000,43.750,0,0
375.000,126.000,43.750,0,0
375.000,127.000,43.750,0,0
375.000,128.000,43.750,0,0
375.000,129.000,43.750,0,0
375.000,130.000,43.750,0,0
375.000,131.000,43.750,0,0
375.000,132.000,43.750,0,0
375.000,133.000,43.750,0,0
375.000,134.000,43.750,0,0
375.000,135.000,43.750,0,0
375.000,136.000,43.750,0,0
375.000,137.000,43.750,0,0
375.000,138.000,43.750,0,0
375.000,139.000,43.750,0,0
375.000,140.000,43.750,0,0
375.000,141.000,43.750,0,0
375.000,142.000,43.750,0,0
375.000,143.000,43.750,0,0
375.000,144.000,43.750,0,0
375.000,145.000,43.750,0,0
375.000,146.000,43.750,0,0
375.000,147.000,43.750,0,0
375.000,148.000,43.750,0,0
375.000,149.000,43.750,0,0
375.000,150.000,43.750,0,0
375.000,151.000,43.750,0,0
375.000,152.000,43.750,0,0
375.000,153.000,43.750,0,0
375.000,154.000,43.750,0,0
375.000,155.000,43.750,0,0
375.000,156.000,43.750,0,0
375.000,157.000,43.750,0,0
375.000,158.000,43.750,0,0
375.000,159.000,43.750,0,0
375.000,160.000,43.750,0,0
375.000,161.000,43.750,0,0
375.000,162.000,43.750,0,0
375.000,163.000,43.750,0,0
375.000,164.000,43.750,0,0
375.000,165.000,43.750,0,0
375.000,166.000,43.750,0,0
375.000,167.000,43.750,0,0
375.000,168.000,43.750,0,0
375.000,169.000,43.750,0,0
375.000,170.000,43.750,0,0
375.000,171.000,43.750,0,0
375.000,172.000,43.750,0,0
375.000,173.000,43.750,0,0
375.000,174.000,43.750,0,0
375.000,175.000,43.750,0,0
375.000,176.000,43.750,0,0
375.000,177.000,43.750,0,0
375.000,178.000,43.750,0,0
375.000,179.000,43.750,0,0
375.000,180.000,43.750,0,0
377.500,20.000,42.875,1,1
377.500,21.000,42.875,1,1
377.500,22.000,42.875,1,1
377.500,23.000,42.875,1,1
377.500,24.000,42.875,1,1
377.500,25.000,42.875,1,1
377.500,26.000,42.875,1,1
377.500,27.000,42.875,1,1
377.500,28.000,42.875,1,1
377.500,29.000,42.875,1,1
377.500,30.000,42.875,1,1
377.500,31.000,42.875,1,1
377.500,32.000,42.875,1,1
377.500,33.000,42.875,1,1
377.500,34.000,42.875,1,1
377.500,35.000,42.875,1,1
377.500,36.000,42.875,1,1
377.500,37.000,42.875,1,1
377.500,38.000,42.875,1,1
377.500,39.000,42.875,1,1
377.500,40.000,42.875,1,1
377.500,41.000,42.875,1,1
377.500,42.000,42.875,1,1
377.500,43.000,42.875,0,1
377.500,44.000,42.875,0,1
377.500,45.000,42.875,0,1
377.500,46.000,42.875,0,1
377.500,47.000,42.875,0,1
377.500,48.000,42.875,0,1
377.500,49.000,42.875,0,1
377.500,50.000,42.875,0,1
377.500,51.000,42.875,0,1
377.500,52.000,42.875,0,1
377.500,53.000,42.875,0,1
377.500,54.000,42.875,0,1
377.500,55.000,42.875,0,1
377.500,56.000,42.875,0,1
377.500,57.000,42.875,0,1
377.500,58.000,42.875,0,1
377.500,59.000,42.875,0,1
377.500,60.000,42.875,0,1
377.500,61.000,42.875,0,1
377.500,62.000,42.875,0,1
377.500,63.000,42.875,0,1
377.500,64.000,42.875,0,1
377.500,65.000,42.875,0,1
377.500,66.000,42.875,0,1
377.500,67.000,42.875,0,1
377.500,68.000,42.875,0,1
377.500,69.000,42.875,0,1
377.500,70.000,42.875,0,1
377.500,71.000,42.875,0,1
377.500,72.000,42.875,0,1
377.500,73.000,42.875,0,1
377.500,74.000,42.875,0,1
377.500,75.000,42.875,0,1
377.500,76.000,42.875,0,1
377.500,77.000,42.875,0,1
377.500,78.000,42.875,0,1
377.500,79.000,42.875,0,1
377.500,80.000,42.875,0,1
377.500,81.000,42.875,0,1
377.500,82.000,42.875,0,1
377.500,83.000,42.875,0,1
377.500,84.000,42.875,0,1
377.500,85.000,42.875,0,1
377.500,86.000,42.875,0,1
377.500,87.000,42.875,0,1
377.500,88.000,42.875,0,1
377.500,89.000,42.875,0,1
377.500,90.000,42.875,0,1
377.500,91.000,42.875,0,1
377.500,92.000,42.875,0,1
377.500,93.000,42.875,0,1
377.500,94.000,42.875,0,1
377.500,95.000,42.875,0,1
377.500,96.000,42.875,0,1
377.500,97.000,42.875,0,1
377.500,98.000,42.875,0,1
377.500,99.000,42.875,0,1
377.500,100.000,42.875,0,1
377.500,101.000,42.875,0,1
377.500,102.000,42.875,0,1
377.500,103.000,42.875,0,1
377.500,104.000,42.875,0,1
377.500,105.000,42.875,0,1
377.500,106.000,42.875,0,1
377.500,107.000,42.875,0,1
377.500,108.000,42.875,0,1
377.500,109.000,42.875,0,1
377.500,110.000,42.875,0,1
377.500,111.000,42.875,0,1
377.500,112.000,42.875,0,1
377.500,113.000,42.875,0,1
377.500,114.000,42.875,0,1
377.500,115.000,42.875,0,1
377.500,116.000,42.875,0,1
377.500,117.000,42.875,0,1
377.500,118.000,42.875,0,1
377.500,119.000,42.875,0,1
377.500,120.000,42.875,0,1
377.500,121.000,42.875,0,1
377.500,122.000,42.875,0,1
377.500,123.000,42.875,0,0
377.500,124.000,42.875,0,0
377.500,125.000,42.875,0,0
377.500,126.000,42.875,0,0
377.500,127.000,42.875,0,0
377.500,128.000,42.875,0,0
377.500,129.000,42.875,0,0
377.500,130.000,42.875,0,0
377.500,131.000,42.875,0,0
377.500,132.000,42.875,0,0
377.500,133.000,42.875,0,0
377.500,134.000,42.875,0,0
377.500,135.000,42.875,0,0
377.500,136.000,42.875,0,0
377.500,137.000,42.875,0,0
377.500,138.000,42.875,0,0
377.500,139.000,42.875,0,0
377.500,140.000,42.875,0,0
377.500,141.000,42.875,0,0
377.500,142.000,42.875,0,0
377.500,143.000,42.875,0,0
377.500,144.000,42.875,0,0
377.500,145.000,42.875,0,0
377.500,146.000,42.875,0,0
377.500,147.000,42.875,0,0
377.500,148.000,42.875,0,0
377.500,149.000,42.875,0,0
377.500,150.000,42.875,0,0
377.500,151.000,42.875,0,0
377.500,152.000,42.875,0,0
377.500,153.000,42.875,0,0
377.500,154.000,42.875,0,0
377.500,155.000,42.875,0,0
377.500,156.000,42.875,0,0
377.500,157.000,42.875,0,0
377.500,158.000,42.875,0,0
377.500,159.000,42.875,0,0
377.500,160.000,42.875,0,0
377.500,161.000,42.875,0,0
377.500,162.000,42.875,0,0
377.500,163.000,42.875,0,0
377.500,164.000,42.875,0,0
377.500,165.000,42.875,0,0
377.500,166.000,42.875,0,0
377.500,167.000,42.875,0,0
377.500,168.000,42.875,0,0
377.500,169.000,42.875,0,0
377.500,170.000,42.875,0,0
377.500,171.000,42.875,0,0
377.500,172.000,42.875,0,0
377.500,173.000,42.875,0,0
377.500,174.000,42.875,0,0
377.500,175.000,42.875,0,0
377.500,176.000,42.875,0,0
377.500,177.000,42.875,0,0
377.500,178.000,42.875,0,0
377.500,179.000,42.875,0,0
377.500,180.000,42.875,0,0
380.000,20.000,42.000,1,1
380.000,21.000,42.000,1,1
380.000,22.000,42.000,1,1
380.000,23.000,42.000,1,1
380.000,24.000,42.000,1,1
380.000,25.000,42.000,1,1
380.000,26.000,42.000,1,1
380.000,27.000,42.000,1,1
380.000,28.000,42.000,1,1
380.000,29.000,42.000,1,1
380.000,30.000,42.000,1,1
380.000,31.000,42.000,1,1
380.000,32.000,42.000,1,1
380.000,33.000,42.000,1,1
380.000,34.000,42.000,1,1
380.000,35.000,42.000,1,1
380.000,36.000,42.000,1,1
380.000,37.000,42.000,1,1
380.000,38.000,42.000,1,1
380.000,39.000,42.000,1,1
380.000,40.000,42.000,1,1
380.000,41.000,42.000,1,1
380.000,42.000,42.000,0,1
380.000,43.000,42.000,0,1
380.000,44.000,42.000,0,1
380.000,45.000,42.000,0,1
380.000,46.000,42.000,0,1
380.000,47.000,42.000,0,1
380.000,48.000,42.000,0,1
380.000,49.000,42.000,0,1
380.000,50.000,42.000,0,1
380.000,51.000,42.000,0,1
380.000,52.000,42.000,0,1
380.000,53.000,42.000,0,1
380.000,54.000,42.000,0,1
380.000,55.000,42.000,0,1
380.000,56.000,42.000,0,1
380.000,57.000,42.000,0,1
380.000,58.000,42.000,0,1
380.000,59.000,42.000,0,1
380.000,60.000,42.000,0,1
380.000,61.000,42.000,0,1
380.000,62.000,42.000,0,1
380.000,63.000,42.000,0,1
380.000,64.000,42.000,0,1
380.000,65.000,42.000,0,1
380.000,66.000,42.000,0,1
380.000,67.000,42.000,0,1
380.000,68.000,42.000,0,1
380.000,69.000,42.000,0,1
380.000,70.000,42.000,0,1
380.000,71.000,42.000,0,1
380.000,72.000,42.000,0,1
380.000,73.000,42.000,0,1
380.000,74.000,42.000,0,1
380.000,75.000,42.000,0,1
380.000,76.000,42.000,0,1
380.000,77.000,42.000,0,1
380.000,78.000,42.000,0,1
380.000,79.000,42.000,0,1
380.000,80.000,42.000,0,1
380.000,81.000,42.000,0,1
380.000,82.000,42.000,0,1
380.000,83.000,42.000,0,1
380.000,84.000,42.000,0,1
380.000,85.000,42.000,0,1
380.000,86.000,42.000,0,1
380.000,87.000,42.000,0,1
380.000,88.000,42.000,0,1
380.000,89.000,42.000,0,1
380.000,90.000,42.000,0,1
380.000,91.000,42.000,0,1
380.000,92.000,42.000,0,1
380.000,93.000,42.000,0,1
380.000,94.000,42.000,0,1
380.000,95.000,42.000,0,1
380.000,96.000,42.000,0,1
380.000,97.000,42.000,0,1
380.000,98.000,42.000,0,1
380.000,99.000,42.000,0,1
380.000,100.000,42.000,0,1
380.000,101.000,42.000,0,1
380.000,102.000,42.000,0,1
380.000,103.000,42.000,0,1
380.000,104.000,42.000,0,1
380.000,105.000,42.000,0,1
380.000,106.000,42.000,0,1
380.000,107.000,42.000,0,1
380.000,108.000,42.000,0,1
380.000,109.000,42.000,0,1
380.000,110.000,42.000,0,1
380.000,111.000,42.000,0,1
380.000,112.000,42.000,0,1
380.000,113.000,42.000,0,1
380.000,114.000,42.000,0,1
380.000,115.000,42.000,0,1
380.000,116.000,42.000,0,1
380.000,117.000,42.000,0,1
380.000,118.000,42.000,0,1
380.000,119.000,42.000,0,1
380.000,120.000,42.000,0,1
380.000,121.000,42.000,0,1
380.000,122.000,42.000,0,1
380.000,123.000,42.000,0,0
380.000,124.000,42.000,0,0
380.000,125.000,42.000,0,0
380.000,126.000,42.000,0,0
380.000,127.000,42.000,0,0
380.000,128.000,42.000,0,0
380.000,129.000,42.000,0,0
380.000,130.000,42.000,0,0
380.000,131.000,42.000,0,0
380.000,132.000,42.000,0,0
380.000,133.000,42.000,0,0
380.000,134.000,42.000,0,0
380.000,135.000,42.000,0,0
380.000,136.000,42.000,0,0
380.000,137.000,42.000,0,0
380.000,138.000,42.000,0,0
380.000,139.000,42.000,0,0
380.000,140.000,42.000,0,0
380.000,141.000,42.000,0,0
380.000,142.000,42.000,0,0
380.000,143.000,42.000,0,0
380.000,144.000,42.000,0,0
380.000,145.000,42.000,0,0
380.000,146.000,42.000,0,0
380.000,147.000,42.000,0,0
380.000,148.000,42.000,0,0
380.000,149.000,42.000,0,0
380.000,150.000,42.000,0,0
380.000,151.000,42.000,0,0
380.000,152.000,42.000,0,0
380.000,153.000,42.000,0,0
380.000,154.000,42.000,0,0
380.000,155.000,42.000,0,0
380.000,156.000,42.000,0,0
380.000,157.000,42.000,0,0
380.000,158.000,42.000,0,0
380.000,159.000,42.000,0,0
380.000,160.000,42.000,0,0
380.000,161.000,42.000,0,0
380.000,162.000,42.000,0,0
380.000,163.000,42.000,0,0
380.000,164.000,42.000,0,0
380.000,165.000,42.000,0,0
380.000,166.000,42.000,0,0
380.000,167.000,42.000,0,0
380.000,168.000,42.000,0,0
380.000,169.000,42.000,0,0
380.000,170.000,42.000,0,0
380.000,171.000,42.000,0,0
380.000,172.000,42.000,0,0
380.000,173.000,42.000,0,0
380.000,174.000,42.000,0,0
380.000,175.000,42.000,0,0
380.000,176.000,42.000,0,0
380.000,177.000,42.000,0,0
380.000,178.000,42.000,0,0
380.000,179.000,42.000,0,0
380.000,180.000,42.000,0,0
382.500,20.000,41.125,1,1
382.500,21.000,41.125,1,1
382.500,22.000,41.125,1,1
382.500,23.000,41.125,1,1
382.500,24.000,41.125,1,1
382.500,25.000,41.125,1,1
382.500,26.000,41.125,1,1
382.500,27.000,41.125,1,1
382.500,28.000,41.125,1,1
382.500,29.000,41.125,1,1
382.500,30.000,41.125,1,1
382.500,31.000,41.125,1,1
382.500,32.000,41.125,1,1
382.500,33.000,41.125,1,1
382.500,34.000,41.125,1,1
382.500,35.000,41.125,1,1
382.500,36.000,41.125,1,1
382.500,37.000,41.125,1,1
382.500,38.000,41.125,1,1
382.500,39.000,41.125,1,1
382.500,40.000,41.125,1,1
382.500,41.000,41.125,1,1
382.500,42.000,41.125,0,1
382.500,43.000,41.125,0,1
382.500,44.000,41.125,0,1
382.500,45.000,41.125,0,1
382.500,46.000,41.125,0,1
382.500,47.000,41.125,0,1
382.500,48.000,41.125,0,1
382.500,49.000,41.125,0,1
382.500,50.000,41.125,0,1
382.500,51.000,41.125,0,1
382.500,52.000,41.125,0,1
382.500,53.000,41.125,0,1
382.500,54.000,41.125,0,1
382.500,55.000,41.125,0,1
382.500,56.000,41.125,0,1
382.500,57.000,41.125,0,1
382.500,58.000,41.125,0,1
382.500,59.000,41.125,0,1
382.500,60.000,41.125,0,1
382.500,61.000,41.125,0,1
382.500,62.000,41.125,0,1
382.500,63.000,41.125,0,1
382.500,64.000,41.125,0,1
382.500,65.000,41.125,0,1
382.500,66.000,41.125,0,1
382.500,67.000,41.125,0,1
382.500,68.000,41.125,0,1
382.500,69.000,41.125,0,1
382.500,70.000,41.125,0,1
382.500,71.000,41.125,0,1
382.500,72.000,41.125,0,1
382.500,73.000,41.125,0,1
382.500,74.000,41.125,0,1
382.500,75.000,41.125,0,1
382.500,76.000,41.125,0,1
382.500,77.000,41.125,0,1
382.500,78.000,41.125,0,1
382.500,79.000,41.125,0,1
382.500,80.000,41.125,0,1
382.500,81.000,41.125,0,1
382.500,82.000,41.125,0,1
382.500,83.000,41.125,0,1
382.500,84.000,41.125,0,1
382.500,85.000,41.125,0,1
382.500,86.000,41.125,0,1
382.500,87.000,41.125,0,1
382.500,88.000,41.125,0,1
382.500,89.000,41.125,0,1
382.500,90.000,41.125,0,1
382.500,91.000,41.125,0,1
382.500,92.000,41.125,0,1
382.500,93.000,41.125,0,1
382.500,94.000,41.125,0,1
382.500,95.000,41.125,0,1
382.500,96.000,41.125,0,1
382.500,97.000,41.125,0,1
382.500,98.000,41.125,0,1
382.500,99.000,41.125,0,1
382.500,100.000,41.125,0,1
382.500,101.000,41.125,0,1
382.500,102.000,41.125,0,1
382.500,103.000,41.125,0,1
382.500,104.000,41.125,0,1
382.500,105.000,41.125,0,1
382.500,106.000,41.125,0,1
382.500,107.000,41.125,0,1
382.500,108.000,41.125,0,1
382.500,109.000,41.125,0,1
382.500,110.000,41.125,0,1
382.500,111.000,41.125,0,1
382.500,112.000,41.125,0,1
382.500,113.000,41.125,0,1
382.500,114.000,41.125,0,1
382.500,115.000,41.125,0,1
382.500,116.000,41.125,0,1
382.500,117.000,41.125,0,1
382.500,118.000,41.125,0,1
382.500,119.000,41.125,0,1
382.500,120.000,41.125,0,1
382.500,121.000,41.125,0,1
382.500,122.000,41.125,0,0
382.500,123.000,41.125,0,0
382.500,124.000,41.125,0,0
382.500,125.000,41.125,0,0
382.500,126.000,41.125,0,0
382.500,127.000,41.125,0,0
382.500,128.000,41.125,0,0
382.500,129.000,41.125,0,0
382.500,130.000,41.125,0,0
382.500,131.000,41.125,0,0
382.500,132.000,41.125,0,0
382.500,133.000,41.125,0,0
382.500,134.000,41.125,0,0
382.500,135.000,41.125,0,0
382.500,136.000,41.125,0,0
382.500,137.000,41.125,0,0
382.500,138.000,41.125,0,0
382.500,139.000,41.125,0,0
382.500,140.000,41.125,0,0
382.500,141.000,41.125,0,0
382.500,142.000,41.125,0,0
382.500,143.000,41.125,0,0
382.500,144.000,41.125,0,0
382.500,145.000,41.125,0,0
382.500,146.000,41.125,0,0
382.500,147.000,41.125,0,0
382.500,148.000,41.125,0,0
382.500,149.000,41.125,0,0
382.500,150.000,41.125,0,0
382.500,151.000,41.125,0,0
382.500,152.000,41.125,0,0
382.500,153.000,41.125,0,0
382.500,154.000,41.125,0,0
382.500,155.000,41.125,0,0
382.500,156.000,41.125,0,0
382.500,157.000,41.125,0,0
382.500,158.000,41.125,0,0
382.500,159.000,41.125,0,0
382.500,160.000,41.125,0,0
382.500,161.000,41.125,0,0
382.500,162.000,41.125,0,0
382.500,163.000,41.125,0,0
382.500,164.000,41.125,0,0
382.500,165.000,41.125,0,0
382.500,166.000,41.125,0,0
382.500,167.000,41.125,0,0
382.500,168.000,41.125,0,0
382.500,169.000,41.125,0,0
382.500,170.000,41.125,0,0
382.500,171.000,41.125,0,0
382.500,172.000,41.125,0,0
382.500,173.000,41.125,0,0
382.500,174.000,41.125,0,0
382.500,175.000,41.125,0,0
382.500,176.000,41.125,0,0
382.500,177.000,41.125,0,0
382.500,178.000,41.125,0,0
382.500,179.000,41.125,0,0
382.500,180.000,41.125,0,0
385.000,20.000,40.250,1,1
385.000,21.000,40.250,1,1
385.000,22.000,40.250,1,1
385.000,23.000,40.250,1,1
385.000,24.000,40.250,1,1
385.000,25.000,40.250,1,1
385.000,26.000,40.250,1,1
385.000,27.000,40.250,1,1
385.000,28.000,40.250,1,1
385.000,29.000,40.250,1,1
385.000,30.000,40.250,1,1
385.000,31.000,40.250,1,1
385.000,32.000,40.250,1,1
385.000,33.000,40.250,1,1
385.000,34.000,40.250,1,1
385.000,35.000,40.250,1,1
385.000,36.000,40.250,1,1
385.000,37.000,40.250,1,1
385.000,38.000,40.250,1,1
385.000,39.000,40.250,1,1
385.000,40.000,40.250,1,1
385.000,41.000,40.250,0,1
385.000,42.000,40.250,0,1
385.000,43.000,40.250,0,1
385.000,44.000,40.250,0,1
385.000,45.000,40.250,0,1
385.000,46.000,40.250,0,1
385.000,47.000,40.250,0,1
385.000,48.000,40.250,0,1
385.000,49.000,40.250,0,1
385.000,50.000,40.250,0,1
385.000,51.000,40.250,0,1
385.000,52.000,40.250,0,1
385.000,53.000,40.250,0,1
385.000,54.000,40.250,0,1
385.000,55.000,40.250,0,1
385.000,56.000,40.250,0,1
385.000,57.000,40.250,0,1
385.000,58.000,40.250,0,1
385.000,59.000,40.250,0,1
385.000,60.000,40.250,0,1
385.000,61.000,40.250,0,1
385.000,62.000,40.250,0,1
385.000,63.000,40.250,0,1
385.000,64.000,40.250,0,1
385.000,65.000,40.250,0,1
385.000,66.000,40.250,0,1
385.000,67.000,40.250,0,1
385.000,68.000,40.250,0,1
385.000,69.000,40.250,0,1
385.000,70.000,40.250,0,1
385.000,71.000,40.250,0,1
385.000,72.000,40.250,0,1
385.000,73.000,40.250,0,1
385.000,74.000,40.250,0,1
385.000,75.000,40.250,0,1
385.000,76.000,40.250,0,1
385.000,77.000,40.250,0,1
385.000,78.000,40.250,0,1
385.000,79.000,40.250,0,1
385.000,80.000,40.250,0,1
385.000,81.000,40.250,0,1
385.000,82.000,40.250,0,1
385.000,83.000,40.250,0,1
385.000,84.000,40.250,0,1
385.000,85.000,40.250,0,1
385.000,86.000,40.250,0,1
385.000,87.000,40.250,0,1
385.000,88.000,40.250,0,1
385.000,89.000,40.250,0,1
385.000,90.000,40.250,0,1
385.000,91.000,40.250,0,1
385.000,92.000,40.250,0,1
385.000,93.000,40.250,0,1
385.000,94.000,40.250,0,1
385.000,95.000,40.250,0,1
385.000,96.000,40.250,0,1
385.000,97.000,40.250,0,1
385.000,98.000,40.250,0,1
385.000,99.000,40.250,0,1
385.000,100.000,40.250,0,1
385.000,101.000,40.250,0,1
385.000,102.000,40.250,0,1
385.000,103.000,40.250,0,1
385.000,104.000,40.250,0,1
385.000,105.000,40.250,0,1
385.000,106.000,40.250,0,1
385.000,107.000,40.250,0,1
385.000,108.000,40.250,0,1
385.000,109.000,40.250,0,1
385.000,110.000,40.250,0,1
385.000,111.000,40.250,0,1
385.000,112.000,40.250,0,1
385.000,113.000,40.250,0,1
385.000,114.000,40.250,0,1
385.000,115.000,40.250,0,1
385.000,116.000,40.250,0,1
385.000,117.000,40.250,0,1
385.000,118.000,40.250,0,1
385.000,119.000,40.250,0,1
385.000,120.000,40.250,0,1
385.000,121.000,40.250,0,0
385.000,122.000,40.250,0,0
385.000,123.000,40.250,0,0
385.000,124.000,40.250,0,0
385.000,125.000,40.250,0,0
385.000,126.000,40.250,0,0
385.000,127.000,40.250,0,0
385.000,128.000,40.250,0,0
385.000,129.000,40.250,0,0
385.000,130.000,40.250,0,0
385.000,131.000,40.250,0,0
385.000,132.000,40.250,0,0
385.000,133.000,40.250,0,0
385.000,134.000,40.250,0,0
385.000,135.000,40.250,0,0
385.000,136.000,40.250,0,0
385.000,137.000,40.250,0,0
385.000,138.000,40.250,0,0
385.000,139.000,40.250,0,0
385.000,140.000,40.250,0,0
385.000,141.000,40.250,0,0
385.000,142.000,40.250,0,0
385.000,143.000,40.250,0,0
385.000,144.000,40.250,0,0
385.000,145.000,40.250,0,0
385.000,146.000,40.250,0,0
385.000,147.000,40.250,0,0
385.000,148.000,40.250,0,0
385.000,149.000,40.250,0,0
385.000,150.000,40.250,0,0
385.000,151.000,40.250,0,0
385.000,152.000,40.250,0,0
385.000,153.000,40.250,0,0
385.000,154.000,40.250,0,0
385.000,155.000,40.250,0,0
385.000,156.000,40.250,0,0
385.000,157.000,40.250,0,0
385.000,158.000,40.250,0,0
385.000,159.000,40.250,0,0
385.000,160.000,40.250,0,0
385.000,161.000,40.250,0,0
385.000,162.000,40.250,0,0
385.000,163.000,40.250,0,0
385.000,164.000,40.250,0,0
385.000,165.000,40.250,0,0
385.000,166.000,40.250,0,0
385.000,167.000,40.250,0,0
385.000,168.000,40.250,0,0
385.000,169.000,40.250,0,0
385.000,170.000,40.250,0,0
385.000,171.000,40.250,0,0
385.000,172.000,40.250,0,0
385.000,173.000,40.250,0,0
385.000,174.000,40.250,0,0
385.000,175.000,40.250,0,0
385.000,176.000,40.250,0,0
385.000,177.000,40.250,0,0
385.000,178.000,40.250,0,0
385.000,179.000,40.250,0,0
385.000,180.000,40.250,0,0
387.500,20.000,39.375,1,1
387.500,21.000,39.375,1,1
387.500,22.000,39.375,1,1
387.500,23.000,39.375,1,1
387.500,24.000,39.375,1,1
387.500,25.000,39.375,1,1
387.500,26.000,39.375,1,1
387.500,27.000,39.375,1,1
387.500,28.000,39.375,1,1
387.500,29.000,39.375,1,1
387.500,30.000,39.375,1,1
387.500,31.000,39.375,1,1
387.500,32.000,39.375,1,1
387.500,33.000,39.375,1,1
387.500,34.000,39.375,1,1
387.500,35.000,39.375,1,1
387.500,36.000,39.375,1,1
387.500,37.000,39.375,1,1
387.500,38.000,39.375,1,1
387.500,39.000,39.375,1,1
387.500,40.000,39.375,0,1
387.500,41.000,39.375,0,1
387.500,42.000,39.375,0,1
387.500,43.000,39.375,0,1
387.500,44.000,39.375,0,1
387.500,45.000,39.375,0,1
387.500,46.000,39.375,0,1
387.500,47.000,39.375,0,1
387.500,48.000,39.375,0,1
387.500,49.000,39.375,0,1
387.500,50.000,39.375,0,1
387.500,51.000,39.375,0,1
387.500,52.000,39.375,0,1
387.500,53.000,39.375,0,1
387.500,54.000,39.375,0,1
387.500,55.000,39.375,0,1
387.500,56.000,39.375,0,1
387.500,57.000,39.375,0,1
387.500,58.000,39.375,0,1
387.500,59.000,39.375,0,1
387.500,60.000,39.375,0,1
387.500,61.000,39.375,0,1
387.500,62.000,39.375,0,1
387.500,63.000,39.375,0,1
387.500,64.000,39.375,0,1
387.500,65.000,39.375,0,1
387.500,66.000,39.375,0,1
387.500,67.000,39.375,0,1
387.500,68.000,39.375,0,1
387.500,69.000,39.375,0,1
387.500,70.000,39.375,0,1
387.500,71.000,39.375,0,1
387.500,72.000,39.375,0,1
387.500,73.000,39.375,0,1
387.500,74.000,39.375,0,1
387.500,75.000,39.375,0,1
387.500,76.000,39.375,0,1
387.500,77.000,39.375,0,1
387.500,78.000,39.375,0,1
387.500,79.000,39.375,0,1
387.500,80.000,39.375,0,1
387.500,81.000,39.375,0,1
387.500,82.000,39.375,0,1
387.500,83.000,39.375,0,1
387.500,84.000,39.375,0,1
387.500,85.000,39.375,0,1
387.500,86.000,39.375,0,1
387.500,87.000,39.375,0,1
387.500,88.000,39.375,0,1
387.500,89.000,39.375,0,1
387.500,90.000,39.375,0,1
387.500,91.000,39.375,0,1
387.500,92.000,39.375,0,1
387.500,93.000,39.375,0,1
387.500,94.000,39.375,0,1
387.500,95.000,39.375,0,1
387.500,96.000,39.375,0,1
387.500,97.000,39.375,0,1
387.500,98.000,39.375,0,1
387.500,99.000,39.375,0,1
387.500,100.000,39.375,0,1
387.500,101.000,39.375,0,1
387.500,102.000,39.375,0,1
387.500,103.000,39.375,0,1
387.500,104.000,39.375,0,1
387.500,105.000,39.375,0,1
387.500,106.000,39.375,0,1
387.500,107.000,39.375,0,1
387.500,108.000,39.375,0,1
387.500,109.000,39.375,0,1
387.500,110.000,39.375,0,1
387.500,111.000,39.375,0,1
387.500,112.000,39.375,0,1
387.500,113.000,39.375,0,1
387.500,114.000,39.375,0,1
387.500,115.000,39.375,0,1
387.500,116.000,39.375,0,1
387.500,117.000,39.375,0,1
387.500,118.000,39.375,0,1
387.500,119.000,39.375,0,1
387.500,120.000,39.375,0,0
387.500,121.000,39.375,0,0
387.500,122.000,39.375,0,0
387.500,123.000,39.375,0,0
387.500,124.000,39.375,0,0
387.500,125.000,39.375,0,0
387.500,126.000,39.375,0,0
387.500,127.000,39.375,0,0
387.500,128.000,39.375,0,0
387.500,129.000,39.375,0,0
387.500,130.000,39.375,0,0
387.500,131.000,39.375,0,0
387.500,132.000,39.375,0,0
387.500,133.000,39.375,0,0
387.500,134.000,39.375,0,0
387.500,135.000,39.375,0,0
387.500,136.000,39.375,0,0
387.500,137.000,39.375,0,0
387.500,138.000,39.375,0,0
387.500,139.000,39.375,0,0
387.500,140.000,39.375,0,0
387.500,141.000,39.375,0,0
387.500,142.000,39.375,0,0
387.500,143.000,39.375,0,0
387.500,144.000,39.375,0,0
387.500,145.000,39.375,0,0
387.500,146.000,39.375,0,0
387.500,147.000,39.375,0,0
387.500,148.000,39.375,0,0
387.500,149.000,39.375,0,0
387.500,150.000,39.375,0,0
387.500,151.000,39.375,0,0
387.500,152.000,39.375,0,0
387.500,153.000,39.375,0,0
387.500,154.000,39.375,0,0
387.500,155.000,39.375,0,0
387.500,156.000,39.375,0,0
387.500,157.000,39.375,0,0
387.500,158.000,39.375,0,0
387.500,159.000,39.375,0,0
387.500,160.000,39.375,0,0
387.500,161.000,39.375,0,0
387.500,162.000,39.375,0,0
387.500,163.000,39.375,0,0
387.500,164.000,39.375,0,0
387.500,165.000,39.375,0,0
387.500,166.000,39.375,0,0
387.500,167.000,39.375,0,0
387.500,168.000,39.375,0,0
387.500,169.000,39.375,0,0
387.500,170.000,39.375,0,0
387.500,171.000,39.375,0,0
387.500,172.000,39.375,0,0
387.500,173.000,39.375,0,0
387.500,174.000,39.375,0,0
387.500,175.000,39.375,0,0
387.500,176.000,39.375,0,0
387.500,177.000,39.375,0,0
387.500,178.000,39.375,0,0
387.500,179.000,39.375,0,0
387.500,180.000,39.375,0,0
390.000,20.000,38.500,1,1
390.000,21.000,38.500,1,1
390.000,22.000,38.500,1,1
390.000,23.000,38.500,1,1
390.000,24.000,38.500,1,1
390.000,25.000,38.500,1,1
390.000,26.000,38.500,1,1
390.000,27.000,38.500,1,1
390.000,28.000,38.500,1,1
390.000,29.000,38.500,1,1
390.000,30.000,38.500,1,1
390.000,31.000,38.500,1,1
390.000,32.000,38.500,1,1
390.000,33.000,38.500,1,1
390.000,34.000,38.500,1,1
390.000,35.000,38.500,1,1
390.000,36.000,38.500,1,1
390.000,37.000,38.500,1,1
390.000,38.000,38.500,1,1
390.000,39.000,38.500,0,1
390.000,40.000,38.500,0,1
390.000,41.000,38.500,0,1
390.000,42.000,38.500,0,1
390.000,43.000,38.500,0,1
390.000,44.000,38.500,0,1
390.000,45.000,38.500,0,1
390.000,46.000,38.500,0,1
390.000,47.000,38.500,0,1
390.000,48.000,38.500,0,1
390.000,49.000,38.500,0,1
390.000,50.000,38.500,0,1
390.000,51.000,38.500,0,1
390.000,52.000,38.500,0,1
390.000,53.000,38.500,0,1
390.000,54.000,38.500,0,1
390.000,55.000,38.500,0,1
390.000,56.000,38.500,0,1
390.000,57.000,38.500,0,1
390.000,58.000,38.500,0,1
390.000,59.000,38.500,0,1
390.000,60.000,38.500,0,1
390.000,61.000,38.500,0,1
390.000,62.000,38.500,0,1
390.000,63.000,38.500,0,1
390.000,64.000,38.500,0,1
390.000,65.000,38.500,0,1
390.000,66.000,38.500,0,1
390.000,67.000,38.500,0,1
390.000,68.000,38.500,0,1
390.000,69.000,38.500,0,1
390.000,70.000,38.500,0,1
390.000,71.000,38.500,0,1
390.000,72.000,38.500,0,1
390.000,73.000,38.500,0,1
390.000,74.000,38.500,0,1
390.000,75.000,38.500,0,1
390.000,76.000,38.500,0,1
390.000,77.000,38.500,0,1
390.000,78.000,38.500,0,1
390.000,79.000,38.500,0,1
390.000,80.000,38.500,0,1
390.000,81.000,38.500,0,1
390.000,82.000,38.500,0,1
390.000,83.000,38.500,0,1
390.000,84.000,38.500,0,1
390.000,85.000,38.500,0,1
390.000,86.000,38.500,0,1
390.000,87.000,38.500,0,1
390.000,88.000,38.500,0,1
390.000,89.000,38.500,0,1
390.000,90.000,38.500,0,1
390.000,91.000,38.500,0,1
390.000,92.000,38.500,0,1
390.000,93.000,38.500,0,1
390.000,94.000,38.500,0,1
390.000,95.000,38.500,0,1
390.000,96.000,38.500,0,1
390.000,97.000,38.500,0,1
390.000,98.000,38.500,0,1
390.000,99.000,38.500,0,1
390.000,100.000,38.500,0,1
390.000,101.000,38.500,0,1
390.000,102.000,38.500,0,1
390.000,103.000,38.500,0,1
390.000,104.000,38.500,0,1
390.000,105.000,38.500,0,1
390.000,106.000,38.500,0,1
390.000,107.000,38.500,0,1
390.000,108.000,38.500,0,1
390.000,109.000,38.500,0,1
390.000,110.000,38.500,0,1
390.000,111.000,38.500,0,1
390.000,112.000,38.500,0,1
390.000,113.000,38.500,0,1
390.000,114.000,38.500,0,1
390.000,115.000,38.500,0,1
390.000,116.000,38.500,0,1
390.000,117.000,38.500,0,1
390.000,118.000,38.500,0,1
390.000,119.000,38.500,0,0
390.000,120.000,38.500,0,0
390.000,121.000,38.500,0,0
390.000,122.000,38.500,0,0
390.000,123.000,38.500,0,0
390.000,124.000,38.500,0,0
390.000,125.000,38.500,0,0
390.000,126.000,38.500,0,0
390.000,127.000,38.500,0,0
390.000,128.000,38.500,0,0
390.000,129.000,38.500,0,0
390.000,130.000,38.500,0,0
390.000,131.000,38.500,0,0
390.000,132.000,38.500,0,0
390.000,133.000,38.500,0,0
390.000,134.000,38.500,0,0
390.000,135.000,38.500,0,0
390.000,136.000,38.500,0,0
390.000,137.000,38.500,0,0
390.000,138.000,38.500,0,0
390.000,139.000,38.500,0,0
390.000,140.000,38.500,0,0
390.000,141.000,38.500,0,0
390.000,142.000,38.500,0,0
390.000,143.000,38.500,0,0
390.000,144.000,38.500,0,0
390.000,145.000,38.500,0,0
390.000,146.000,38.500,0,0
390.000,147.000,38.500,0,0
390.000,148.000,38.500,0,0
390.000,149.000,38.500,0,0
390.000,150.000,38.500,0,0
390.000,151.000,38.500,0,0
390.000,152.000,38.500,0,0
390.000,153.000,38.500,0,0
390.000,154.000,38.500,0,0
390.000,155.000,38.500,0,0
390.000,156.000,38.500,0,0
390.000,157.000,38.500,0,0
390.000,158.000,38.500,0,0
390.000,159.000,38.500,0,0
390.000,160.000,38.500,0,0
390.000,161.000,38.500,0,0
390.000,162.000,38.500,0,0
390.000,163.000,38.500,0,0
390.000,164.000,38.500,0,0
390.000,165.000,38.500,0,0
390.000,166.000,38.500,0,0
390.000,167.000,38.500,0,0
390.000,168.000,38.500,0,0
390.000,169.000,38.500,0,0
390.000,170.000,38.500,0,0
390.000,171.000,38.500,0,0
390.000,172.000,38.500,0,0
390.000,173.000,38.500,0,0
390.000,174.000,38.500,0,0
390.000,175.000,38.500,0,0
390.000,176.000,38.500,0,0
390.000,177.000,38.500,0,0
390.000,178.000,38.500,0,0
390.000,179.000,38.500,0,0
390.000,180.000,38.500,0,0
392.500,20.000,37.625,1,1
392.500,21.000,37.625,1,1
392.500,22.000,37.625,1,1
392.500,23.000,37.625,1,1
392.500,24.000,37.625,1,1
392.500,25.000,37.625,1,1
392.500,26.000,37.625,1,1
392.500,27.000,37.625,1,1
392.500,28.000,37.625,1,1
392.500,29.000,37.625,1,1
392.500,30.000,37.625,1,1
392.500,31.000,37.625,1,1
392.500,32.000,37.625,1,1
392.500,33.000,37.625,1,1
392.500,34.000,37.625,1,1
392.500,35.000,37.625,1,1
392.500,36.000,37.625,1,1
392.500,37.000,37.625,1,1
392.500,38.000,37.625,0,1
392.500,39.000,37.625,0,1
392.500,40.000,37.625,0,1
392.500,41.000,37.625,0,1
392.500,42.000,37.625,0,1
392.500,43.000,37.625,0,1
392.500,44.000,37.625,0,1
392.500,45.000,37.625,0,1
392.500,46.000,37.625,0,1
392.500,47.000,37.625,0,1
392.500,48.000,37.625,0,1
392.500,49.000,37.625,0,1
392.500,50.000,37.625,0,1
392.500,51.000,37.625,0,1
392.500,52.000,37.625,0,1
392.500,53.000,37.625,0,1
392.500,54.000,37.625,0,1
392.500,55.000,37.625,0,1
392.500,56.000,37.625,0,1
392.500,57.000,37.625,0,1
392.500,58.000,37.625,0,1
392.500,59.000,37.625,0,1
392.500,60.000,37.625,0,1
392.500,61.000,37.625,0,1
392.500,62.000,37.625,0,1
392.500,63.000,37.625,0,1
392.500,64.000,37.625,0,1
392.500,65.000,37.625,0,1
392.500,66.000,37.625,0,1
392.500,67.000,37.625,0,1
392.500,68.000,37.625,0,1
392.500,69.000,37.625,0,1
392.500,70.000,37.625,0,1
392.500,71.000,37.625,0,1
392.500,72.000,37.625,0,1
392.500,73.000,37.625,0,1
392.500,74.000,37.625,0,1
392.500,75.000,37.625,0,1
392.500,76.000,37.625,0,1
392.500,77.000,37.625,0,1
392.500,78.000,37.625,0,1
392.500,79.000,37.625,0,1
392.500,80.000,37.625,0,1
392.500,81.000,37.625,0,1
392.500,82.000,37.625,0,1
392.500,83.000,37.625,0,1
392.500,84.000,37.625,0,1
392.500,85.000,37.625,0,1
392.500,86.000,37.625,0,1
392.500,87.000,37.625,0,1
392.500,88.000,37.625,0,1
392.500,89.000,37.625,0,1
392.500,90.000,37.625,0,1
392.500,91.000,37.625,0,1
392.500,92.000,37.625,0,1
392.500,93.000,37.625,0,1
392.500,94.000,37.625,0,1
392.500,95.000,37.625,0,1
392.500,96.000,37.625,0,1
392.500,97.000,37.625,0,1
392.500,98.000,37.625,0,1
392.500,99.000,37.625,0,1
392.500,100.000,37.625,0,1
392.500,101.000,37.625,0,1
392.500,102.000,37.625,0,1
392.500,103.000,37.625,0,1
392.500,104.000,37.625,0,1
392.500,105.000,37.625,0,1
392.500,106.000,37.625,0,1
392.500,107.000,37.625,0,1
392.500,108.000,37.625,0,1
392.500,109.000,37.625,0,1
392.500,110.000,37.625,0,1
392.500,111.000,37.625,0,1
392.500,112.000,37.625,0,1
392.500,113.000,37.625,0,1
392.500,114.000,37.625,0,1
392.500,115.000,37.625,0,1
392.500,116.000,37.625,0,1
392.500,117.000,37.625,0,1
392.500,118.000,37.625,0,0
392.500,119.000,37.625,0,0
392.500,120.000,37.625,0,0
392.500,121.000,37.625,0,0
392.500,122.000,37.625,0,0
392.500,123.000,37.625,0,0
392.500,124.000,37.625,0,0
392.500,125.000,37.625,0,0
392.500,126.000,37.625,0,0
392.500,127.000,37.625,0,0
392.500,128.000,37.625,0,0
392.500,129.000,37.625,0,0
392.500,130.000,37.625,0,0
392.500,131.000,37.625,0,0
392.500,132.000,37.625,0,0
392.500,133.000,37.625,0,0
392.500,134.000,37.625,0,0
392.500,135.000,37.625,0,0
392.500,136.000,37.625,0,0
392.500,137.000,37.625,0,0
392.500,138.000,37.625,0,0
392.500,139.000,37.625,0,0
392.500,140.000,37.625,0,0
392.500,141.000,37.625,0,0
392.500,142.000,37.625,0,0
392.500,143.000,37.625,0,0
392.500,144.000,37.625,0,0
392.500,145.000,37.625,0,0
392.500,146.000,37.625,0,0
392.500,147.000,37.625,0,0
392.500,148.000,37.625,0,0
392.500,149.000,37.625,0,0
392.500,150.000,37.625,0,0
392.500,151.000,37.625,0,0
392.500,152.000,37.625,0,0
392.500,153.000,37.625,0,0
392.500,154.000,37.625,0,0
392.500,155.000,37.625,0,0
392.500,156.000,37.625,0,0
392.500,157.000,37.625,0,0
392.500,158.000,37.625,0,0
392.500,159.000,37.625,0,0
392.500,160.000,37.625,0,0
392.500,161.000,37.625,0,0
392.500,162.000,37.625,0,0
392.500,163.000,37.625,0,0
392.500,164.000,37.625,0,0
392.500,165.000,37.625,0,0
392.500,166.000,37.625,0,0
392.500,167.000,37.625,0,0
392.500,168.000,37.625,0,0
392.500,169.000,37.625,0,0
392.500,170.000,37.625,0,0
392.500,171.000,37.625,0,0
392.500,172.000,37.625,0,0
392.500,173.000,37.625,0,0
392.500,174.000,37.625,0,0
392.500,175.000,37.625,0,0
392.500,176.000,37.625,0,0
392.500,177.000,37.625,0,0
392.500,178.000,37.625,0,0
392.500,179.000,37.625,0,0
392.500,180.000,37.625,0,0
395.000,20.000,36.750,1,1
395.000,21.000,36.750,1,1
395.000,22.000,36.750,1,1
395.000,23.000,36.750,1,1
395.000,24.000,36.750,1,1
395.000,25.000,36.750,1,1
395.000,26.000,36.750,1,1
395.000,27.000,36.750,1,1
395.000,28.000,36.750,1,1
395.000,29.000,36.750,1,1
395.000,30.000,36.750,1,1
395.000,31.000,36.750,1,1
395.000,32.000,36.750,1,1
395.000,33.000,36.750,1,1
395.000,34.000,36.750,1,1
395.000,35.000,36.750,1,1
395.000,36.000,36.750,1,1
395.000,37.000,36.750,0,1
395.000,38.000,36.750,0,1
395.000,39.000,36.750,0,1
395.000,40.000,36.750,0,1
395.000,41.000,36.750,0,1
395.000,42.000,36.750,0,1
395.000,43.000,36.750,0,1
395.000,44.000,36.750,0,1
395.000,45.000,36.750,0,1
395.000,46.000,36.750,0,1
395.000,47.000,36.750,0,1
395.000,48.000,36.750,0,1
395.000,49.000,36.750,0,1
395.000,50.000,36.750,0,1
395.000,51.000,36.750,0,1
395.000,52.000,36.750,0,1
395.000,53.000,36.750,0,1
395.000,54.000,36.750,0,1
395.000,55.000,36.750,0,1
395.000,56.000,36.750,0,1
395.000,57.000,36.750,0,1
395.000,58.000,36.750,0,1
395.000,59.000,36.750,0,1
395.000,60.000,36.750,0,1
395.000,61.000,36.750,0,1
395.000,62.000,36.750,0,1
395.000,63.000,36.750,0,1
395.000,64.000,36.750,0,1
395.000,65.000,36.750,0,1
395.000,66.000,36.750,0,1
395.000,67.000,36.750,0,1
395.000,68.000,36.750,0,1
395.000,69.000,36.750,0,1
395.000,70.000,36.750,0,1
395.000,71.000,36.750,0,1
395.000,72.000,36.750,0,1
395.000,73.000,36.750,0,1
395.000,74.000,36.750,0,1
395.000,75.000,36.750,0,1
395.000,76.000,36.750,0,1
395.000,77.000,36.750,0,1
395.000,78.000,36.750,0,1
395.000,79.000,36.750,0,1
395.000,80.000,36.750,0,1
395.000,81.000,36.750,0,1
395.000,82.000,36.750,0,1
395.000,83.000,36.750,0,1
395.000,84.000,36.750,0,1
395.000,85.000,36.750,0,1
395.000,86.000,36.750,0,1
395.000,87.000,36.750,0,1
395.000,88.000,36.750,0,1
395.000,89.000,36.750,0,1
395.000,90.000,36.750,0,1
395.000,91.000,36.750,0,1
395.000,92.000,36.750,0,1
395.000,93.000,36.750,0,1
395.000,94.000,36.750,0,1
395.000,95.000,36.750,0,1
395.000,96.000,36.750,0,1
395.000,97.000,36.750,0,1
395.000,98.000,36.750,0,1
395.000,99.000,36.750,0,1
395.000,100.000,36.750,0,1
395.000,101.000,36.750,0,1
395.000,102.000,36.750,0,1
395.000,103.000,36.750,0,1
395.000,104.000,36.750,0,1
395.000,105.000,36.750,0,1
395.000,106.000,36.750,0,1
395.000,107.000,36.750,0,1
395.000,108.000,36.750,0,1
395.000,109.000,36.750,0,1
395.000,110.000,36.750,0,1
395.000,111.000,36.750,0,1
395.000,112.000,36.750,0,1
395.000,113.000,36.750,0,1
395.000,114.000,36.750,0,1
395.000,115.000,36.750,0,1
395.000,116.000,36.750,0,1
395.000,117.000,36.750,0,0
395.000,118.000,36.750,0,0
395.000,119.000,36.750,0,0
395.000,120.000,36.750,0,0
395.000,121.000,36.750,0,0
395.000,122.000,36.750,0,0
395.000,123.000,36.750,0,0
395.000,124.000,36.750,0,0
395.000,125.000,36.750,0,0
395.000,126.000,36.750,0,0
395.000,127.000,36.750,0,0
395.000,128.000,36.750,0,0
395.000,129.000,36.750,0,0
395.000,130.000,36.750,0,0
395.000,131.000,36.750,0,0
395.000,132.000,36.750,0,0
395.000,133.000,36.750,0,0
395.000,134.000,36.750,0,0
395.000,135.000,36.750,0,0
395.000,136.000,36.750,0,0
395.000,137.000,36.750,0,0
395.000,138.000,36.750,0,0
395.000,139.000,36.750,0,0
395.000,140.000,36.750,0,0
395.000,141.000,36.750,0,0
395.000,142.000,36.750,0,0
395.000,143.000,36.750,0,0
395.000,144.000,36.750,0,0
395.000,145.000,36.750,0,0
395.000,146.000,36.750,0,0
395.000,147.000,36.750,0,0
395.000,148.000,36.750,0,0
395.000,149.000,36.750,0,0
395.000,150.000,36.750,0,0
395.000,151.000,36.750,0,0
395.000,152.000,36.750,0,0
395.000,153.000,36.750,0,0
395.000,154.000,36.750,0,0
395.000,155.000,36.750,0,0
395.000,156.000,36.750,0,0
395.000,157.000,36.750,0,0
395.000,158.000,36.750,0,0
395.000,159.000,36.750,0,0
395.000,160.000,36.750,0,0
395.000,161.000,36.750,0,0
395.000,162.000,36.750,0,0
395.000,163.000,36.750,0,0
395.000,164.000,36.750,0,0
395.000,165.000,36.750,0,0
395.000,166.000,36.750,0,0
395.000,167.000,36.750,0,0
395.000,168.000,36.750,0,0
395.000,169.000,36.750,0,0
395.000,170.000,36.750,0,0
395.000,171.000,36.750,0,0
395.000,172.000,36.750,0,0
395.000,173.000,36.750,0,0
395.000,174.000,36.750,0,0
395.000,175.000,36.750,0,0
395.000,176.000,36.750,0,0
395.000,177.000,36.750,0,0
395.000,178.000,36.750,0,0
395.000,179.000,36.750,0,0
395.000,180.000,36.750,0,0
397.500,20.000,35.875,1,1
397.500,21.000,35.875,1,1
397.500,22.000,35.875,1,1
397.500,23.000,35.875,1,1
397.500,24.000,35.875,1,1
397.500,25.000,35.875,1,1
397.500,26.000,35.875,1,1
397.500,27.000,35.875,1,1
397.500,28.000,35.875,1,1
397.500,29.000,35.875,1,1
397.500,30.000,35.875,1,1
397.500,31.000,35.875,1,1
397.500,32.000,35.875,1,1
397.500,33.000,35.875,1,1
397.500,34.000,35.875,1,1
397.500,35.000,35.875,1,1
397.500,36.000,35.875,0,1
397.500,37.000,35.875,0,1
397.500,38.000,35.875,0,1
397.500,39.000,35.875,0,1
397.500,40.000,35.875,0,1
397.500,41.000,35.875,0,1
397.500,42.000,35.875,0,1
397.500,43.000,35.875,0,1
397.500,44.000,35.875,0,1
397.500,45.000,35.875,0,1
397.500,46.000,35.875,0,1
397.500,47.000,35.875,0,1
397.500,48.000,35.875,0,1
397.500,49.000,35.875,0,1
397.500,50.000,35.875,0,1
397.500,51.000,35.875,0,1
397.500,52.000,35.875,0,1
397.500,53.000,35.875,0,1
397.500,54.000,35.875,0,1
397.500,55.000,35.875,0,1
397.500,56.000,35.875,0,1
397.500,57.000,35.875,0,1
397.500,58.000,35.875,0,1
397.500,59.000,35.875,0,1
397.500,60.000,35.875,0,1
397.500,61.000,35.875,0,1
397.500,62.000,35.875,0,1
397.500,63.000,35.875,0,1
397.500,64.000,35.875,0,1
397.500,65.000,35.875,0,1
397.500,66.000,35.875,0,1
397.500,67.000,35.875,0,1
397.500,68.000,35.875,0,1
397.500,69.000,35.875,0,1
397.500,70.000,35.875,0,1
397.500,71.000,35.875,0,1
397.500,72.000,35.875,0,1
397.500,73.000,35.875,0,1
397.500,74.000,35.875,0,1
397.500,75.000,35.875,0,1
397.500,76.000,35.875,0,1
397.500,77.000,35.875,0,1
397.500,78.000,35.875,0,1
397.500,79.000,35.875,0,1
397.500,80.000,35.875,0,1
397.500,81.000,35.875,0,1
397.500,82.000,35.875,0,1
397.500,83.000,35.875,0,1
397.500,84.000,35.875,0,1
397.500,85.000,35.875,0,1
397.500,86.000,35.875,0,1
397.500,87.000,35.875,0,1
397.500,88.000,35.875,0,1
397.500,89.000,35.875,0,1
397.500,90.000,35.875,0,1
397.500,91.000,35.875,0,1
397.500,92.000,35.875,0,1
397.500,93.000,35.875,0,1
397.500,94.000,35.875,0,1
397.500,95.000,35.875,0,1
397.500,96.000,35.875,0,1
397.500,97.000,35.875,0,1
397.500,98.000,35.875,0,1
397.500,99.000,35.875,0,1
397.500,100.000,35.875,0,1
397.500,101.000,35.875,0,1
397.500,102.000,35.875,0,1
397.500,103.000,35.875,0,1
397.500,104.000,35.875,0,1
397.500,105.000,35.875,0,1
397.500,106.000,35.875,0,1
397.500,107.000,35.875,0,1
397.500,108.000,35.875,0,1
397.500,109.000,35.875,0,1
397.500,110.000,35.875,0,1
397.500,111.000,35.875,0,1
397.500,112.000,35.875,0,1
397.500,113.000,35.875,0,1
397.500,114.000,35.875,0,1
397.500,115.000,35.875,0,1
397.500,116.000,35.875,0,0
397.500,117.000,35.875,0,0
397.500,118.000,35.875,0,0
397.500,119.000,35.875,0,0
397.500,120.000,35.875,0,0
397.500,121.000,35.875,0,0
397.500,122.000,35.875,0,0
397.500,123.000,35.875,0,0
397.500,124.000,35.875,0,0
397.500,125.000,35.875,0,0
397.500,126.000,35.875,0,0
397.500,127.000,35.875,0,0
397.500,128.000,35.875,0,0
397.500,129.000,35.875,0,0
397.500,130.000,35.875,0,0
397.500,131.000,35.875,0,0
397.500,132.000,35.875,0,0
397.500,133.000,35.875,0,0
397.500,134.000,35.875,0,0
397.500,135.000,35.875,0,0
397.500,136.000,35.875,0,0
397.500,137.000,35.875,0,0
397.500,138.000,35.875,0,0
397.500,139.000,35.875,0,0
397.500,140.000,35.875,0,0
397.500,141.000,35.875,0,0
397.500,142.000,35.875,0,0
397.500,143.000,35.875,0,0
397.500,144.000,35.875,0,0
397.500,145.000,35.875,0,0
397.500,146.000,35.875,0,0
397.500,147.000,35.875,0,0
397.500,148.000,35.875,0,0
397.500,149.000,35.875,0,0
397.500,150.000,35.875,0,0
397.500,151.000,35.875,0,0
397.500,152.000,35.875,0,0
397.500,153.000,35.875,0,0
397.500,154.000,35.875,0,0
397.500,155.000,35.875,0,0
397.500,156.000,35.875,0,0
397.500,157.000,35.875,0,0
397.500,158.000,35.875,0,0
397.500,159.000,35.875,0,0
397.500,160.000,35.875,0,0
397.500,161.000,35.875,0,0
397.500,162.000,35.875,0,0
397.500,163.000,35.875,0,0
397.500,164.000,35.875,0,0
397.500,165.000,35.875,0,0
397.500,166.000,35.875,0,0
397.500,167.000,35.875,0,0
397.500,168.000,35.875,0,0
397.500,169.000,35.875,0,0
397.500,170.000,35.875,0,0
397.500,171.000,35.875,0,0
397.500,172.000,35.875,0,0
397.500,173.000,35.875,0,0
397.500,174.000,35.875,0,0
397.500,175.000,35.875,0,0
397.500,176.000,35.875,0,0
397.500,177.000,35.875,0,0
397.500,178.000,35.875,0,0
397.500,179.000,35.875,0,0
397.500,180.000,35.875,0,0
400.000,20.000,35.000,1,1
400.000,21.000,35.000,1,1
400.000,22.000,35.000,1,1
400.000,23.000,35.000,1,1
400.000,24.000,35.000,1,1
400.000,25.000,35.000,1,1
400.000,26.000,35.000,1,1
400.000,27.000,35.000,1,1
400.000,28.000,35.000,1,1
400.000,29.000,35.000,1,1
400.000,30.000,35.000,1,1
400.000,31.000,35.000,1,1
400.000,32.000,35.000,1,1
400.000,33.000,35.000,1,1
400.000,34.000,35.000,1,1
400.000,35.000,35.000,1,1
400.000,36.000,35.000,0,1
400.000,37.000,35.000,0,1
400.000,38.000,35.000,0,1
400.000,39.000,35.000,0,1
400.000,40.000,35.000,0,1
400.000,41.000,35.000,0,1
400.000,42.000,35.000,0,1
400.000,43.000,35.000,0,1
400.000,44.000,35.000,0,1
400.000,45.000,35.000,0,1
400.000,46.000,35.000,0,1
400.000,47.000,35.000,0,1
400.000,48.000,35.000,0,1
400.000,49.000,35.000,0,1
400.000,50.000,35.000,0,1
400.000,51.000,35.000,0,1
400.000,52.000,35.000,0,1
400.000,53.000,35.000,0,1
400.000,54.000,35.000,0,1
400.000,55.000,35.000,0,1
400.000,56.000,35.000,0,1
400.000,57.000,35.000,0,1
400.000,58.000,35.000,0,1
400.000,59.000,35.000,0,1
400.000,60.000,35.000,0,1
400.000,61.000,35.000,0,1
400.000,62.000,35.000,0,1
400.000,63.000,35.000,0,1
400.000,64.000,35.000,0,1
400.000,65.000,35.000,0,1
400.000,66.000,35.000,0,1
400.000,67.000,35.000,0,1
400.000,68.000,35.000,0,1
400.000,69.000,35.000,0,1
400.000,70.000,35.000,0,1
400.000,71.000,35.000,0,1
400.000,72.000,35.000,0,1
400.000,73.000,35.000,0,1
400.000,74.000,35.000,0,1
400.000,75.000,35.000,0,1
400.000,76.000,35.000,0,1
400.000,77.000,35.000,0,1
400.000,78.000,35.000,0,1
400.000,79.000,35.000,0,1
400.000,80.000,35.000,0,1
400.000,81.000,35.000,0,1
400.000,82.000,35.000,0,1
400.000,83.000,35.000,0,1
400.000,84.000,35.000,0,1
400.000,85.000,35.000,0,1
400.000,86.000,35.000,0,1
400.000,87.000,35.000,0,1
400.000,88.000,35.000,0,1
400.000,89.000,35.000,0,1
400.000,90.000,35.000,0,1
400.000,91.000,35.000,0,1
400.000,92.000,35.000,0,1
400.000,93.000,35.000,0,1
400.000,94.000,35.000,0,1
400.000,95.000,35.000,0,1
400.000,96.000,35.000,0,1
400.000,97.000,35.000,0,1
400.000,98.000,35.000,0,1
400.000,99.000,35.000,0,1
400.000,100.000,35.000,0,1
400.000,101.000,35.000,0,1
400.000,102.000,35.000,0,1
400.000,103.000,35.000,0,1
400.000,104.000,35.000,0,1
400.000,105.000,35.000,0,1
400.000,106.000,35.000,0,1
400.000,107.000,35.000,0,1
400.000,108.000,35.000,0,1
400.000,109.000,35.000,0,1
400.000,110.000,35.000,0,1
400.000,111.000,35.000,0,1
400.000,112.000,35.000,0,1
400.000,113.000,35.000,0,1
400.000,114.000,35.000,0,1
400.000,115.000,35.000,0,1
400.000,116.000,35.000,0,0
400.000,117.000,35.000,0,0
400.000,118.000,35.000,0,0
400.000,119.000,35.000,0,0
400.000,120.000,35.000,0,0
400.000,121.000,35.000,0,0
400.000,122.000,35.000,0,0
400.000,123.000,35.000,0,0
400.000,124.000,35.000,0,0
400.000,125.000,35.000,0,0
400.000,126.000,35.000,0,0
400.000,127.000,35.000,0,0
400.000,128.000,35.000,0,0
400.000,129.000,35.000,0,0
400.000,130.000,35.000,0,0
400.000,131.000,35.000,0,0
400.000,132.000,35.000,0,0
400.000,133.000,35.000,0,0
400.000,134.000,35.000,0,0
400.000,135.000,35.000,0,0
400.000,136.000,35.000,0,0
400.000,137.000,35.000,0,0
400.000,138.000,35.000,0,0
400.000,139.000,35.000,0,0
400.000,140.000,35.000,0,0
400.000,141.000,35.000,0,0
400.000,142.000,35.000,0,0
400.000,143.000,35.000,0,0
400.000,144.000,35.000,0,0
400.000,145.000,35.000,0,0
400.000,146.000,35.000,0,0
400.000,147.000,35.000,0,0
400.000,148.000,35.000,0,0
400.000,149.000,35.000,0,0
400.000,150.000,35.000,0,0
400.000,151.000,35.000,0,0
400.000,152.000,35.000,0,0
400.000,153.000,35.000,0,0
400.000,154.000,35.000,0,0
400.000,155.000,35.000,0,0
400.000,156.000,35.000,0,0
400.000,157.000,35.000,0,0
400.000,158.000,35.000,0,0
400.000,159.000,35.000,0,0
400.000,160.000,35.000,0,0
400.000,161.000,35.000,0,0
400.000,162.000,35.000,0,0
400.000,163.000,35.000,0,0
400.000,164.000,35.000,0,0
400.000,165.000,35.000,0,0
400.000,166.000,35.000,0,0
400.000,167.000,35.000,0,0
400.000,168.000,35.000,0,0
400.000,169.000,35.000,0,0
400.000,170.000,35.000,0,0
400.000,171.000,35.000,0,0
400.000,172.000,35.000,0,0
400.000,173.000,35.000,0,0
400.000,174.000,35.000,0,0
400.000,175.000,35.000,0,0
400.000,176.000,35.000,0,0
400.000,177.000,35.000,0,0
400.000,178.000,35.000,0,0
400.000,179.000,35.000,0,0
400.000,180.000,35.000,0,0
402.500,20.000,34.125,1,1
402.500,21.000,34.125,1,1
402.500,22.000,34.125,1,1
402.500,23.000,34.125,1,1
402.500,24.000,34.125,1,1
402.500,25.000,34.125,1,1
402.500,26.000,34.125,1,1
402.500,27.000,34.125,1,1
402.500,28.000,34.125,1,1
402.500,29.000,34.125,1,1
402.500,30.000,34.125,1,1
402.500,31.000,34.125,1,1
402.500,32.000,34.125,1,1
402.500,33.000,34.125,1,1
402.500,34.000,34.125,1,1
402.500,35.000,34.125,0,1
402.500,36.000,34.125,0,1
402.500,37.000,34.125,0,1
402.500,38.000,34.125,0,1
402.500,39.000,34.125,0,1
402.500,40.000,34.125,0,1
402.500,41.000,34.125,0,1
402.500,42.000,34.125,0,1
402.500,43.000,34.125,0,1
402.500,44.000,34.125,0,1
402.500,45.000,34.125,0,1
402.500,46.000,34.125,0,1
402.500,47.000,34.125,0,1
402.500,48.000,34.125,0,1
402.500,49.000,34.125,0,1
402.500,50.000,34.125,0,1
402.500,51.000,34.125,0,1
402.500,52.000,34.125,0,1
402.500,53.000,34.125,0,1
402.500,54.000,34.125,0,1
402.500,55.000,34.125,0,1
402.500,56.000,34.125,0,1
402.500,57.000,34.125,0,1
402.500,58.000,34.125,0,1
402.500,59.000,34.125,0,1
402.500,60.000,34.125,0,1
402.500,61.000,34.125,0,1
402.500,62.000,34.125,0,1
402.500,63.000,34.125,0,1
402.500,64.000,34.125,0,1
402.500,65.000,34.125,0,1
402.500,66.000,34.125,0,1
402.500,67.000,34.125,0,1
402.500,68.000,34.125,0,1
402.500,69.000,34.125,0,1
402.500,70.000,34.125,0,1
402.500,71.000,34.125,0,1
402.500,72.000,34.125,0,1
402.500,73.000,34.125,0,1
402.500,74.000,34.125,0,1
402.500,75.000,34.125,0,1
402.500,76.000,34.125,0,1
402.500,77.000,34.125,0,1
402.500,78.000,34.125,0,1
402.500,79.000,34.125,0,1
402.500,80.000,34.125,0,1
402.500,81.000,34.125,0,1
402.500,82.000,34.125,0,1
402.500,83.000,34.125,0,1
402.500,84.000,34.125,0,1
402.500,85.000,34.125,0,1
402.500,86.000,34.125,0,1
402.500,87.000,34.125,0,1
402.500,88.000,34.125,0,1
402.500,89.000,34.125,0,1
402.500,90.000,34.125,0,1
402.500,91.000,34.125,0,1
402.500,92.000,34.125,0,1
402.500,93.000,34.125,0,1
402.500,94.000,34.125,0,1
402.500,95.000,34.125,0,1
402.500,96.000,34.125,0,1
402.500,97.000,34.125,0,1
402.500,98.000,34.125,0,1
402.500,99.000,34.125,0,1
402.500,100.000,34.125,0,1
402.500,101.000,34.125,0,1
402.500,102.000,34.125,0,1
402.500,103.000,34.125,0,1
402.500,104.000,34.125,0,1
402.500,105.000,34.125,0,1
402.500,106.000,34.125,0,1
402.500,107.000,34.125,0,1
402.500,108.000,34.125,0,1
402.500,109.000,34.125,0,1
402.500,110.000,34.125,0,1
402.500,111.000,34.125,0,1
402.500,112.000,34.125,0,1
402.500,113.000,34.125,0,1
402.500,114.000,34.125,0,1
402.500,115.000,34.125,0,0
402.500,116.000,34.125,0,0
402.500,117.000,34.125,0,0
402.500,118.000,34.125,0,0
402.500,119.000,34.125,0,0
402.500,120.000,34.125,0,0
402.500,121.000,34.125,0,0
402.500,122.000,34.125,0,0
402.500,123.000,34.125,0,0
402.500,124.000,34.125,0,0
402.500,125.000,34.125,0,0
402.500,126.000,34.125,0,0
402.500,127.000,34.125,0,0
402.500,128.000,34.125,0,0
402.500,129.000,34.125,0,0
402.500,130.000,34.125,0,0
402.500,131.000,34.125,0,0
402.500,132.000,34.125,0,0
402.500,133.000,34.125,0,0
402.500,134.000,34.125,0,0
402.500,135.000,34.125,0,0
402.500,136.000,34.125,0,0
402.500,137.000,34.125,0,0
402.500,138.000,34.125,0,0
402.500,139.000,34.125,0,0
402.500,140.000,34.125,0,0
402.500,141.000,34.125,0,0
402.500,142.000,34.125,0,0
402.500,143.000,34.125,0,0
402.500,144.000,34.125,0,0
402.500,145.000,34.125,0,0
402.500,146.000,34.125,0,0
402.500,147.000,34.125,0,0
402.500,148.000,34.125,0,0
402.500,149.000,34.125,0,0
402.500,150.000,34.125,0,0
402.500,151.000,34.125,0,0
402.500,152.000,34.125,0,0
402.500,153.000,34.125,0,0
402.500,154.000,34.125,0,0
402.500,155.000,34.125,0,0
402.500,156.000,34.125,0,0
402.500,157.000,34.125,0,0
402.500,158.000,34.125,0,0
402.500,159.000,34.125,0,0
402.500,160.000,34.125,0,0
402.500,161.000,34.125,0,0
402.500,162.000,34.125,0,0
402.500,163.000,34.125,0,0
402.500,164.000,34.125,0,0
402.500,165.000,34.125,0,0
402.500,166.000,34.125,0,0
402.500,167.000,34.125,0,0
402.500,168.000,34.125,0,0
402.500,169.000,34.125,0,0
402.500,170.000,34.125,0,0
402.500,171.000,34.125,0,0
402.500,172.000,34.125,0,0
402.500,173.000,34.125,0,0
402.500,174.000,34.125,0,0
402.500,175.000,34.125,0,0
402.500,176.000,34.125,0,0
402.500,177.000,34.125,0,0
402.500,178.000,34.125,0,0
402.500,179.000,34.125,0,0
402.500,180.000,34.125,0,0
405.000,20.000,33.250,1,1
405.000,21.000,33.250,1,1
405.000,22.000,33.250,1,1
405.000,23.000,33.250,1,1
405.000,24.000,33.250,1,1
405.000,25.000,33.250,1,1
405.000,26.000,33.250,1,1
405.000,27.000,33.250,1,1
405.000,28.000,33.250,1,1
405.000,29.000,33.250,1,1
405.000,30.000,33.250,1,1
405.000,31.000,33.250,1,1
405.000,32.000,33.250,1,1
405.000,33.000,33.250,1,1
405.000,34.000,33.250,0,1
405.000,35.000,33.250,0,1
405.000,36.000,33.250,0,1
405.000,37.000,33.250,0,1
405.000,38.000,33.250,0,1
405.000,39.000,33.250,0,1
405.000,40.000,33.250,0,1
405.000,41.000,33.250,0,1
405.000,42.000,33.250,0,1
405.000,43.000,33.250,0,1
405.000,44.000,33.250,0,1
405.000,45.000,33.250,0,1
405.000,46.000,33.250,0,1
405.000,47.000,33.250,0,1
405.000,48.000,33.250,0,1
405.000,49.000,33.250,0,1
405.000,50.000,33.250,0,1
405.000,51.000,33.250,0,1
405.000,52.000,33.250,0,1
405.000,53.000,33.250,0,1
405.000,54.000,33.250,0,1
405.000,55.000,33.250,0,1
405.000,56.000,33.250,0,1
405.000,57.000,33.250,0,1
405.000,58.000,33.250,0,1
405.000,59.000,33.250,0,1
405.000,60.000,33.250,0,1
405.000,61.000,33.250,0,1
405.000,62.000,33.250,0,1
405.000,63.000,33.250,0,1
405.000,64.000,33.250,0,1
405.000,65.000,33.250,0,1
405.000,66.000,33.250,0,1
405.000,67.000,33.250,0,1
405.000,68.000,33.250,0,1
405.000,69.000,33.250,0,1
405.000,70.000,33.250,0,1
405.000,71.000,33.250,0,1
405.000,72.000,33.250,0,1
405.000,73.000,33.250,0,1
405.000,74.000,33.250,0,1
405.000,75.000,33.250,0,1
405.000,76.000,33.250,0,1
405.000,77.000,33.250,0,1
405.000,78.000,33.250,0,1
405.000,79.000,33.250,0,1
405.000,80.000,33.250,0,1
405.000,81.000,33.250,0,1
405.000,82.000,33.250,0,1
405.000,83.000,33.250,0,1
405.000,84.000,33.250,0,1
405.000,85.000,33.250,0,1
405.000,86.000,33.250,0,1
405.000,87.000,33.250,0,1
405.000,88.000,33.250,0,1
405.000,89.000,33.250,0,1
405.000,90.000,33.250,0,1
405.000,91.000,33.250,0,1
405.000,92.000,33.250,0,1
405.000,93.000,33.250,0,1
405.000,94.000,33.250,0,1
405.000,95.000,33.250,0,1
405.000,96.000,33.250,0,1
405.000,97.000,33.250,0,1
405.000,98.000,33.250,0,1
405.000,99.000,33.250,0,1
405.000,100.000,33.250,0,1
405.000,101.000,33.250,0,1
405.000,102.000,33.250,0,1
405.000,103.000,33.250,0,1
405.000,104.000,33.250,0,1
405.000,105.000,33.250,0,1
405.000,106.000,33.250,0,1
405.000,107.000,33.250,0,1
405.000,108.000,33.250,0,1
405.000,109.000,33.250,0,1
405.000,110.000,33.250,0,1
405.000,111.000,33.250,0,1
405.000,112.000,33.250,0,1
405.000,113.000,33.250,0,1
405.000,114.000,33.250,0,0
405.000,115.000,33.250,0,0
405.000,116.000,33.250,0,0
405.000,117.000,33.250,0,0
405.000,118.000,33.250,0,0
405.000,119.000,33.250,0,0
405.000,120.000,33.250,0,0
405.000,121.000,33.250,0,0
405.000,122.000,33.250,0,0
405.000,123.000,33.250,0,0
405.000,124.000,33.250,0,0
405.000,125.000,33.250,0,0
405.000,126.000,33.250,0,0
405.000,127.000,33.250,0,0
405.000,128.000,33.250,0,0
405.000,129.000,33.250,0,0
405.000,130.000,33.250,0,0
405.000,131.000,33.250,0,0
405.000,132.000,33.250,0,0
405.000,133.000,33.250,0,0
405.000,134.000,33.250,0,0
405.000,135.000,33.250,0,0
405.000,136.000,33.250,0,0
405.000,137.000,33.250,0,0
405.000,138.000,33.250,0,0
405.000,139.000,33.250,0,0
405.000,140.000,33.250,0,0
405.000,141.000,33.250,0,0
405.000,142.000,33.250,0,0
405.000,143.000,33.250,0,0
405.000,144.000,33.250,0,0
405.000,145.000,33.250,0,0
405.000,146.000,33.250,0,0
405.000,147.000,33.250,0,0
405.000,148.000,33.250,0,0
405.000,149.000,33.250,0,0
405.000,150.000,33.250,0,0
405.000,151.000,33.250,0,0
405.000,152.000,33.250,0,0
405.000,153.000,33.250,0,0
405.000,154.000,33.250,0,0
405.000,155.000,33.250,0,0
405.000,156.000,33.250,0,0
405.000,157.000,33.250,0,0
405.000,158.000,33.250,0,0
405.000,159.000,33.250,0,0
405.000,160.000,33.250,0,0
405.000,161.000,33.250,0,0
405.000,162.000,33.250,0,0
405.000,163.000,33.250,0,0
405.000,164.000,33.250,0,0
405.000,165.000,33.250,0,0
405.000,166.000,33.250,0,0
405.000,167.000,33.250,0,0
405.000,168.000,33.250,0,0
405.000,169.000,33.250,0,0
405.000,170.000,33.250,0,0
405.000,171.000,33.250,0,0
405.000,172.000,33.250,0,0
405.000,173.000,33.250,0,0
405.000,174.000,33.250,0,0
405.000,175.000,33.250,0,0
405.000,176.000,33.250,0,0
405.000,177.000,33.250,0,0
405.000,178.000,33.250,0,0
405.000,179.000,33.250,0,0
405.000,180.000,33.250,0,0
407.500,20.000,32.375,1,1
407.500,21.000,32.375,1,1
407.500,22.000,32.375,1,1
407.500,23.000,32.375,1,1
407.500,24.000,32.375,1,1
407.500,25.000,32.375,1,1
407.500,26.000,32.375,1,1
407.500,27.000,32.375,1,1
407.500,28.000,32.375,1,1
407.500,29.000,32.375,1,1
407.500,30.000,32.375,1,1
407.500,31.000,32.375,1,1
407.500,32.000,32.375,1,1
407.500,33.000,32.375,0,1
407.500,34.000,32.375,0,1
407.500,35.000,32.375,0,1
407.500,36.000,32.375,0,1
407.500,37.000,32.375,0,1
407.500,38.000,32.375,0,1
407.500,39.000,32.375,0,1
407.500,40.000,32.375,0,1
407.500,41.000,32.375,0,1
407.500,42.000,32.375,0,1
407.500,43.000,32.375,0,1
407.500,44.000,32.375,0,1
407.500,45.000,32.375,0,1
407.500,46.000,32.375,0,1
407.500,47.000,32.375,0,1
407.500,48.000,32.375,0,1
407.500,49.000,32.375,0,1
407.500,50.000,32.375,0,1
407.500,51.000,32.375,0,1
407.500,52.000,32.375,0,1
407.500,53.000,32.375,0,1
407.500,54.000,32.375,0,1
407.500,55.000,32.375,0,1
407.500,56.000,32.375,0,1
407.500,57.000,32.375,0,1
407.500,58.000,32.375,0,1
407.500,59.000,32.375,0,1
407.500,60.000,32.375,0,1
407.500,61.000,32.375,0,1
407.500,62.000,32.375,0,1
407.500,63.000,32.375,0,1
407.500,64.000,32.375,0,1
407.500,65.000,32.375,0,1
407.500,66.000,32.375,0,1
407.500,67.000,32.375,0,1
407.500,68.000,32.375,0,1
407.500,69.000,32.375,0,1
407.500,70.000,32.375,0,1
407.500,71.000,32.375,0,1
407.500,72.000,32.375,0,1
407.500,73.000,32.375,0,1
407.500,74.000,32.375,0,1
407.500,75.000,32.375,0,1
407.500,76.000,32.375,0,1
407.500,77.000,32.375,0,1
407.500,78.000,32.375,0,1
407.500,79.000,32.375,0,1
407.500,80.000,32.375,0,1
407.500,81.000,32.375,0,1
407.500,82.000,32.375,0,1
407.500,83.000,32.375,0,1
407.500,84.000,32.375,0,1
407.500,85.000,32.375,0,1
407.500,86.000,32.375,0,1
407.500,87.000,32.375,0,1
407.500,88.000,32.375,0,1
407.500,89.000,32.375,0,1
407.500,90.000,32.375,0,1
407.500,91.000,32.375,0,1
407.500,92.000,32.375,0,1
407.500,93.000,32.375,0,1
407.500,94.000,32.375,0,1
407.500,95.000,32.375,0,1
407.500,96.000,32.375,0,1
407.500,97.000,32.375,0,1
407.500,98.000,32.375,0,1
407.500,99.000,32.375,0,1
407.500,100.000,32.375,0,1
407.500,101.000,32.375,0,1
407.500,102.000,32.375,0,1
407.500,103.000,32.375,0,1
407.500,104.000,32.375,0,1
407.500,105.000,32.375,0,1
407.500,106.000,32.375,0,1
407.500,107.000,32.375,0,1
407.500,108.000,32.375,0,1
407.500,109.000,32.375,0,1
407.500,110.000,32.375,0,1
407.500,111.000,32.375,0,1
407.500,112.000,32.375,0,1
407.500,113.000,32.375,0,0
407.500,114.000,32.375,0,0
407.500,115.000,32.375,0,0
407.500,116.000,32.375,0,0
407.500,117.000,32.375,0,0
407.500,118.000,32.375,0,0
407.500,119.000,32.375,0,0
407.500,120.000,32.375,0,0
407.500,121.000,32.375,0,0
407.500,122.000,32.375,0,0
407.500,123.000,32.375,0,0
407.500,124.000,32.375,0,0
407.500,125.000,32.375,0,0
407.500,126.000,32.375,0,0
407.500,127.000,32.375,0,0
407.500,128.000,32.375,0,0
407.500,129.000,32.375,0,0
407.500,130.000,32.375,0,0
407.500,131.000,32.375,0,0
407.500,132.000,32.375,0,0
407.500,133.000,32.375,0,0
407.500,134.000,32.375,0,0
407.500,135.000,32.375,0,0
407.500,136.000,32.375,0,0
407.500,137.000,32.375,0,0
407.500,138.000,32.375,0,0
407.500,139.000,32.375,0,0
407.500,140.000,32.375,0,0
407.500,141.000,32.375,0,0
407.500,142.000,32.375,0,0
407.500,143.000,32.375,0,0
407.500,144.000,32.375,0,0
407.500,145.000,32.375,0,0
407.500,146.000,32.375,0,0
407.500,147.000,32.375,0,0
407.500,148.000,32.375,0,0
407.500,149.000,32.375,0,0
407.500,150.000,32.375,0,0
407.500,151.000,32.375,0,0
407.500,152.000,32.375,0,0
407.500,153.000,32.375,0,0
407.500,154.000,32.375,0,0
407.500,155.000,32.375,0,0
407.500,156.000,32.375,0,0
407.500,157.000,32.375,0,0
407.500,158.000,32.375,0,0
407.500,159.000,32.375,0,0
407.500,160.000,32.375,0,0
407.500,161.000,32.375,0,0
407.500,162.000,32.375,0,0
407.500,163.000,32.375,0,0
407.500,164.000,32.375,0,0
407.500,165.000,32.375,0,0
407.500,166.000,32.375,0,0
407.500,167.000,32.375,0,0
407.500,168.000,32.375,0,0
407.500,169.000,32.375,0,0
407.500,170.000,32.375,0,0
407.500,171.000,32.375,0,0
407.500,172.000,32.375,0,0
407.500,173.000,32.375,0,0
407.500,174.000,32.375,0,0
407.500,175.000,32.375,0,0
407.500,176.000,32.375,0,0
407.500,177.000,32.375,0,0
407.500,178.000,32.375,0,0
407.500,179.000,32.375,0,0
407.500,180.000,32.375,0,0
410.000,20.000,31.500,1,1
410.000,21.000,31.500,1,1
410.000,22.000,31.500,1,1
410.000,23.000,31.500,1,1
410.000,24.000,31.500,1,1
410.000,25.000,31.500,1,1
410.000,26.000,31.500,1,1
410.000,27.000,31.500,1,1
410.000,28.000,31.500,1,1
410.000,29.000,31.500,1,1
410.000,30.000,31.500,1,1
410.000,31.000,31.500,1,1
410.000,32.000,31.500,0,1
410.000,33.000,31.500,0,1
410.000,34.000,31.500,0,1
410.000,35.000,31.500,0,1
410.000,36.000,31.500,0,1
410.000,37.000,31.500,0,1
410.000,38.000,31.500,0,1
410.000,39.000,31.500,0,1
410.000,40.000,31.500,0,1
410.000,41.000,31.500,0,1
410.000,42.000,31.500,0,1
410.000,43.000,31.500,0,1
410.000,44.000,31.500,0,1
410.000,45.000,31.500,0,1
410.000,46.000,31.500,0,1
410.000,47.000,31.500,0,1
410.000,48.000,31.500,0,1
410.000,49.000,31.500,0,1
410.000,50.000,31.500,0,1
410.000,51.000,31.500,0,1
410.000,52.000,31.500,0,1
410.000,53.000,31.500,0,1
410.000,54.000,31.500,0,1
410.000,55.000,31.500,0,1
410.000,56.000,31.500,0,1
410.000,57.000,31.500,0,1
410.000,58.000,31.500,0,1
410.000,59.000,31.500,0,1
410.000,60.000,31.500,0,1
410.000,61.000,31.500,0,1
410.000,62.000,31.500,0,1
410.000,63.000,31.500,0,1
410.000,64.000,31.500,0,1
410.000,65.000,31.500,0,1
410.000,66.000,31.500,0,1
410.000,67.000,31.500,0,1
410.000,68.000,31.500,0,1
410.000,69.000,31.500,0,1
410.000,70.000,31.500,0,1
410.000,71.000,31.500,0,1
410.000,72.000,31.500,0,1
410.000,73.000,31.500,0,1
410.000,74.000,31.500,0,1
410.000,75.000,31.500,0,1
410.000,76.000,31.500,0,1
410.000,77.000,31.500,0,1
410.000,78.000,31.500,0,1
410.000,79.000,31.500,0,1
410.000,80.000,31.500,0,1
410.000,81.000,31.500,0,1
410.000,82.000,31.500,0,1
410.000,83.000,31.500,0,1
410.000,84.000,31.500,0,1
410.000,85.000,31.500,0,1
410.000,86.000,31.500,0,1
410.000,87.000,31.500,0,1
410.000,88.000,31.500,0,1
410.000,89.000,31.500,0,1
410.000,90.000,31.500,0,1
410.000,91.000,31.500,0,1
410.000,92.000,31.500,0,1
410.000,93.000,31.500,0,1
410.000,94.000,31.500,0,1
410.000,95.000,31.500,0,1
410.000,96.000,31.500,0,1
410.000,97.000,31.500,0,1
410.000,98.000,31.500,0,1
410.000,99.000,31.500,0,1
410.000,100.000,31.500,0,1
410.000,101.000,31.500,0,1
410.000,102.000,31.500,0,1
410.000,103.000,31.500,0,1
410.000,104.000,31.500,0,1
410.000,105.000,31.500,0,1
410.000,106.000,31.500,0,1
410.000,107.000,31.500,0,1
410.000,108.000,31.500,0,1
410.000,109.000,31.500,0,1
410.000,110.000,31.500,0,1
410.000,111.000,31.500,0,1
410.000,112.000,31.500,0,0
410.000,113.000,31.500,0,0
410.000,114.000,31.500,0,0
410.000,115.000,31.500,0,0
410.000,116.000,31.500,0,0
410.000,117.000,31.500,0,0
410.000,118.000,31.500,0,0
410.000,119.000,31.500,0,0
410.000,120.000,31.500,0,0
410.000,121.000,31.500,0,0
410.000,122.000,31.500,0,0
410.000,123.000,31.500,0,0
410.000,124.000,31.500,0,0
410.000,125.000,31.500,0,0
410.000,126.000,31.500,0,0
410.000,127.000,31.500,0,0
410.000,128.000,31.500,0,0
410.000,129.000,31.500,0,0
410.000,130.000,31.500,0,0
410.000,131.000,31.500,0,0
410.000,132.000,31.500,0,0
410.000,133.000,31.500,0,0
410.000,134.000,31.500,0,0
410.000,135.000,31.500,0,0
410.000,136.000,31.500,0,0
410.000,137.000,31.500,0,0
410.000,138.000,31.500,0,0
410.000,139.000,31.500,0,0
410.000,140.000,31.500,0,0
410.000,141.000,31.500,0,0
410.000,142.000,31.500,0,0
410.000,143.000,31.500,0,0
410.000,144.000,31.500,0,0
410.000,145.000,31.500,0,0
410.000,146.000,31.500,0,0
410.000,147.000,31.500,0,0
410.000,148.000,31.500,0,0
410.000,149.000,31.500,0,0
410.000,150.000,31.500,0,0
410.000,151.000,31.500,0,0
410.000,152.000,31.500,0,0
410.000,153.000,31.500,0,0
410.000,154.000,31.500,0,0
410.000,155.000,31.500,0,0
410.000,156.000,31.500,0,0
410.000,157.000,31.500,0,0
410.000,158.000,31.500,0,0
410.000,159.000,31.500,0,0
410.000,160.000,31.500,0,0
410.000,161.000,31.500,0,0
410.000,162.000,31.500,0,0
410.000,163.000,31.500,0,0
410.000,164.000,31.500,0,0
410.000,165.000,31.500,0,0
410.000,166.000,31.500,0,0
410.000,167.000,31.500,0,0
410.000,168.000,31.500,0,0
410.000,169.000,31.500,0,0
410.000,170.000,31.500,0,0
410.000,171.000,31.500,0,0
410.000,172.000,31.500,0,0
410.000,173.000,31.500,0,0
410.000,174.000,31.500,0,0
410.000,175.000,31.500,0,0
410.000,176.000,31.500,0,0
410.000,177.000,31.500,0,0
410.000,178.000,31.500,0,0
410.000,179.000,31.500,0,0
410.000,180.000,31.500,0,0
412.500,20.000,30.625,1,1
412.500,21.000,30.625,1,1
412.500,22.000,30.625,1,1
412.500,23.000,30.625,1,1
412.500,24.000,30.625,1,1
412.500,25.000,30.625,1,1
412.500,26.000,30.625,1,1
412.500,27.000,30.625,1,1
412.500,28.000,30.625,1,1
412.500,29.000,30.625,1,1
412.500,30.000,30.625,1,1
412.500,31.000,30.625,0,1
412.500,32.000,30.625,0,1
412.500,33.000,30.625,0,1
412.500,34.000,30.625,0,1
412.500,35.000,30.625,0,1
412.500,36.000,30.625,0,1
412.500,37.000,30.625,0,1
412.500,38.000,30.625,0,1
412.500,39.000,30.625,0,1
412.500,40.000,30.625,0,1
412.500,41.000,30.625,0,1
412.500,42.000,30.625,0,1
412.500,43.000,30.625,0,1
412.500,44.000,30.625,0,1
412.500,45.000,30.625,0,1
412.500,46.000,30.625,0,1
412.500,47.000,30.625,0,1
412.500,48.000,30.625,0,1
412.500,49.000,30.625,0,1
412.500,50.000,30.625,0,1
412.500,51.000,30.625,0,1
412.500,52.000,30.625,0,1
412.500,53.000,30.625,0,1
412.500,54.000,30.625,0,1
412.500,55.000,30.625,0,1
412.500,56.000,30.625,0,1
412.500,57.000,30.625,0,1
412.500,58.000,30.625,0,1
412.500,59.000,30.625,0,1
412.500,60.000,30.625,0,1
412.500,61.000,30.625,0,1
412.500,62.000,30.625,0,1
412.500,63.000,30.625,0,1
412.500,64.000,30.625,0,1
412.500,65.000,30.625,0,1
412.500,66.000,30.625,0,1
412.500,67.000,30.625,0,1
412.500,68.000,30.625,0,1
412.500,69.000,30.625,0,1
412.500,70.000,30.625,0,1
412.500,71.000,30.625,0,1
412.500,72.000,30.625,0,1
412.500,73.000,30.625,0,1
412.500,74.000,30.625,0,1
412.500,75.000,30.625,0,1
412.500,76.000,30.625,0,1
412.500,77.000,30.625,0,1
412.500,78.000,30.625,0,1
412.500,79.000,30.625,0,1
412.500,80.000,30.625,0,1
412.500,81.000,30.625,0,1
412.500,82.000,30.625,0,1
412.500,83.000,30.625,0,1
412.500,84.000,30.625,0,1
412.500,85.000,30.625,0,1
412.500,86.000,30.625,0,1
412.500,87.000,30.625,0,1
412.500,88.000,30.625,0,1
412.500,89.000,30.625,0,1
412.500,90.000,30.625,0,1
412.500,91.000,30.625,0,1
412.500,92.000,30.625,0,1
412.500,93.000,30.625,0,1
412.500,94.000,30.625,0,1
412.500,95.000,30.625,0,1
412.500,96.000,30.625,0,1
412.500,97.000,30.625,0,1
412.500,98.000,30.625,0,1
412.500,99.000,30.625,0,1
412.500,100.000,30.625,0,1
412.500,101.000,30.625,0,1
412.500,102.000,30.625,0,1
412.500,103.000,30.625,0,1
412.500,104.000,30.625,0,1
412.500,105.000,30.625,0,1
412.500,106.000,30.625,0,1
412.500,107.000,30.625,0,1
412.500,108.000,30.625,0,1
412.500,109.000,30.625,0,1
412.500,110.000,30.625,0,1
412.500,111.000,30.625,0,0
412.500,112.000,30.625,0,0
412.500,113.000,30.625,0,0
412.500,114.000,30.625,0,0
412.500,115.000,30.625,0,0
412.500,116.000,30.625,0,0
412.500,117.000,30.625,0,0
412.500,118.000,30.625,0,0
412.500,119.000,30.625,0,0
412.500,120.000,30.625,0,0
412.500,121.000,30.625,0,0
412.500,122.000,30.625,0,0
412.500,123.000,30.625,0,0
412.500,124.000,30.625,0,0
412.500,125.000,30.625,0,0
412.500,126.000,30.625,0,0
412.500,127.000,30.625,0,0
412.500,128.000,30.625,0,0
412.500,129.000,30.625,0,0
412.500,130.000,30.625,0,0
412.500,131.000,30.625,0,0
412.500,132.000,30.625,0,0
412.500,133.000,30.625,0,0
412.500,134.000,30.625,0,0
412.500,135.000,30.625,0,0
412.500,136.000,30.625,0,0
412.500,137.000,30.625,0,0
412.500,138.000,30.625,0,0
412.500,139.000,30.625,0,0
412.500,140.000,30.625,0,0
412.500,141.000,30.625,0,0
412.500,142.000,30.625,0,0
412.500,143.000,30.625,0,0
412.500,144.000,30.625,0,0
412.500,145.000,30.625,0,0
412.500,146.000,30.625,0,0
412.500,147.000,30.625,0,0
412.500,148.000,30.625,0,0
412.500,149.000,30.625,0,0
412.500,150.000,30.625,0,0
412.500,151.000,30.625,0,0
412.500,152.000,30.625,0,0
412.500,153.000,30.625,0,0
412.500,154.000,30.625,0,0
412.500,155.000,30.625,0,0
412.500,156.000,30.625,0,0
412.500,157.000,30.625,0,0
412.500,158.000,30.625,0,0
412.500,159.000,30.625,0,0
412.500,160.000,30.625,0,0
412.500,161.000,30.625,0,0
412.500,162.000,30.625,0,0
412.500,163.000,30.625,0,0
412.500,164.000,30.625,0,0
412.500,165.000,30.625,0,0
412.500,166.000,30.625,0,0
412.500,167.000,30.625,0,0
412.500,168.000,30.625,0,0
412.500,169.000,30.625,0,0
412.500,170.000,30.625,0,0
412.500,171.000,30.625,0,0
412.500,172.000,30.625,0,0
412.500,173.000,30.625,0,0
412.500,174.000,30.625,0,0
412.500,175.000,30.625,0,0
412.500,176.000,30.625,0,0
412.500,177.000,30.625,0,0
412.500,178.000,30.625,0,0
412.500,179.000,30.625,0,0
412.500,180.000,30.625,0,0
415.000,20.000,29.750,1,1
415.000,21.000,29.750,1,1
415.000,22.000,29.750,1,1
415.000,23.000,29.750,1,1
415.000,24.000,29.750,1,1
415.000,25.000,29.750,1,1
415.000,26.000,29.750,1,1
415.000,27.000,29.750,1,1
415.000,28.000,29.750,1,1
415.000,29.000,29.750,1,1
415.000,30.000,29.750,0,1
415.000,31.000,29.750,0,1
415.000,32.000,29.750,0,1
415.000,33.000,29.750,0,1
415.000,34.000,29.750,0,1
415.000,35.000,29.750,0,1
415.000,36.000,29.750,0,1
415.000,37.000,29.750,0,1
415.000,38.000,29.750,0,1
415.000,39.000,29.750,0,1
415.000,40.000,29.750,0,1
415.000,41.000,29.750,0,1
415.000,42.000,29.750,0,1
415.000,43.000,29.750,0,1
415.000,44.000,29.750,0,1
415.000,45.000,29.750,0,1
415.000,46.000,29.750,0,1
415.000,47.000,29.750,0,1
415.000,48.000,29.750,0,1
415.000,49.000,29.750,0,1
415.000,50.000,29.750,0,1
415.000,51.000,29.750,0,1
415.000,52.000,29.750,0,1
415.000,53.000,29.750,0,1
415.000,54.000,29.750,0,1
415.000,55.000,29.750,0,1
415.000,56.000,29.750,0,1
415.000,57.000,29.750,0,1
415.000,58.000,29.750,0,1
415.000,59.000,29.750,0,1
415.000,60.000,29.750,0,1
415.000,61.000,29.750,0,1
415.000,62.000,29.750,0,1
415.000,63.000,29.750,0,1
415.000,64.000,29.750,0,1
415.000,65.000,29.750,0,1
415.000,66.000,29.750,0,1
415.000,67.000,29.750,0,1
415.000,68.000,29.750,0,1
415.000,69.000,29.750,0,1
415.000,70.000,29.750,0,1
415.000,71.000,29.750,0,1
415.000,72.000,29.750,0,1
415.000,73.000,29.750,0,1
415.000,74.000,29.750,0,1
415.000,75.000,29.750,0,1
415.000,76.000,29.750,0,1
415.000,77.000,29.750,0,1
415.000,78.000,29.750,0,1
415.000,79.000,29.750,0,1
415.000,80.000,29.750,0,1
415.000,81.000,29.750,0,1
415.000,82.000,29.750,0,1
415.000,83.000,29.750,0,1
415.000,84.000,29.750,0,1
415.000,85.000,29.750,0,1
415.000,86.000,29.750,0,1
415.000,87.000,29.750,0,1
415.000,88.000,29.750,0,1
415.000,89.000,29.750,0,1
415.000,90.000,29.750,0,1
415.000,91.000,29.750,0,1
415.000,92.000,29.750,0,1
415.000,93.000,29.750,0,1
415.000,94.000,29.750,0,1
415.000,95.000,29.750,0,1
415.000,96.000,29.750,0,1
415.000,97.000,29.750,0,1
415.000,98.000,29.750,0,1
415.000,99.000,29.750,0,1
415.000,100.000,29.750,0,1
415.000,101.000,29.750,0,1
415.000,102.000,29.750,0,1
415.000,103.000,29.750,0,1
415.000,104.000,29.750,0,1
415.000,105.000,29.750,0,1
415.000,106.000,29.750,0,1
415.000,107.000,29.750,0,1
415.000,108.000,29.750,0,1
415.000,109.000,29.750,0,1
415.000,110.000,29.750,0,0
415.000,111.000,29.750,0,0
415.000,112.000,29.750,0,0
415.000,113.000,29.750,0,0
415.000,114.000,29.750,0,0
415.000,115.000,29.750,0,0
415.000,116.000,29.750,0,0
415.000,117.000,29.750,0,0
415.000,118.000,29.750,0,0
415.000,119.000,29.750,0,0
415.000,120.000,29.750,0,0
415.000,121.000,29.750,0,0
415.000,122.000,29.750,0,0
415.000,123.000,29.750,0,0
415.000,124.000,29.750,0,0
415.000,125.000,29.750,0,0
415.000,126.000,29.750,0,0
415.000,127.000,29.750,0,0
415.000,128.000,29.750,0,0
415.000,129.000,29.750,0,0
415.000,130.000,29.750,0,0
415.000,131.000,29.750,0,0
415.000,132.000,29.750,0,0
415.000,133.000,29.750,0,0
415.000,134.000,29.750,0,0
415.000,135.000,29.750,0,0
415.000,136.000,29.750,0,0
415.000,137.000,29.750,0,0
415.000,138.000,29.750,0,0
415.000,139.000,29.750,0,0
415.000,140.000,29.750,0,0
415.000,141.000,29.750,0,0
415.000,142.000,29.750,0,0
415.000,143.000,29.750,0,0
415.000,144.000,29.750,0,0
415.000,145.000,29.750,0,0
415.000,146.000,29.750,0,0
415.000,147.000,29.750,0,0
415.000,148.000,29.750,0,0
415.000,149.000,29.750,0,0
415.000,150.000,29.750,0,0
415.000,151.000,29.750,0,0
415.000,152.000,29.750,0,0
415.000,153.000,29.750,0,0
415.000,154.000,29.750,0,0
415.000,155.000,29.750,0,0
415.000,156.000,29.750,0,0
415.000,157.000,29.750,0,0
415.000,158.000,29.750,0,0
415.000,159.000,29.750,0,0
415.000,160.000,29.750,0,0
415.000,161.000,29.750,0,0
415.000,162.000,29.750,0,0
415.000,163.000,29.750,0,0
415.000,164.000,29.750,0,0
415.000,165.000,29.750,0,0
415.000,166.000,29.750,0,0
415.000,167.000,29.750,0,0
415.000,168.000,29.750,0,0
415.000,169.000,29.750,0,0
415.000,170.000,29.750,0,0
415.000,171.000,29.750,0,0
415.000,172.000,29.750,0,0
415.000,173.000,29.750,0,0
415.000,174.000,29.750,0,0
415.000,175.000,29.750,0,0
415.000,176.000,29.750,0,0
415.000,177.000,29.750,0,0
415.000,178.000,29.750,0,0
415.000,179.000,29.750,0,0
415.000,180.000,29.750,0,0
417.500,20.000,28.875,1,1
417.500,21.000,28.875,1,1
417.500,22.000,28.875,1,1
417.500,23.000,28.875,1,1
417.500,24.000,28.875,1,1
417.500,25.000,28.875,1,1
417.500,26.000,28.875,1,1
417.500,27.000,28.875,1,1
417.500,28.000,28.875,1,1
417.500,29.000,28.875,0,1
417.500,30.000,28.875,0,1
417.500,31.000,28.875,0,1
417.500,32.000,28.875,0,1
417.500,33.000,28.875,0,1
417.500,34.000,28.875,0,1
417.500,35.000,28.875,0,1
417.500,36.000,28.875,0,1
417.500,37.000,28.875,0,1
417.500,38.000,28.875,0,1
417.500,39.000,28.875,0,1
417.500,40.000,28.875,0,1
417.500,41.000,28.875,0,1
417.500,42.000,28.875,0,1
417.500,43.000,28.875,0,1
417.500,44.000,28.875,0,1
417.500,45.000,28.875,0,1
417.500,46.000,28.875,0,1
417.500,47.000,28.875,0,1
417.500,48.000,28.875,0,1
417.500,49.000,28.875,0,1
417.500,50.000,28.875,0,1
417.500,51.000,28.875,0,1
417.500,52.000,28.875,0,1
417.500,53.000,28.875,0,1
417.500,54.000,28.875,0,1
417.500,55.000,28.875,0,1
417.500,56.000,28.875,0,1
417.500,57.000,28.875,0,1
417.500,58.000,28.875,0,1
417.500,59.000,28.875,0,1
417.500,60.000,28.875,0,1
417.500,61.000,28.875,0,1
417.500,62.000,28.875,0,1
417.500,63.000,28.875,0,1
417.500,64.000,28.875,0,1
417.500,65.000,28.875,0,1
417.500,66.000,28.875,0,1
417.500,67.000,28.875,0,1
417.500,68.000,28.875,0,1
417.500,69.000,28.875,0,1
417.500,70.000,28.875,0,1
417.500,71.000,28.875,0,1
417.500,72.000,28.875,0,1
417.500,73.000,28.875,0,1
417.500,74.000,28.875,0,1
417.500,75.000,28.875,0,1
417.500,76.000,28.875,0,1
417.500,77.000,28.875,0,1
417.500,78.000,28.875,0,1
417.500,79.000,28.875,0,1
417.500,80.000,28.875,0,1
417.500,81.000,28.875,0,1
417.500,82.000,28.875,0,1
417.500,83.000,28.875,0,1
417.500,84.000,28.875,0,1
417.500,85.000,28.875,0,1
417.500,86.000,28.875,0,1
417.500,87.000,28.875,0,1
417.500,88.000,28.875,0,1
417.500,89.000,28.875,0,1
417.500,90.000,28.875,0,1
417.500,91.000,28.875,0,1
417.500,92.000,28.875,0,1
417.500,93.000,28.875,0,1
417.500,94.000,28.875,0,1
417.500,95.000,28.875,0,1
417.500,96.000,28.875,0,1
417.500,97.000,28.875,0,1
417.500,98.000,28.875,0,1
417.500,99.000,28.875,0,1
417.500,100.000,28.875,0,1
417.500,101.000,28.875,0,1
417.500,102.000,28.875,0,1
417.500,103.000,28.875,0,1
417.500,104.000,28.875,0,1
417.500,105.000,28.875,0,1
417.500,106.000,28.875,0,1
417.500,107.000,28.875,0,1
417.500,108.000,28.875,0,1
417.500,109.000,28.875,0,0
417.500,110.000,28.875,0,0
417.500,111.000,28.875,0,0
417.500,112.000,28.875,0,0
417.500,113.000,28.875,0,0
417.500,114.000,28.875,0,0
417.500,115.000,28.875,0,0
417.500,116.000,28.875,0,0
417.500,117.000,28.875,0,0
417.500,118.000,28.875,0,0
417.500,119.000,28.875,0,0
417.500,120.000,28.875,0,0
417.500,121.000,28.875,0,0
417.500,122.000,28.875,0,0
417.500,123.000,28.875,0,0
417.500,124.000,28.875,0,0
417.500,125.000,28.875,0,0
417.500,126.000,28.875,0,0
417.500,127.000,28.875,0,0
417.500,128.000,28.875,0,0
417.500,129.000,28.875,0,0
417.500,130.000,28.875,0,0
417.500,131.000,28.875,0,0
417.500,132.000,28.875,0,0
417.500,133.000,28.875,0,0
417.500,134.000,28.875,0,0
417.500,135.000,28.875,0,0
417.500,136.000,28.875,0,0
417.500,137.000,28.875,0,0
417.500,138.000,28.875,0,0
417.500,139.000,28.875,0,0
417.500,140.000,28.875,0,0
417.500,141.000,28.875,0,0
417.500,142.000,28.875,0,0
417.500,143.000,28.875,0,0
417.500,144.000,28.875,0,0
417.500,145.000,28.875,0,0
417.500,146.000,28.875,0,0
417.500,147.000,28.875,0,0
417.500,148.000,28.875,0,0
417.500,149.000,28.875,0,0
417.500,150.000,28.875,0,0
417.500,151.000,28.875,0,0
417.500,152.000,28.875,0,0
417.500,153.000,28.875,0,0
417.500,154.000,28.875,0,0
417.500,155.000,28.875,0,0
417.500,156.000,28.875,0,0
417.500,157.000,28.875,0,0
417.500,158.000,28.875,0,0
417.500,159.000,28.875,0,0
417.500,160.000,28.875,0,0
417.500,161.000,28.875,0,0
417.500,162.000,28.875,0,0
417.500,163.000,28.875,0,0
417.500,164.000,28.875,0,0
417.500,165.000,28.875,0,0
417.500,166.000,28.875,0,0
417.500,167.000,28.875,0,0
417.500,168.000,28.875,0,0
417.500,169.000,28.875,0,0
417.500,170.000,28.875,0,0
417.500,171.000,28.875,0,0
417.500,172.000,28.875,0,0
417.500,173.000,28.875,0,0
417.500,174.000,28.875,0,0
417.500,175.000,28.875,0,0
417.500,176.000,28.875,0,0
417.500,177.000,28.875,0,0
417.500,178.000,28.875,0,0
417.500,179.000,28.875,0,0
417.500,180.000,28.875,0,0
420.000,20.000,28.000,1,1
420.000,21.000,28.000,1,1
420.000,22.000,28.000,1,1
420.000,23.000,28.000,1,1
420.000,24.000,28.000,1,1
420.000,25.000,28.000,1,1
420.000,26.000,28.000,1,1
420.000,27.000,28.000,1,1
420.000,28.000,28.000,0,1
420.000,29.000,28.000,0,1
420.000,30.000,28.000,0,1
420.000,31.000,28.000,0,1
420.000,32.000,28.000,0,1
420.000,33.000,28.000,0,1
420.000,34.000,28.000,0,1
420.000,35.000,28.000,0,1
420.000,36.000,28.000,0,1
420.000,37.000,28.000,0,1
420.000,38.000,28.000,0,1
420.000,39.000,28.000,0,1
420.000,40.000,28.000,0,1
420.000,41.000,28.000,0,1
420.000,42.000,28.000,0,1
420.000,43.000,28.000,0,1
420.000,44.000,28.000,0,1
420.000,45.000,28.000,0,1
420.000,46.000,28.000,0,1
420.000,47.000,28.000,0,1
420.000,48.000,28.000,0,1
420.000,49.000,28.000,0,1
420.000,50.000,28.000,0,1
420.000,51.000,28.000,0,1
420.000,52.000,28.000,0,1
420.000,53.000,28.000,0,1
420.000,54.000,28.000,0,1
420.000,55.000,28.000,0,1
420.000,56.000,28.000,0,1
420.000,57.000,28.000,0,1
420.000,58.000,28.000,0,1
420.000,59.000,28.000,0,1
420.000,60.000,28.000,0,1
420.000,61.000,28.000,0,1
420.000,62.000,28.000,0,1
420.000,63.000,28.000,0,1
420.000,64.000,28.000,0,1
420.000,65.000,28.000,0,1
420.000,66.000,28.000,0,1
420.000,67.000,28.000,0,1
420.000,68.000,28.000,0,1
420.000,69.000,28.000,0,1
420.000,70.000,28.000,0,1
420.000,71.000,28.000,0,1
420.000,72.000,28.000,0,1
420.000,73.000,28.000,0,1
420.000,74.000,28.000,0,1
420.000,75.000,28.000,0,1
420.000,76.000,28.000,0,1
420.000,77.000,28.000,0,1
420.000,78.000,28.000,0,1
420.000,79.000,28.000,0,1
420.000,80.000,28.000,0,1
420.000,81.000,28.000,0,1
420.000,82.000,28.000,0,1
420.000,83.000,28.000,0,1
420.000,84.000,28.000,0,1
420.000,85.000,28.000,0,1
420.000,86.000,28.000,0,1
420.000,87.000,28.000,0,1
420.000,88.000,28.000,0,1
420.000,89.000,28.000,0,1
420.000,90.000,28.000,0,1
420.000,91.000,28.000,0,1
420.000,92.000,28.000,0,1
420.000,93.000,28.000,0,1
420.000,94.000,28.000,0,1
420.000,95.000,28.000,0,1
420.000,96.000,28.000,0,1
420.000,97.000,28.000,0,1
420.000,98.000,28.000,0,1
420.000,99.000,28.000,0,1
420.000,100.000,28.000,0,1
420.000,101.000,28.000,0,1
420.000,102.000,28.000,0,1
420.000,103.000,28.000,0,1
420.000,104.000,28.000,0,1
420.000,105.000,28.000,0,1
420.000,106.000,28.000,0,1
420.000,107.000,28.000,0,1
420.000,108.000,28.000,0,1
420.000,109.000,28.000,0,0
420.000,110.000,28.000,0,0
420.000,111.000,28.000,0,0
420.000,112.000,28.000,0,0
420.000,113.000,28.000,0,0
420.000,114.000,28.000,0,0
420.000,115.000,28.000,0,0
420.000,116.000,28.000,0,0
420.000,117.000,28.000,0,0
420.000,118.000,28.000,0,0
420.000,119.000,28.000,0,0
420.000,120.000,28.000,0,0
420.000,121.000,28.000,0,0
420.000,122.000,28.000,0,0
420.000,123.000,28.000,0,0
420.000,124.000,28.000,0,0
420.000,125.000,28.000,0,0
420.000,126.000,28.000,0,0
420.000,127.000,28.000,0,0
420.000,128.000,28.000,0,0
420.000,129.000,28.000,0,0
420.000,130.000,28.000,0,0
420.000,131.000,28.000,0,0
420.000,132.000,28.000,0,0
420.000,133.000,28.000,0,0
420.000,134.000,28.000,0,0
420.000,135.000,28.000,0,0
420.000,136.000,28.000,0,0
420.000,137.000,28.000,0,0
420.000,138.000,28.000,0,0
420.000,139.000,28.000,0,0
420.000,140.000,28.000,0,0
420.000,141.000,28.000,0,0
420.000,142.000,28.000,0,0
420.000,143.000,28.000,0,0
420.000,144.000,28.000,0,0
420.000,145.000,28.000,0,0
420.000,146.000,28.000,0,0
420.000,147.000,28.000,0,0
420.000,148.000,28.000,0,0
420.000,149.000,28.000,0,0
420.000,150.000,28.000,0,0
420.000,151.000,28.000,0,0
420.000,152.000,28.000,0,0
420.000,153.000,28.000,0,0
420.000,154.000,28.000,0,0
420.000,155.000,28.000,0,0
420.000,156.000,28.000,0,0
420.000,157.000,28.000,0,0
420.000,158.000,28.000,0,0
420.000,159.000,28.000,0,0
420.000,160.000,28.000,0,0
420.000,161.000,28.000,0,0
420.000,162.000,28.000,0,0
420.000,163.000,28.000,0,0
420.000,164.000,28.000,0,0
420.000,165.000,28.000,0,0
420.000,166.000,28.000,0,0
420.000,167.000,28.000,0,0
420.000,168.000,28.000,0,0
420.000,169.000,28.000,0,0
420.000,170.000,28.000,0,0
420.000,171.000,28.000,0,0
420.000,172.000,28.000,0,0
420.000,173.000,28.000,0,0
420.000,174.000,28.000,0,0
420.000,175.000,28.000,0,0
420.000,176.000,28.000,0,0
420.000,177.000,28.000,0,0
420.000,178.000,28.000,0,0
420.000,179.000,28.000,0,0
420.000,180.000,28.000,0,0
422.500,20.000,27.125,1,1
422.500,21.000,27.125,1,1
422.500,22.000,27.125,1,1
422.500,23.000,27.125,1,1
422.500,24.000,27.125,1,1
422.500,25.000,27.125,1,1
422.500,26.000,27.125,1,1
422.500,27.000,27.125,1,1
422.500,28.000,27.125,0,1
422.500,29.000,27.125,0,1
422.500,30.000,27.125,0,1
422.500,31.000,27.125,0,1
422.500,32.000,27.125,0,1
422.500,33.000,27.125,0,1
422.500,34.000,27.125,0,1
422.500,35.000,27.125,0,1
422.500,36.000,27.125,0,1
422.500,37.000,27.125,0,1
422.500,38.000,27.125,0,1
422.500,39.000,27.125,0,1
422.500,40.000,27.125,0,1
422.500,41.000,27.125,0,1
422.500,42.000,27.125,0,1
422.500,43.000,27.125,0,1
422.500,44.000,27.125,0,1
422.500,45.000,27.125,0,1
422.500,46.000,27.125,0,1
422.500,47.000,27.125,0,1
422.500,48.000,27.125,0,1
422.500,49.000,27.125,0,1
422.500,50.000,27.125,0,1
422.500,51.000,27.125,0,1
422.500,52.000,27.125,0,1
422.500,53.000,27.125,0,1
422.500,54.000,27.125,0,1
422.500,55.000,27.125,0,1
422.500,56.000,27.125,0,1
422.500,57.000,27.125,0,1
422.500,58.000,27.125,0,1
422.500,59.000,27.125,0,1
422.500,60.000,27.125,0,1
422.500,61.000,27.125,0,1
422.500,62.000,27.125,0,1
422.500,63.000,27.125,0,1
422.500,64.000,27.125,0,1
422.500,65.000,27.125,0,1
422.500,66.000,27.125,0,1
422.500,67.000,27.125,0,1
422.500,68.000,27.125,0,1
422.500,69.000,27.125,0,1
422.500,70.000,27.125,0,1
422.500,71.000,27.125,0,1
422.500,72.000,27.125,0,1
422.500,73.000,27.125,0,1
422.500,74.000,27.125,0,1
422.500,75.000,27.125,0,1
422.500,76.000,27.125,0,1
422.500,77.000,27.125,0,1
422.500,78.000,27.125,0,1
422.500,79.000,27.125,0,1
422.500,80.000,27.125,0,1
422.500,81.000,27.125,0,1
422.500,82.000,27.125,0,1
422.500,83.000,27.125,0,1
422.500,84.000,27.125,0,1
422.500,85.000,27.125,0,1
422.500,86.000,27.125,0,1
422.500,87.000,27.125,0,1
422.500,88.000,27.125,0,1
422.500,89.000,27.125,0,1
422.500,90.000,27.125,0,1
422.500,91.000,27.125,0,1
422.500,92.000,27.125,0,1
422.500,93.000,27.125,0,1
422.500,94.000,27.125,0,1
422.500,95.000,27.125,0,1
422.500,96.000,27.125,0,1
422.500,97.000,27.125,0,1
422.500,98.000,27.125,0,1
422.500,99.000,27.125,0,1
422.500,100.000,27.125,0,1
422.500,101.000,27.125,0,1
422.500,102.000,27.125,0,1
422.500,103.000,27.125,0,1
422.500,104.000,27.125,0,1
422.500,105.000,27.125,0,1
422.500,106.000,27.125,0,1
422.500,107.000,27.125,0,1
422.500,108.000,27.125,0,0
422.500,109.000,27.125,0,0
422.500,110.000,27.125,0,0
422.500,111.000,27.125,0,0
422.500,112.000,27.125,0,0
422.500,113.000,27.125,0,0
422.500,114.000,27.125,0,0
422.500,115.000,27.125,0,0
422.500,116.000,27.125,0,0
422.500,117.000,27.125,0,0
422.500,118.000,27.125,0,0
422.500,119.000,27.125,0,0
422.500,120.000,27.125,0,0
422.500,121.000,27.125,0,0
422.500,122.000,27.125,0,0
422.500,123.000,27.125,0,0
422.500,124.000,27.125,0,0
422.500,125.000,27.125,0,0
422.500,126.000,27.125,0,0
422.500,127.000,27.125,0,0
422.500,128.000,27.125,0,0
422.500,129.000,27.125,0,0
422.500,130.000,27.125,0,0
422.500,131.000,27.125,0,0
422.500,132.000,27.125,0,0
422.500,133.000,27.125,0,0
422.500,134.000,27.125,0,0
422.500,135.000,27.125,0,0
422.500,136.000,27.125,0,0
422.500,137.000,27.125,0,0
422.500,138.000,27.125,0,0
422.500,139.000,27.125,0,0
422.500,140.000,27.125,0,0
422.500,141.000,27.125,0,0
422.500,142.000,27.125,0,0
422.500,143.000,27.125,0,0
422.500,144.000,27.125,0,0
422.500,145.000,27.125,0,0
422.500,146.000,27.125,0,0
422.500,147.000,27.125,0,0
422.500,148.000,27.125,0,0
422.500,149.000,27.125,0,0
422.500,150.000,27.125,0,0
422.500,151.000,27.125,0,0
422.500,152.000,27.125,0,0
422.500,153.000,27.125,0,0
422.500,154.000,27.125,0,0
422.500,155.000,27.125,0,0
422.500,156.000,27.125,0,0
422.500,157.000,27.125,0,0
422.500,158.000,27.125,0,0
422.500,159.000,27.125,0,0
422.500,160.000,27.125,0,0
422.500,161.000,27.125,0,0
422.500,162.000,27.125,0,0
422.500,163.000,27.125,0,0
422.500,164.000,27.125,0,0
422.500,165.000,27.125,0,0
422.500,166.000,27.125,0,0
422.500,167.000,27.125,0,0
422.500,168.000,27.125,0,0
422.500,169.000,27.125,0,0
422.500,170.000,27.125,0,0
422.500,171.000,27.125,0,0
422.500,172.000,27.125,0,0
422.500,173.000,27.125,0,0
422.500,174.000,27.125,0,0
422.500,175.000,27.125,0,0
422.500,176.000,27.125,0,0
422.500,177.000,27.125,0,0
422.500,178.000,27.125,0,0
422.500,179.000,27.125,0,0
422.500,180.000,27.125,0,0
425.000,20.000,26.250,1,1
425.000,21.000,26.250,1,1
425.000,22.000,26.250,1,1
425.000,23.000,26.250,1,1
425.000,24.000,26.250,1,1
425.000,25.000,26.250,1,1
425.000,26.000,26.250,1,1
425.000,27.000,26.250,0,1
425.000,28.000,26.250,0,1
425.000,29.000,26.250,0,1
425.000,30.000,26.250,0,1
425.000,31.000,26.250,0,1
425.000,32.000,26.250,0,1
425.000,33.000,26.250,0,1
425.000,34.000,26.250,0,1
425.000,35.000,26.250,0,1
425.000,36.000,26.250,0,1
425.000,37.000,26.250,0,1
425.000,38.000,26.250,0,1
425.000,39.000,26.250,0,1
425.000,40.000,26.250,0,1
425.000,41.000,26.250,0,1
425.000,42.000,26.250,0,1
425.000,43.000,26.250,0,1
425.000,44.000,26.250,0,1
425.000,45.000,26.250,0,1
425.000,46.000,26.250,0,1
425.000,47.000,26.250,0,1
425.000,48.000,26.250,0,1
425.000,49.000,26.250,0,1
425.000,50.000,26.250,0,1
425.000,51.000,26.250,0,1
425.000,52.000,26.250,0,1
425.000,53.000,26.250,0,1
425.000,54.000,26.250,0,1
425.000,55.000,26.250,0,1
425.000,56.000,26.250,0,1
425.000,57.000,26.250,0,1
425.000,58.000,26.250,0,1
425.000,59.000,26.250,0,1
425.000,60.000,26.250,0,1
425.000,61.000,26.250,0,1
425.000,62.000,26.250,0,1
425.000,63.000,26.250,0,1
425.000,64.000,26.250,0,1
425.000,65.000,26.250,0,1
425.000,66.000,26.250,0,1
425.000,67.000,26.250,0,1
425.000,68.000,26.250,0,1
425.000,69.000,26.250,0,1
425.000,70.000,26.250,0,1
425.000,71.000,26.250,0,1
425.000,72.000,26.250,0,1
425.000,73.000,26.250,0,1
425.000,74.000,26.250,0,1
425.000,75.000,26.250,0,1
425.000,76.000,26.250,0,1
425.000,77.000,26.250,0,1
425.000,78.000,26.250,0,1
425.000,79.000,26.250,0,1
425.000,80.000,26.250,0,1
425.000,81.000,26.250,0,1
425.000,82.000,26.250,0,1
425.000,83.000,26.250,0,1
425.000,84.000,26.250,0,1
425.000,85.000,26.250,0,1
425.000,86.000,26.250,0,1
425.000,87.000,26.250,0,1
425.000,88.000,26.250,0,1
425.000,89.000,26.250,0,1
425.000,90.000,26.250,0,1
425.000,91.000,26.250,0,1
425.000,92.000,26.250,0,1
425.000,93.000,26.250,0,1
425.000,94.000,26.250,0,1
425.000,95.000,26.250,0,1
425.000,96.000,26.250,0,1
425.000,97.000,26.250,0,1
425.000,98.000,26.250,0,1
425.000,99.000,26.250,0,1
425.000,100.000,26.250,0,1
425.000,101.000,26.250,0,1
425.000,102.000,26.250,0,1
425.000,103.000,26.250,0,1
425.000,104.000,26.250,0,1
425.000,105.000,26.250,0,1
425.000,106.000,26.250,0,1
425.000,107.000,26.250,0,0
425.000,108.000,26.250,0,0
425.000,109.000,26.250,0,0
425.000,110.000,26.250,0,0
425.000,111.000,26.250,0,0
425.000,112.000,26.250,0,0
425.000,113.000,26.250,0,0
425.000,114.000,26.250,0,0
425.000,115.000,26.250,0,0
425.000,116.000,26.250,0,0
425.000,117.000,26.250,0,0
425.000,118.000,26.250,0,0
425.000,119.000,26.250,0,0
425.000,120.000,26.250,0,0
425.000,121.000,26.250,0,0
425.000,122.000,26.250,0,0
425.000,123.000,26.250,0,0
425.000,124.000,26.250,0,0
425.000,125.000,26.250,0,0
425.000,126.000,26.250,0,0
425.000,127.000,26.250,0,0
425.000,128.000,26.250,0,0
425.000,129.000,26.250,0,0
425.000,130.000,26.250,0,0
425.000,131.000,26.250,0,0
425.000,132.000,26.250,0,0
425.000,133.000,26.250,0,0
425.000,134.000,26.250,0,0
425.000,135.000,26.250,0,0
425.000,136.000,26.250,0,0
425.000,137.000,26.250,0,0
425.000,138.000,26.250,0,0
425.000,139.000,26.250,0,0
425.000,140.000,26.250,0,0
425.000,141.000,26.250,0,0
425.000,142.000,26.250,0,0
425.000,143.000,26.250,0,0
425.000,144.000,26.250,0,0
425.000,145.000,26.250,0,0
425.000,146.000,26.250,0,0
425.000,147.000,26.250,0,0
425.000,148.000,26.250,0,0
425.000,149.000,26.250,0,0
425.000,150.000,26.250,0,0
425.000,151.000,26.250,0,0
425.000,152.000,26.250,0,0
425.000,153.000,26.250,0,0
425.000,154.000,26.250,0,0
425.000,155.000,26.250,0,0
425.000,156.000,26.250,0,0
425.000,157.000,26.250,0,0
425.000,158.000,26.250,0,0
425.000,159.000,26.250,0,0
425.000,160.000,26.250,0,0
425.000,161.000,26.250,0,0
425.000,162.000,26.250,0,0
425.000,163.000,26.250,0,0
425.000,164.000,26.250,0,0
425.000,165.000,26.250,0,0
425.000,166.000,26.250,0,0
425.000,167.000,26.250,0,0
425.000,168.000,26.250,0,0
425.000,169.000,26.250,0,0
425.000,170.000,26.250,0,0
425.000,171.000,26.250,0,0
425.000,172.000,26.250,0,0
425.000,173.000,26.250,0,0
425.000,174.000,26.250,0,0
425.000,175.000,26.250,0,0
425.000,176.000,26.250,0,0
425.000,177.000,26.250,0,0
425.000,178.000,26.250,0,0
425.000,179.000,26.250,0,0
425.000,180.000,26.250,0,0
427.500,20.000,25.375,1,1
427.500,21.000,25.375,1,1
427.500,22.000,25.375,1,1
427.500,23.000,25.375,1,1
427.500,24.000,25.375,1,1
427.500,25.000,25.375,1,1
427.500,26.000,25.375,0,1
427.500,27.000,25.375,0,1
427.500,28.000,25.375,0,1
427.500,29.000,25.375,0,1
427.500,30.000,25.375,0,1
427.500,31.000,25.375,0,1
427.500,32.000,25.375,0,1
427.500,33.000,25.375,0,1
427.500,34.000,25.375,0,1
427.500,35.000,25.375,0,1
427.500,36.000,25.375,0,1
427.500,37.000,25.375,0,1
427.500,38.000,25.375,0,1
427.500,39.000,25.375,0,1
427.500,40.000,25.375,0,1
427.500,41.000,25.375,0,1
427.500,42.000,25.375,0,1
427.500,43.000,25.375,0,1
427.500,44.000,25.375,0,1
427.500,45.000,25.375,0,1
427.500,46.000,25.375,0,1
427.500,47.000,25.375,0,1
427.500,48.000,25.375,0,1
427.500,49.000,25.375,0,1
427.500,50.000,25.375,0,1
427.500,51.000,25.375,0,1
427.500,52.000,25.375,0,1
427.500,53.000,25.375,0,1
427.500,54.000,25.375,0,1
427.500,55.000,25.375,0,1
427.500,56.000,25.375,0,1
427.500,57.000,25.375,0,1
427.500,58.000,25.375,0,1
427.500,59.000,25.375,0,1
427.500,60.000,25.375,0,1
427.500,61.000,25.375,0,1
427.500,62.000,25.375,0,1
427.500,63.000,25.375,0,1
427.500,64.000,25.375,0,1
427.500,65.000,25.375,0,1
427.500,66.000,25.375,0,1
427.500,67.000,25.375,0,1
427.500,68.000,25.375,0,1
427.500,69.000,25.375,0,1
427.500,70.000,25.375,0,1
427.500,71.000,25.375,0,1
427.500,72.000,25.375,0,1
427.500,73.000,25.375,0,1
427.500,74.000,25.375,0,1
427.500,75.000,25.375,0,1
427.500,76.000,25.375,0,1
427.500,77.000,25.375,0,1
427.500,78.000,25.375,0,1
427.500,79.000,25.375,0,1
427.500,80.000,25.375,0,1
427.500,81.000,25.375,0,1
427.500,82.000,25.375,0,1
427.500,83.000,25.375,0,1
427.500,84.000,25.375,0,1
427.500,85.000,25.375,0,1
427.500,86.000,25.375,0,1
427.500,87.000,25.375,0,1
427.500,88.000,25.375,0,1
427.500,89.000,25.375,0,1
427.500,90.000,25.375,0,1
427.500,91.000,25.375,0,1
427.500,92.000,25.375,0,1
427.500,93.000,25.375,0,1
427.500,94.000,25.375,0,1
427.500,95.000,25.375,0,1
427.500,96.000,25.375,0,1
427.500,97.000,25.375,0,1
427.500,98.000,25.375,0,1
427.500,99.000,25.375,0,1
427.500,100.000,25.375,0,1
427.500,101.000,25.375,0,1
427.500,102.000,25.375,0,1
427.500,103.000,25.375,0,1
427.500,104.000,25.375,0,1
427.500,105.000,25.375,0,1
427.500,106.000,25.375,0,0
427.500,107.000,25.375,0,0
427.500,108.000,25.375,0,0
427.500,109.000,25.375,0,0
427.500,110.000,25.375,0,0
427.500,111.000,25.375,0,0
427.500,112.000,25.375,0,0
427.500,113.000,25.375,0,0
427.500,114.000,25.375,0,0
427.500,115.000,25.375,0,0
427.500,116.000,25.375,0,0
427.500,117.000,25.375,0,0
427.500,118.000,25.375,0,0
427.500,119.000,25.375,0,0
427.500,120.000,25.375,0,0
427.500,121.000,25.375,0,0
427.500,122.000,25.375,0,0
427.500,123.000,25.375,0,0
427.500,124.000,25.375,0,0
427.500,125.000,25.375,0,0
427.500,126.000,25.375,0,0
427.500,127.000,25.375,0,0
427.500,128.000,25.375,0,0
427.500,129.000,25.375,0,0
427.500,130.000,25.375,0,0
427.500,131.000,25.375,0,0
427.500,132.000,25.375,0,0
427.500,133.000,25.375,0,0
427.500,134.000,25.375,0,0
427.500,135.000,25.375,0,0
427.500,136.000,25.375,0,0
427.500,137.000,25.375,0,0
427.500,138.000,25.375,0,0
427.500,139.000,25.375,0,0
427.500,140.000,25.375,0,0
427.500,141.000,25.375,0,0
427.500,142.000,25.375,0,0
427.500,143.000,25.375,0,0
427.500,144.000,25.375,0,0
427.500,145.000,25.375,0,0
427.500,146.000,25.375,0,0
427.500,147.000,25.375,0,0
427.500,148.000,25.375,0,0
427.500,149.000,25.375,0,0
427.500,150.000,25.375,0,0
427.500,151.000,25.375,0,0
427.500,152.000,25.375,0,0
427.500,153.000,25.375,0,0
427.500,154.000,25.375,0,0
427.500,155.000,25.375,0,0
427.500,156.000,25.375,0,0
427.500,157.000,25.375,0,0
427.500,158.000,25.375,0,0
427.500,159.000,25.375,0,0
427.500,160.000,25.375,0,0
427.500,161.000,25.375,0,0
427.500,162.000,25.375,0,0
427.500,163.000,25.375,0,0
427.500,164.000,25.375,0,0
427.500,165.000,25.375,0,0
427.500,166.000,25.375,0,0
427.500,167.000,25.375,0,0
427.500,168.000,25.375,0,0
427.500,169.000,25.375,0,0
427.500,170.000,25.375,0,0
427.500,171.000,25.375,0,0
427.500,172.000,25.375,0,0
427.500,173.000,25.375,0,0
427.500,174.000,25.375,0,0
427.500,175.000,25.375,0,0
427.500,176.000,25.375,0,0
427.500,177.000,25.375,0,0
427.500,178.000,25.375,0,0
427.500,179.000,25.375,0,0
427.500,180.000,25.375,0,0
430.000,20.000,24.500,1,1
430.000,21.000,24.500,1,1
430.000,22.000,24.500,1,1
430.000,23.000,24.500,1,1
430.000,24.000,24.500,1,1
430.000,25.000,24.500,0,1
430.000,26.000,24.500,0,1
430.000,27.000,24.500,0,1
430.000,28.000,24.500,0,1
430.000,29.000,24.500,0,1
430.000,30.000,24.500,0,1
430.000,31.000,24.500,0,1
430.000,32.000,24.500,0,1
430.000,33.000,24.500,0,1
430.000,34.000,24.500,0,1
430.000,35.000,24.500,0,1
430.000,36.000,24.500,0,1
430.000,37.000,24.500,0,1
430.000,38.000,24.500,0,1
430.000,39.000,24.500,0,1
430.000,40.000,24.500,0,1
430.000,41.000,24.500,0,1
430.000,42.000,24.500,0,1
430.000,43.000,24.500,0,1
430.000,44.000,24.500,0,1
430.000,45.000,24.500,0,1
430.000,46.000,24.500,0,1
430.000,47.000,24.500,0,1
430.000,48.000,24.500,0,1
430.000,49.000,24.500,0,1
430.000,50.000,24.500,0,1
430.000,51.000,24.500,0,1
430.000,52.000,24.500,0,1
430.000,53.000,24.500,0,1
430.000,54.000,24.500,0,1
430.000,55.000,24.500,0,1
430.000,56.000,24.500,0,1
430.000,57.000,24.500,0,1
430.000,58.000,24.500,0,1
430.000,59.000,24.500,0,1
430.000,60.000,24.500,0,1
430.000,61.000,24.500,0,1
430.000,62.000,24.500,0,1
430.000,63.000,24.500,0,1
430.000,64.000,24.500,0,1
430.000,65.000,24.500,0,1
430.000,66.000,24.500,0,1
430.000,67.000,24.500,0,1
430.000,68.000,24.500,0,1
430.000,69.000,24.500,0,1
430.000,70.000,24.500,0,1
430.000,71.000,24.500,0,1
430.000,72.000,24.500,0,1
430.000,73.000,24.500,0,1
430.000,74.000,24.500,0,1
430.000,75.000,24.500,0,1
430.000,76.000,24.500,0,1
430.000,77.000,24.500,0,1
430.000,78.000,24.500,0,1
430.000,79.000,24.500,0,1
430.000,80.000,24.500,0,1
430.000,81.000,24.500,0,1
430.000,82.000,24.500,0,1
430.000,83.000,24.500,0,1
430.000,84.000,24.500,0,1
430.000,85.000,24.500,0,1
430.000,86.000,24.500,0,1
430.000,87.000,24.500,0,1
430.000,88.000,24.500,0,1
430.000,89.000,24.500,0,1
430.000,90.000,24.500,0,1
430.000,91.000,24.500,0,1
430.000,92.000,24.500,0,1
430.000,93.000,24.500,0,1
430.000,94.000,24.500,0,1
430.000,95.000,24.500,0,1
430.000,96.000,24.500,0,1
430.000,97.000,24.500,0,1
430.000,98.000,24.500,0,1
430.000,99.000,24.500,0,1
430.000,100.000,24.500,0,1
430.000,101.000,24.500,0,1
430.000,102.000,24.500,0,1
430.000,103.000,24.500,0,1
430.000,104.000,24.500,0,1
430.000,105.000,24.500,0,0
430.000,106.000,24.500,0,0
430.000,107.000,24.500,0,0
430.000,108.000,24.500,0,0
430.000,109.000,24.500,0,0
430.000,110.000,24.500,0,0
430.000,111.000,24.500,0,0
430.000,112.000,24.500,0,0
430.000,113.000,24.500,0,0
430.000,114.000,24.500,0,0
430.000,115.000,24.500,0,0
430.000,116.000,24.500,0,0
430.000,117.000,24.500,0,0
430.000,118.000,24.500,0,0
430.000,119.000,24.500,0,0
430.000,120.000,24.500,0,0
430.000,121.000,24.500,0,0
430.000,122.000,24.500,0,0
430.000,123.000,24.500,0,0
430.000,124.000,24.500,0,0
430.000,125.000,24.500,0,0
430.000,126.000,24.500,0,0
430.000,127.000,24.500,0,0
430.000,128.000,24.500,0,0
430.000,129.000,24.500,0,0
430.000,130.000,24.500,0,0
430.000,131.000,24.500,0,0
430.000,132.000,24.500,0,0
430.000,133.000,24.500,0,0
430.000,134.000,24.500,0,0
430.000,135.000,24.500,0,0
430.000,136.000,24.500,0,0
430.000,137.000,24.500,0,0
430.000,138.000,24.500,0,0
430.000,139.000,24.500,0,0
430.000,140.000,24.500,0,0
430.000,141.000,24.500,0,0
430.000,142.000,24.500,0,0
430.000,143.000,24.500,0,0
430.000,144.000,24.500,0,0
430.000,145.000,24.500,0,0
430.000,146.000,24.500,0,0
430.000,147.000,24.500,0,0
430.000,148.000,24.500,0,0
430.000,149.000,24.500,0,0
430.000,150.000,24.500,0,0
430.000,151.000,24.500,0,0
430.000,152.000,24.500,0,0
430.000,153.000,24.500,0,0
430.000,154.000,24.500,0,0
430.000,155.000,24.500,0,0
430.000,156.000,24.500,0,0
430.000,157.000,24.500,0,0
430.000,158.000,24.500,0,0
430.000,159.000,24.500,0,0
430.000,160.000,24.500,0,0
430.000,161.000,24.500,0,0
430.000,162.000,24.500,0,0
430.000,163.000,24.500,0,0
430.000,164.000,24.500,0,0
430.000,165.000,24.500,0,0
430.000,166.000,24.500,0,0
430.000,167.000,24.500,0,0
430.000,168.000,24.500,0,0
430.000,169.000,24.500,0,0
430.000,170.000,24.500,0,0
430.000,171.000,24.500,0,0
430.000,172.000,24.500,0,0
430.000,173.000,24.500,0,0
430.000,174.000,24.500,0,0
430.000,175.000,24.500,0,0
430.000,176.000,24.500,0,0
430.000,177.000,24.500,0,0
430.000,178.000,24.500,0,0
430.000,179.000,24.500,0,0
430.000,180.000,24.500,0,0
432.500,20.000,23.625,1,1
432.500,21.000,23.625,1,1
432.500,22.000,23.625,1,1
432.500,23.000,23.625,1,1
432.500,24.000,23.625,0,1
432.500,25.000,23.625,0,1
432.500,26.000,23.625,0,1
432.500,27.000,23.625,0,1
432.500,28.000,23.625,0,1
432.500,29.000,23.625,0,1
432.500,30.000,23.625,0,1
432.500,31.000,23.625,0,1
432.500,32.000,23.625,0,1
432.500,33.000,23.625,0,1
432.500,34.000,23.625,0,1
432.500,35.000,23.625,0,1
432.500,36.000,23.625,0,1
432.500,37.000,23.625,0,1
432.500,38.000,23.625,0,1
432.500,39.000,23.625,0,1
432.500,40.000,23.625,0,1
432.500,41.000,23.625,0,1
432.500,42.000,23.625,0,1
432.500,43.000,23.625,0,1
432.500,44.000,23.625,0,1
432.500,45.000,23.625,0,1
432.500,46.000,23.625,0,1
432.500,47.000,23.625,0,1
432.500,48.000,23.625,0,1
432.500,49.000,23.625,0,1
432.500,50.000,23.625,0,1
432.500,51.000,23.625,0,1
432.500,52.000,23.625,0,1
432.500,53.000,23.625,0,1
432.500,54.000,23.625,0,1
432.500,55.000,23.625,0,1
432.500,56.000,23.625,0,1
432.500,57.000,23.625,0,1
432.500,58.000,23.625,0,1
432.500,59.000,23.625,0,1
432.500,60.000,23.625,0,1
432.500,61.000,23.625,0,1
432.500,62.000,23.625,0,1
432.500,63.000,23.625,0,1
432.500,64.000,23.625,0,1
432.500,65.000,23.625,0,1
432.500,66.000,23.625,0,1
432.500,67.000,23.625,0,1
432.500,68.000,23.625,0,1
432.500,69.000,23.625,0,1
432.500,70.000,23.625,0,1
432.500,71.000,23.625,0,1
432.500,72.000,23.625,0,1
432.500,73.000,23.625,0,1
432.500,74.000,23.625,0,1
432.500,75.000,23.625,0,1
432.500,76.000,23.625,0,1
432.500,77.000,23.625,0,1
432.500,78.000,23.625,0,1
432.500,79.000,23.625,0,1
432.500,80.000,23.625,0,1
432.500,81.000,23.625,0,1
432.500,82.000,23.625,0,1
432.500,83.000,23.625,0,1
432.500,84.000,23.625,0,1
432.500,85.000,23.625,0,1
432.500,86.000,23.625,0,1
432.500,87.000,23.625,0,1
432.500,88.000,23.625,0,1
432.500,89.000,23.625,0,1
432.500,90.000,23.625,0,1
432.500,91.000,23.625,0,1
432.500,92.000,23.625,0,1
432.500,93.000,23.625,0,1
432.500,94.000,23.625,0,1
432.500,95.000,23.625,0,1
432.500,96.000,23.625,0,1
432.500,97.000,23.625,0,1
432.500,98.000,23.625,0,1
432.500,99.000,23.625,0,1
432.500,100.000,23.625,0,1
432.500,101.000,23.625,0,1
432.500,102.000,23.625,0,1
432.500,103.000,23.625,0,1
432.500,104.000,23.625,0,0
432.500,105.000,23.625,0,0
432.500,106.000,23.625,0,0
432.500,107.000,23.625,0,0
432.500,108.000,23.625,0,0
432.500,109.000,23.625,0,0
432.500,110.000,23.625,0,0
432.500,111.000,23.625,0,0
432.500,112.000,23.625,0,0
432.500,113.000,23.625,0,0
432.500,114.000,23.625,0,0
432.500,115.000,23.625,0,0
432.500,116.000,23.625,0,0
432.500,117.000,23.625,0,0
432.500,118.000,23.625,0,0
432.500,119.000,23.625,0,0
432.500,120.000,23.625,0,0
432.500,121.000,23.625,0,0
432.500,122.000,23.625,0,0
432.500,123.000,23.625,0,0
432.500,124.000,23.625,0,0
432.500,125.000,23.625,0,0
432.500,126.000,23.625,0,0
432.500,127.000,23.625,0,0
432.500,128.000,23.625,0,0
432.500,129.000,23.625,0,0
432.500,130.000,23.625,0,0
432.500,131.000,23.625,0,0
432.500,132.000,23.625,0,0
432.500,133.000,23.625,0,0
432.500,134.000,23.625,0,0
432.500,135.000,23.625,0,0
432.500,136.000,23.625,0,0
432.500,137.000,23.625,0,0
432.500,138.000,23.625,0,0
432.500,139.000,23.625,0,0
432.500,140.000,23.625,0,0
432.500,141.000,23.625,0,0
432.500,142.000,23.625,0,0
432.500,143.000,23.625,0,0
432.500,144.000,23.625,0,0
432.500,145.000,23.625,0,0
432.500,146.000,23.625,0,0
432.500,147.000,23.625,0,0
432.500,148.000,23.625,0,0
432.500,149.000,23.625,0,0
432.500,150.000,23.625,0,0
432.500,151.000,23.625,0,0
432.500,152.000,23.625,0,0
432.500,153.000,23.625,0,0
432.500,154.000,23.625,0,0
432.500,155.000,23.625,0,0
432.500,156.000,23.625,0,0
432.500,157.000,23.625,0,0
432.500,158.000,23.625,0,0
432.500,159.000,23.625,0,0
432.500,160.000,23.625,0,0
432.500,161.000,23.625,0,0
432.500,162.000,23.625,0,0
432.500,163.000,23.625,0,0
432.500,164.000,23.625,0,0
432.500,165.000,23.625,0,0
432.500,166.000,23.625,0,0
432.500,167.000,23.625,0,0
432.500,168.000,23.625,0,0
432.500,169.000,23.625,0,0
432.500,170.000,23.625,0,0
432.500,171.000,23.625,0,0
432.500,172.000,23.625,0,0
432.500,173.000,23.625,0,0
432.500,174.000,23.625,0,0
432.500,175.000,23.625,0,0
432.500,176.000,23.625,0,0
432.500,177.000,23.625,0,0
432.500,178.000,23.625,0,0
432.500,179.000,23.625,0,0
432.500,180.000,23.625,0,0
435.000,20.000,22.750,1,1
435.000,21.000,22.750,1,1
435.000,22.000,22.750,1,1
435.000,23.000,22.750,0,1
435.000,24.000,22.750,0,1
435.000,25.000,22.750,0,1
435.000,26.000,22.750,0,1
435.000,27.000,22.750,0,1
435.000,28.000,22.750,0,1
435.000,29.000,22.750,0,1
435.000,30.000,22.750,0,1
435.000,31.000,22.750,0,1
435.000,32.000,22.750,0,1
435.000,33.000,22.750,0,1
435.000,34.000,22.750,0,1
435.000,35.000,22.750,0,1
435.000,36.000,22.750,0,1
435.000,37.000,22.750,0,1
435.000,38.000,22.750,0,1
435.000,39.000,22.750,0,1
435.000,40.000,22.750,0,1
435.000,41.000,22.750,0,1
435.000,42.000,22.750,0,1
435.000,43.000,22.750,0,1
435.000,44.000,22.750,0,1
435.000,45.000,22.750,0,1
435.000,46.000,22.750,0,1
435.000,47.000,22.750,0,1
435.000,48.000,22.750,0,1
435.000,49.000,22.750,0,1
435.000,50.000,22.750,0,1
435.000,51.000,22.750,0,1
435.000,52.000,22.750,0,1
435.000,53.000,22.750,0,1
435.000,54.000,22.750,0,1
435.000,55.000,22.750,0,1
435.000,56.000,22.750,0,1
435.000,57.000,22.750,0,1
435.000,58.000,22.750,0,1
435.000,59.000,22.750,0,1
435.000,60.000,22.750,0,1
435.000,61.000,22.750,0,1
435.000,62.000,22.750,0,1
435.000,63.000,22.750,0,1
435.000,64.000,22.750,0,1
435.000,65.000,22.750,0,1
435.000,66.000,22.750,0,1
435.000,67.000,22.750,0,1
435.000,68.000,22.750,0,1
435.000,69.000,22.750,0,1
435.000,70.000,22.750,0,1
435.000,71.000,22.750,0,1
435.000,72.000,22.750,0,1
435.000,73.000,22.750,0,1
435.000,74.000,22.750,0,1
435.000,75.000,22.750,0,1
435.000,76.000,22.750,0,1
435.000,77.000,22.750,0,1
435.000,78.000,22.750,0,1
435.000,79.000,22.750,0,1
435.000,80.000,22.750,0,1
435.000,81.000,22.750,0,1
435.000,82.000,22.750,0,1
435.000,83.000,22.750,0,1
435.000,84.000,22.750,0,1
435.000,85.000,22.750,0,1
435.000,86.000,22.750,0,1
435.000,87.000,22.750,0,1
435.000,88.000,22.750,0,1
435.000,89.000,22.750,0,1
435.000,90.000,22.750,0,1
435.000,91.000,22.750,0,1
435.000,92.000,22.750,0,1
435.000,93.000,22.750,0,1
435.000,94.000,22.750,0,1
435.000,95.000,22.750,0,1
435.000,96.000,22.750,0,1
435.000,97.000,22.750,0,1
435.000,98.000,22.750,0,1
435.000,99.000,22.750,0,1
435.000,100.000,22.750,0,1
435.000,101.000,22.750,0,1
435.000,102.000,22.750,0,1
435.000,103.000,22.750,0,0
435.000,104.000,22.750,0,0
435.000,105.000,22.750,0,0
435.000,106.000,22.750,0,0
435.000,107.000,22.750,0,0
435.000,108.000,22.750,0,0
435.000,109.000,22.750,0,0
435.000,110.000,22.750,0,0
435.000,111.000,22.750,0,0
435.000,112.000,22.750,0,0
435.000,113.000,22.750,0,0
435.000,114.000,22.750,0,0
435.000,115.000,22.750,0,0
435.000,116.000,22.750,0,0
435.000,117.000,22.750,0,0
435.000,118.000,22.750,0,0
435.000,119.000,22.750,0,0
435.000,120.000,22.750,0,0
435.000,121.000,22.750,0,0
435.000,122.000,22.750,0,0
435.000,123.000,22.750,0,0
435.000,124.000,22.750,0,0
435.000,125.000,22.750,0,0
435.000,126.000,22.750,0,0
435.000,127.000,22.750,0,0
435.000,128.000,22.750,0,0
435.000,129.000,22.750,0,0
435.000,130.000,22.750,0,0
435.000,131.000,22.750,0,0
435.000,132.000,22.750,0,0
435.000,133.000,22.750,0,0
435.000,134.000,22.750,0,0
435.000,135.000,22.750,0,0
435.000,136.000,22.750,0,0
435.000,137.000,22.750,0,0
435.000,138.000,22.750,0,0
435.000,139.000,22.750,0,0
435.000,140.000,22.750,0,0
435.000,141.000,22.750,0,0
435.000,142.000,22.750,0,0
435.000,143.000,22.750,0,0
435.000,144.000,22.750,0,0
435.000,145.000,22.750,0,0
435.000,146.000,22.750,0,0
435.000,147.000,22.750,0,0
435.000,148.000,22.750,0,0
435.000,149.000,22.750,0,0
435.000,150.000,22.750,0,0
435.000,151.000,22.750,0,0
435.000,152.000,22.750,0,0
435.000,153.000,22.750,0,0
435.000,154.000,22.750,0,0
435.000,155.000,22.750,0,0
435.000,156.000,22.750,0,0
435.000,157.000,22.750,0,0
435.000,158.000,22.750,0,0
435.000,159.000,22.750,0,0
435.000,160.000,22.750,0,0
435.000,161.000,22.750,0,0
435.000,162.000,22.750,0,0
435.000,163.000,22.750,0,0
435.000,164.000,22.750,0,0
435.000,165.000,22.750,0,0
435.000,166.000,22.750,0,0
435.000,167.000,22.750,0,0
435.000,168.000,22.750,0,0
435.000,169.000,22.750,0,0
435.000,170.000,22.750,0,0
435.000,171.000,22.750,0,0
435.000,172.000,22.750,0,0
435.000,173.000,22.750,0,0
435.000,174.000,22.750,0,0
435.000,175.000,22.750,0,0
435.000,176.000,22.750,0,0
435.000,177.000,22.750,0,0
435.000,178.000,22.750,0,0
435.000,179.000,22.750,0,0
435.000,180.000,22.750,0,0
437.500,20.000,21.875,1,1
437.500,21.000,21.875,1,1
437.500,22.000,21.875,0,1
437.500,23.000,21.875,0,1
437.500,24.000,21.875,0,1
437.500,25.000,21.875,0,1
437.500,26.000,21.875,0,1
437.500,27.000,21.875,0,1
437.500,28.000,21.875,0,1
437.500,29.000,21.875,0,1
437.500,30.000,21.875,0,1
437.500,31.000,21.875,0,1
437.500,32.000,21.875,0,1
437.500,33.000,21.875,0,1
437.500,34.000,21.875,0,1
437.500,35.000,21.875,0,1
437.500,36.000,21.875,0,1
437.500,37.000,21.875,0,1
437.500,38.000,21.875,0,1
437.500,39.000,21.875,0,1
437.500,40.000,21.875,0,1
437.500,41.000,21.875,0,1
437.500,42.000,21.875,0,1
437.500,43.000,21.875,0,1
437.500,44.000,21.875,0,1
437.500,45.000,21.875,0,1
437.500,46.000,21.875,0,1
437.500,47.000,21.875,0,1
437.500,48.000,21.875,0,1
437.500,49.000,21.875,0,1
437.500,50.000,21.875,0,1
437.500,51.000,21.875,0,1
437.500,52.000,21.875,0,1
437.500,53.000,21.875,0,1
437.500,54.000,21.875,0,1
437.500,55.000,21.875,0,1
437.500,56.000,21.875,0,1
437.500,57.000,21.875,0,1
437.500,58.000,21.875,0,1
437.500,59.000,21.875,0,1
437.500,60.000,21.875,0,1
437.500,61.000,21.875,0,1
437.500,62.000,21.875,0,1
437.500,63.000,21.875,0,1
437.500,64.000,21.875,0,1
437.500,65.000,21.875,0,1
437.500,66.000,21.875,0,1
437.500,67.000,21.875,0,1
437.500,68.000,21.875,0,1
437.500,69.000,21.875,0,1
437.500,70.000,21.875,0,1
437.500,71.000,21.875,0,1
437.500,72.000,21.875,0,1
437.500,73.000,21.875,0,1
437.500,74.000,21.875,0,1
437.500,75.000,21.875,0,1
437.500,76.000,21.875,0,1
437.500,77.000,21.875,0,1
437.500,78.000,21.875,0,1
437.500,79.000,21.875,0,1
437.500,80.000,21.875,0,1
437.500,81.000,21.875,0,1
437.500,82.000,21.875,0,1
437.500,83.000,21.875,0,1
437.500,84.000,21.875,0,1
437.500,85.000,21.875,0,1
437.500,86.000,21.875,0,1
437.500,87.000,21.875,0,1
437.500,88.000,21.875,0,1
437.500,89.000,21.875,0,1
437.500,90.000,21.875,0,1
437.500,91.000,21.875,0,1
437.500,92.000,21.875,0,1
437.500,93.000,21.875,0,1
437.500,94.000,21.875,0,1
437.500,95.000,21.875,0,1
437.500,96.000,21.875,0,1
437.500,97.000,21.875,0,1
437.500,98.000,21.875,0,1
437.500,99.000,21.875,0,1
437.500,100.000,21.875,0,1
437.500,101.000,21.875,0,1
437.500,102.000,21.875,0,0
437.500,103.000,21.875,0,0
437.500,104.000,21.875,0,0
437.500,105.000,21.875,0,0
437.500,106.000,21.875,0,0
437.500,107.000,21.875,0,0
437.500,108.000,21.875,0,0
437.500,109.000,21.875,0,0
437.500,110.000,21.875,0,0
437.500,111.000,21.875,0,0
437.500,112.000,21.875,0,0
437.500,113.000,21.875,0,0
437.500,114.000,21.875,0,0
437.500,115.000,21.875,0,0
437.500,116.000,21.875,0,0
437.500,117.000,21.875,0,0
437.500,118.000,21.875,0,0
437.500,119.000,21.875,0,0
437.500,120.000,21.875,0,0
437.500,121.000,21.875,0,0
437.500,122.000,21.875,0,0
437.500,123.000,21.875,0,0
437.500,124.000,21.875,0,0
437.500,125.000,21.875,0,0
437.500,126.000,21.875,0,0
437.500,127.000,21.875,0,0
437.500,128.000,21.875,0,0
437.500,129.000,21.875,0,0
437.500,130.000,21.875,0,0
437.500,131.000,21.875,0,0
437.500,132.000,21.875,0,0
437.500,133.000,21.875,0,0
437.500,134.000,21.875,0,0
437.500,135.000,21.875,0,0
437.500,136.000,21.875,0,0
437.500,137.000,21.875,0,0
437.500,138.000,21.875,0,0
437.500,139.000,21.875,0,0
437.500,140.000,21.875,0,0
437.500,141.000,21.875,0,0
437.500,142.000,21.875,0,0
437.500,143.000,21.875,0,0
437.500,144.000,21.875,0,0
437.500,145.000,21.875,0,0
437.500,146.000,21.875,0,0
437.500,147.000,21.875,0,0
437.500,148.000,21.875,0,0
437.500,149.000,21.875,0,0
437.500,150.000,21.875,0,0
437.500,151.000,21.875,0,0
437.500,152.000,21.875,0,0
437.500,153.000,21.875,0,0
437.500,154.000,21.875,0,0
437.500,155.000,21.875,0,0
437.500,156.000,21.875,0,0
437.500,157.000,21.875,0,0
437.500,158.000,21.875,0,0
437.500,159.000,21.875,0,0
437.500,160.000,21.875,0,0
437.500,161.000,21.875,0,0
437.500,162.000,21.875,0,0
437.500,163.000,21.875,0,0
437.500,164.000,21.875,0,0
437.500,165.000,21.875,0,0
437.500,166.000,21.875,0,0
437.500,167.000,21.875,0,0
437.500,168.000,21.875,0,0
437.500,169.000,21.875,0,0
437.500,170.000,21.875,0,0
437.500,171.000,21.875,0,0
437.500,172.000,21.875,0,0
437.500,173.000,21.875,0,0
437.500,174.000,21.875,0,0
437.500,175.000,21.875,0,0
437.500,176.000,21.875,0,0
437.500,177.000,21.875,0,0
437.500,178.000,21.875,0,0
437.500,179.000,21.875,0,0
437.500,180.000,21.875,0,0
440.000,20.000,21.000,1,1
440.000,21.000,21.000,1,1
440.000,22.000,21.000,0,1
440.000,23.000,21.000,0,1
440.000,24.000,21.000,0,1
440.000,25.000,21.000,0,1
440.000,26.000,21.000,0,1
440.000,27.000,21.000,0,1
440.000,28.000,21.000,0,1
440.000,29.000,21.000,0,1
440.000,30.000,21.000,0,1
440.000,31.000,21.000,0,1
440.000,32.000,21.000,0,1
440.000,33.000,21.000,0,1
440.000,34.000,21.000,0,1
440.000,35.000,21.000,0,1
440.000,36.000,21.000,0,1
440.000,37.000,21.000,0,1
440.000,38.000,21.000,0,1
440.000,39.000,21.000,0,1
440.000,40.000,21.000,0,1
440.000,41.000,21.000,0,1
440.000,42.000,21.000,0,1
440.000,43.000,21.000,0,1
440.000,44.000,21.000,0,1
440.000,45.000,21.000,0,1
440.000,46.000,21.000,0,1
440.000,47.000,21.000,0,1
440.000,48.000,21.000,0,1
440.000,49.000,21.000,0,1
440.000,50.000,21.000,0,1
440.000,51.000,21.000,0,1
440.000,52.000,21.000,0,1
440.000,53.000,21.000,0,1
440.000,54.000,21.000,0,1
440.000,55.000,21.000,0,1
440.000,56.000,21.000,0,1
440.000,57.000,21.000,0,1
440.000,58.000,21.000,0,1
440.000,59.000,21.000,0,1
440.000,60.000,21.000,0,1
440.000,61.000,21.000,0,1
440.000,62.000,21.000,0,1
440.000,63.000,21.000,0,1
440.000,64.000,21.000,0,1
440.000,65.000,21.000,0,1
440.000,66.000,21.000,0,1
440.000,67.000,21.000,0,1
440.000,68.000,21.000,0,1
440.000,69.000,21.000,0,1
440.000,70.000,21.000,0,1
440.000,71.000,21.000,0,1
440.000,72.000,21.000,0,1
440.000,73.000,21.000,0,1
440.000,74.000,21.000,0,1
440.000,75.000,21.000,0,1
440.000,76.000,21.000,0,1
440.000,77.000,21.000,0,1
440.000,78.000,21.000,0,1
440.000,79.000,21.000,0,1
440.000,80.000,21.000,0,1
440.000,81.000,21.000,0,1
440.000,82.000,21.000,0,1
440.000,83.000,21.000,0,1
440.000,84.000,21.000,0,1
440.000,85.000,21.000,0,1
440.000,86.000,21.000,0,1
440.000,87.000,21.000,0,1
440.000,88.000,21.000,0,1
440.000,89.000,21.000,0,1
440.000,90.000,21.000,0,1
440.000,91.000,21.000,0,1
440.000,92.000,21.000,0,1
440.000,93.000,21.000,0,1
440.000,94.000,21.000,0,1
440.000,95.000,21.000,0,1
440.000,96.000,21.000,0,1
440.000,97.000,21.000,0,1
440.000,98.000,21.000,0,1
440.000,99.000,21.000,0,1
440.000,100.000,21.000,0,1
440.000,101.000,21.000,0,1
440.000,102.000,21.000,0,0
440.000,103.000,21.000,0,0
440.000,104.000,21.000,0,0
440.000,105.000,21.000,0,0
440.000,106.000,21.000,0,0
440.000,107.000,21.000,0,0
440.000,108.000,21.000,0,0
440.000,109.000,21.000,0,0
440.000,110.000,21.000,0,0
440.000,111.000,21.000,0,0
440.000,112.000,21.000,0,0
440.000,113.000,21.000,0,0
440.000,114.000,21.000,0,0
440.000,115.000,21.000,0,0
440.000,116.000,21.000,0,0
440.000,117.000,21.000,0,0
440.000,118.000,21.000,0,0
440.000,119.000,21.000,0,0
440.000,120.000,21.000,0,0
440.000,121.000,21.000,0,0
440.000,122.000,21.000,0,0
440.000,123.000,21.000,0,0
440.000,124.000,21.000,0,0
440.000,125.000,21.000,0,0
440.000,126.000,21.000,0,0
440.000,127.000,21.000,0,0
440.000,128.000,21.000,0,0
440.000,129.000,21.000,0,0
440.000,130.000,21.000,0,0
440.000,131.000,21.000,0,0
440.000,132.000,21.000,0,0
440.000,133.000,21.000,0,0
440.000,134.000,21.000,0,0
440.000,135.000,21.000,0,0
440.000,136.000,21.000,0,0
440.000,137.000,21.000,0,0
440.000,138.000,21.000,0,0
440.000,139.000,21.000,0,0
440.000,140.000,21.000,0,0
440.000,141.000,21.000,0,0
440.000,142.000,21.000,0,0
440.000,143.000,21.000,0,0
440.000,144.000,21.000,0,0
440.000,145.000,21.000,0,0
440.000,146.000,21.000,0,0
440.000,147.000,21.000,0,0
440.000,148.000,21.000,0,0
440.000,149.000,21.000,0,0
440.000,150.000,21.000,0,0
440.000,151.000,21.000,0,0
440.000,152.000,21.000,0,0
440.000,153.000,21.000,0,0
440.000,154.000,21.000,0,0
440.000,155.000,21.000,0,0
440.000,156.000,21.000,0,0
440.000,157.000,21.000,0,0
440.000,158.000,21.000,0,0
440.000,159.000,21.000,0,0
440.000,160.000,21.000,0,0
440.000,161.000,21.000,0,0
440.000,162.000,21.000,0,0
440.000,163.000,21.000,0,0
440.000,164.000,21.000,0,0
440.000,165.000,21.000,0,0
440.000,166.000,21.000,0,0
440.000,167.000,21.000,0,0
440.000,168.000,21.000,0,0
440.000,169.000,21.000,0,0
440.000,170.000,21.000,0,0
440.000,171.000,21.000,0,0
440.000,172.000,21.000,0,0
440.000,173.000,21.000,0,0
440.000,174.000,21.000,0,0
440.000,175.000,21.000,0,0
440.000,176.000,21.000,0,0
440.000,177.000,21.000,0,0
440.000,178.000,21.000,0,0
440.000,179.000,21.000,0,0
440.000,180.000,21.000,0,0
442.500,20.000,20.125,1,1
442.500,21.000,20.125,0,1
442.500,22.000,20.125,0,1
442.500,23.000,20.125,0,1
442.500,24.000,20.125,0,1
442.500,25.000,20.125,0,1
442.500,26.000,20.125,0,1
442.500,27.000,20.125,0,1
442.500,28.000,20.125,0,1
442.500,29.000,20.125,0,1
442.500,30.000,20.125,0,1
442.500,31.000,20.125,0,1
442.500,32.000,20.125,0,1
442.500,33.000,20.125,0,1
442.500,34.000,20.125,0,1
442.500,35.000,20.125,0,1
442.500,36.000,20.125,0,1
442.500,37.000,20.125,0,1
442.500,38.000,20.125,0,1
442.500,39.000,20.125,0,1
442.500,40.000,20.125,0,1
442.500,41.000,20.125,0,1
442.500,42.000,20.125,0,1
442.500,43.000,20.125,0,1
442.500,44.000,20.125,0,1
442.500,45.000,20.125,0,1
442.500,46.000,20.125,0,1
442.500,47.000,20.125,0,1
442.500,48.000,20.125,0,1
442.500,49.000,20.125,0,1
442.500,50.000,20.125,0,1
442.500,51.000,20.125,0,1
442.500,52.000,20.125,0,1
442.500,53.000,20.125,0,1
442.500,54.000,20.125,0,1
442.500,55.000,20.125,0,1
442.500,56.000,20.125,0,1
442.500,57.000,20.125,0,1
442.500,58.000,20.125,0,1
442.500,59.000,20.125,0,1
442.500,60.000,20.125,0,1
442.500,61.000,20.125,0,1
442.500,62.000,20.125,0,1
442.500,63.000,20.125,0,1
442.500,64.000,20.125,0,1
442.500,65.000,20.125,0,1
442.500,66.000,20.125,0,1
442.500,67.000,20.125,0,1
442.500,68.000,20.125,0,1
442.500,69.000,20.125,0,1
442.500,70.000,20.125,0,1
442.500,71.000,20.125,0,1
442.500,72.000,20.125,0,1
442.500,73.000,20.125,0,1
442.500,74.000,20.125,0,1
442.500,75.000,20.125,0,1
442.500,76.000,20.125,0,1
442.500,77.000,20.125,0,1
442.500,78.000,20.125,0,1
442.500,79.000,20.125,0,1
442.500,80.000,20.125,0,1
442.500,81.000,20.125,0,1
442.500,82.000,20.125,0,1
442.500,83.000,20.125,0,1
442.500,84.000,20.125,0,1
442.500,85.000,20.125,0,1
442.500,86.000,20.125,0,1
442.500,87.000,20.125,0,1
442.500,88.000,20.125,0,1
442.500,89.000,20.125,0,1
442.500,90.000,20.125,0,1
442.500,91.000,20.125,0,1
442.500,92.000,20.125,0,1
442.500,93.000,20.125,0,1
442.500,94.000,20.125,0,1
442.500,95.000,20.125,0,1
442.500,96.000,20.125,0,1
442.500,97.000,20.125,0,1
442.500,98.000,20.125,0,1
442.500,99.000,20.125,0,1
442.500,100.000,20.125,0,1
442.500,101.000,20.125,0,0
442.500,102.000,20.125,0,0
442.500,103.000,20.125,0,0
442.500,104.000,20.125,0,0
442.500,105.000,20.125,0,0
442.500,106.000,20.125,0,0
442.500,107.000,20.125,0,0
442.500,108.000,20.125,0,0
442.500,109.000,20.125,0,0
442.500,110.000,20.125,0,0
442.500,111.000,20.125,0,0
442.500,112.000,20.125,0,0
442.500,113.000,20.125,0,0
442.500,114.000,20.125,0,0
442.500,115.000,20.125,0,0
442.500,116.000,20.125,0,0
442.500,117.000,20.125,0,0
442.500,118.000,20.125,0,0
442.500,119.000,20.125,0,0
442.500,120.000,20.125,0,0
442.500,121.000,20.125,0,0
442.500,122.000,20.125,0,0
442.500,123.000,20.125,0,0
442.500,124.000,20.125,0,0
442.500,125.000,20.125,0,0
442.500,126.000,20.125,0,0
442.500,127.000,20.125,0,0
442.500,128.000,20.125,0,0
442.500,129.000,20.125,0,0
442.500,130.000,20.125,0,0
442.500,131.000,20.125,0,0
442.500,132.000,20.125,0,0
442.500,133.000,20.125,0,0
442.500,134.000,20.125,0,0
442.500,135.000,20.125,0,0
442.500,136.000,20.125,0,0
442.500,137.000,20.125,0,0
442.500,138.000,20.125,0,0
442.500,139.000,20.125,0,0
442.500,140.000,20.125,0,0
442.500,141.000,20.125,0,0
442.500,142.000,20.125,0,0
442.500,143.000,20.125,0,0
442.500,144.000,20.125,0,0
442.500,145.000,20.125,0,0
442.500,146.000,20.125,0,0
442.500,147.000,20.125,0,0
442.500,148.000,20.125,0,0
442.500,149.000,20.125,0,0
442.500,150.000,20.125,0,0
442.500,151.000,20.125,0,0
442.500,152.000,20.125,0,0
442.500,153.000,20.125,0,0
442.500,154.000,20.125,0,0
442.500,155.000,20.125,0,0
442.500,156.000,20.125,0,0
442.500,157.000,20.125,0,0
442.500,158.000,20.125,0,0
442.500,159.000,20.125,0,0
442.500,160.000,20.125,0,0
442.500,161.000,20.125,0,0
442.500,162.000,20.125,0,0
442.500,163.000,20.125,0,0
442.500,164.000,20.125,0,0
442.500,165.000,20.125,0,0
442.500,166.000,20.125,0,0
442.500,167.000,20.125,0,0
442.500,168.000,20.125,0,0
442.500,169.000,20.125,0,0
442.500,170.000,20.125,0,0
442.500,171.000,20.125,0,0
442.500,172.000,20.125,0,0
442.500,173.000,20.125,0,0
442.500,174.000,20.125,0,0
442.500,175.000,20.125,0,0
442.500,176.000,20.125,0,0
442.500,177.000,20.125,0,0
442.500,178.000,20.125,0,0
442.500,179.000,20.125,0,0
442.500,180.000,20.125,0,0
445.000,20.000,19.250,0,1
445.000,21.000,19.250,0,1
445.000,22.000,19.250,0,1
445.000,23.000,19.250,0,1
445.000,24.000,19.250,0,1
445.000,25.000,19.250,0,1
445.000,26.000,19.250,0,1
445.000,27.000,19.250,0,1
445.000,28.000,19.250,0,1
445.000,29.000,19.250,0,1
445.000,30.000,19.250,0,1
445.000,31.000,19.250,0,1
445.000,32.000,19.250,0,1
445.000,33.000,19.250,0,1
445.000,34.000,19.250,0,1
445.000,35.000,19.250,0,1
445.000,36.000,19.250,0,1
445.000,37.000,19.250,0,1
445.000,38.000,19.250,0,1
445.000,39.000,19.250,0,1
445.000,40.000,19.250,0,1
445.000,41.000,19.250,0,1
445.000,42.000,19.250,0,1
445.000,43.000,19.250,0,1
445.000,44.000,19.250,0,1
445.000,45.000,19.250,0,1
445.000,46.000,19.250,0,1
445.000,47.000,19.250,0,1
445.000,48.000,19.250,0,1
445.000,49.000,19.250,0,1
445.000,50.000,19.250,0,1
445.000,51.000,19.250,0,1
445.000,52.000,19.250,0,1
445.000,53.000,19.250,0,1
445.000,54.000,19.250,0,1
445.000,55.000,19.250,0,1
445.000,56.000,19.250,0,1
445.000,57.000,19.250,0,1
445.000,58.000,19.250,0,1
445.000,59.000,19.250,0,1
445.000,60.000,19.250,0,1
445.000,61.000,19.250,0,1
445.000,62.000,19.250,0,1
445.000,63.000,19.250,0,1
445.000,64.000,19.250,0,1
445.000,65.000,19.250,0,1
445.000,66.000,19.250,0,1
445.000,67.000,19.250,0,1
445.000,68.000,19.250,0,1
445.000,69.000,19.250,0,1
445.000,70.000,19.250,0,1
445.000,71.000,19.250,0,1
445.000,72.000,19.250,0,1
445.000,73.000,19.250,0,1
445.000,74.000,19.250,0,1
445.000,75.000,19.250,0,1
445.000,76.000,19.250,0,1
445.000,77.000,19.250,0,1
445.000,78.000,19.250,0,1
445.000,79.000,19.250,0,1
445.000,80.000,19.250,0,1
445.000,81.000,19.250,0,1
445.000,82.000,19.250,0,1
445.000,83.000,19.250,0,1
445.000,84.000,19.250,0,1
445.000,85.000,19.250,0,1
445.000,86.000,19.250,0,1
445.000,87.000,19.250,0,1
445.000,88.000,19.250,0,1
445.000,89.000,19.250,0,1
445.000,90.000,19.250,0,1
445.000,91.000,19.250,0,1
445.000,92.000,19.250,0,1
445.000,93.000,19.250,0,1
445.000,94.000,19.250,0,1
445.000,95.000,19.250,0,1
445.000,96.000,19.250,0,1
445.000,97.000,19.250,0,1
445.000,98.000,19.250,0,1
445.000,99.000,19.250,0,1
445.000,100.000,19.250,0,0
445.000,101.000,19.250,0,0
445.000,102.000,19.250,0,0
445.000,103.000,19.250,0,0
445.000,104.000,19.250,0,0
445.000,105.000,19.250,0,0
445.000,106.000,19.250,0,0
445.000,107.000,19.250,0,0
445.000,108.000,19.250,0,0
445.000,109.000,19.250,0,0
445.000,110.000,19.250,0,0
445.000,111.000,19.250,0,0
445.000,112.000,19.250,0,0
445.000,113.000,19.250,0,0
445.000,114.000,19.250,0,0
445.000,115.000,19.250,0,0
445.000,116.000,19.250,0,0
445.000,117.000,19.250,0,0
445.000,118.000,19.250,0,0
445.000,119.000,19.250,0,0
445.000,120.000,19.250,0,0
445.000,121.000,19.250,0,0
445.000,122.000,19.250,0,0
445.000,123.000,19.250,0,0
445.000,124.000,19.250,0,0
445.000,125.000,19.250,0,0
445.000,126.000,19.250,0,0
445.000,127.000,19.250,0,0
445.000,128.000,19.250,0,0
445.000,129.000,19.250,0,0
445.000,130.000,19.250,0,0
445.000,131.000,19.250,0,0
445.000,132.000,19.250,0,0
445.000,133.000,19.250,0,0
445.000,134.000,19.250,0,0
445.000,135.000,19.250,0,0
445.000,136.000,19.250,0,0
445.000,137.000,19.250,0,0
445.000,138.000,19.250,0,0
445.000,139.000,19.250,0,0
445.000,140.000,19.250,0,0
445.000,141.000,19.250,0,0
445.000,142.000,19.250,0,0
445.000,143.000,19.250,0,0
445.000,144.000,19.250,0,0
445.000,145.000,19.250,0,0
445.000,146.000,19.250,0,0
445.000,147.000,19.250,0,0
445.000,148.000,19.250,0,0
445.000,149.000,19.250,0,0
445.000,150.000,19.250,0,0
445.000,151.000,19.250,0,0
445.000,152.000,19.250,0,0
445.000,153.000,19.250,0,0
445.000,154.000,19.250,0,0
445.000,155.000,19.250,0,0
445.000,156.000,19.250,0,0
445.000,157.000,19.250,0,0
445.000,158.000,19.250,0,0
445.000,159.000,19.250,0,0
445.000,160.000,19.250,0,0
445.000,161.000,19.250,0,0
445.000,162.000,19.250,0,0
445.000,163.000,19.250,0,0
445.000,164.000,19.250,0,0
445.000,165.000,19.250,0,0
445.000,166.000,19.250,0,0
445.000,167.000,19.250,0,0
445.000,168.000,19.250,0,0
445.000,169.000,19.250,0,0
445.000,170.000,19.250,0,0
445.000,171.000,19.250,0,0
445.000,172.000,19.250,0,0
445.000,173.000,19.250,0,0
445.000,174.000,19.250,0,0
445.000,175.000,19.250,0,0
445.000,176.000,19.250,0,0
445.000,177.000,19.250,0,0
445.000,178.000,19.250,0,0
445.000,179.000,19.250,0,0
445.000,180.000,19.250,0,0
447.500,20.000,18.375,0,1
447.500,21.000,18.375,0,1
447.500,22.000,18.375,0,1
447.500,23.000,18.375,0,1
447.500,24.000,18.375,0,1
447.500,25.000,18.375,0,1
447.500,26.000,18.375,0,1
447.500,27.000,18.375,0,1
447.500,28.000,18.375,0,1
447.500,29.000,18.375,0,1
447.500,30.000,18.375,0,1
447.500,31.000,18.375,0,1
447.500,32.000,18.375,0,1
447.500,33.000,18.375,0,1
447.500,34.000,18.375,0,1
447.500,35.000,18.375,0,1
447.500,36.000,18.375,0,1
447.500,37.000,18.375,0,1
447.500,38.000,18.375,0,1
447.500,39.000,18.375,0,1
447.500,40.000,18.375,0,1
447.500,41.000,18.375,0,1
447.500,42.000,18.375,0,1
447.500,43.000,18.375,0,1
447.500,44.000,18.375,0,1
447.500,45.000,18.375,0,1
447.500,46.000,18.375,0,1
447.500,47.000,18.375,0,1
447.500,48.000,18.375,0,1
447.500,49.000,18.375,0,1
447.500,50.000,18.375,0,1
447.500,51.000,18.375,0,1
447.500,52.000,18.375,0,1
447.500,53.000,18.375,0,1
447.500,54.000,18.375,0,1
447.500,55.000,18.375,0,1
447.500,56.000,18.375,0,1
447.500,57.000,18.375,0,1
447.500,58.000,18.375,0,1
447.500,59.000,18.375,0,1
447.500,60.000,18.375,0,1
447.500,61.000,18.375,0,1
447.500,62.000,18.375,0,1
447.500,63.000,18.375,0,1
447.500,64.000,18.375,0,1
447.500,65.000,18.375,0,1
447.500,66.000,18.375,0,1
447.500,67.000,18.375,0,1
447.500,68.000,18.375,0,1
447.500,69.000,18.375,0,1
447.500,70.000,18.375,0,1
447.500,71.000,18.375,0,1
447.500,72.000,18.375,0,1
447.500,73.000,18.375,0,1
447.500,74.000,18.375,0,1
447.500,75.000,18.375,0,1
447.500,76.000,18.375,0,1
447.500,77.000,18.375,0,1
447.500,78.000,18.375,0,1
447.500,79.000,18.375,0,1
447.500,80.000,18.375,0,1
447.500,81.000,18.375,0,1
447.500,82.000,18.375,0,1
447.500,83.000,18.375,0,1
447.500,84.000,18.375,0,1
447.500,85.000,18.375,0,1
447.500,86.000,18.375,0,1
447.500,87.000,18.375,0,1
447.500,88.000,18.375,0,1
447.500,89.000,18.375,0,1
447.500,90.000,18.375,0,1
447.500,91.000,18.375,0,1
447.500,92.000,18.375,0,1
447.500,93.000,18.375,0,1
447.500,94.000,18.375,0,1
447.500,95.000,18.375,0,1
447.500,96.000,18.375,0,1
447.500,97.000,18.375,0,1
447.500,98.000,18.375,0,1
447.500,99.000,18.375,0,0
447.500,100.000,18.375,0,0
447.500,101.000,18.375,0,0
447.500,102.000,18.375,0,0
447.500,103.000,18.375,0,0
447.500,104.000,18.375,0,0
447.500,105.000,18.375,0,0
447.500,106.000,18.375,0,0
447.500,107.000,18.375,0,0
447.500,108.000,18.375,0,0
447.500,109.000,18.375,0,0
447.500,110.000,18.375,0,0
447.500,111.000,18.375,0,0
447.500,112.000,18.375,0,0
447.500,113.000,18.375,0,0
447.500,114.000,18.375,0,0
447.500,115.000,18.375,0,0
447.500,116.000,18.375,0,0
447.500,117.000,18.375,0,0
447.500,118.000,18.375,0,0
447.500,119.000,18.375,0,0
447.500,120.000,18.375,0,0
447.500,121.000,18.375,0,0
447.500,122.000,18.375,0,0
447.500,123.000,18.375,0,0
447.500,124.000,18.375,0,0
447.500,125.000,18.375,0,0
447.500,126.000,18.375,0,0
447.500,127.000,18.375,0,0
447.500,128.000,18.375,0,0
447.500,129.000,18.375,0,0
447.500,130.000,18.375,0,0
447.500,131.000,18.375,0,0
447.500,132.000,18.375,0,0
447.500,133.000,18.375,0,0
447.500,134.000,18.375,0,0
447.500,135.000,18.375,0,0
447.500,136.000,18.375,0,0
447.500,137.000,18.375,0,0
447.500,138.000,18.375,0,0
447.500,139.000,18.375,0,0
447.500,140.000,18.375,0,0
447.500,141.000,18.375,0,0
447.500,142.000,18.375,0,0
447.500,143.000,18.375,0,0
447.500,144.000,18.375,0,0
447.500,145.000,18.375,0,0
447.500,146.000,18.375,0,0
447.500,147.000,18.375,0,0
447.500,148.000,18.375,0,0
447.500,149.000,18.375,0,0
447.500,150.000,18.375,0,0
447.500,151.000,18.375,0,0
447.500,152.000,18.375,0,0
447.500,153.000,18.375,0,0
447.500,154.000,18.375,0,0
447.500,155.000,18.375,0,0
447.500,156.000,18.375,0,0
447.500,157.000,18.375,0,0
447.500,158.000,18.375,0,0
447.500,159.000,18.375,0,0
447.500,160.000,18.375,0,0
447.500,161.000,18.375,0,0
447.500,162.000,18.375,0,0
447.500,163.000,18.375,0,0
447.500,164.000,18.375,0,0
447.500,165.000,18.375,0,0
447.500,166.000,18.375,0,0
447.500,167.000,18.375,0,0
447.500,168.000,18.375,0,0
447.500,169.000,18.375,0,0
447.500,170.000,18.375,0,0
447.500,171.000,18.375,0,0
447.500,172.000,18.375,0,0
447.500,173.000,18.375,0,0
447.500,174.000,18.375,0,0
447.500,175.000,18.375,0,0
447.500,176.000,18.375,0,0
447.500,177.000,18.375,0,0
447.500,178.000,18.375,0,0
447.500,179.000,18.375,0,0
447.500,180.000,18.375,0,0
450.000,20.000,17.500,0,1
450.000,21.000,17.500,0,1
450.000,22.000,17.500,0,1
450.000,23.000,17.500,0,1
450.000,24.000,17.500,0,1
450.000,25.000,17.500,0,1
450.000,26.000,17.500,0,1
450.000,27.000,17.500,0,1
450.000,28.000,17.500,0,1
450.000,29.000,17.500,0,1
450.000,30.000,17.500,0,1
450.000,31.000,17.500,0,1
450.000,32.000,17.500,0,1
450.000,33.000,17.500,0,1
450.000,34.000,17.500,0,1
450.000,35.000,17.500,0,1
450.000,36.000,17.500,0,1
450.000,37.000,17.500,0,1
450.000,38.000,17.500,0,1
450.000,39.000,17.500,0,1
450.000,40.000,17.500,0,1
450.000,41.000,17.500,0,1
450.000,42.000,17.500,0,1
450.000,43.000,17.500,0,1
450.000,44.000,17.500,0,1
450.000,45.000,17.500,0,1
450.000,46.000,17.500,0,1
450.000,47.000,17.500,0,1
450.000,48.000,17.500,0,1
450.000,49.000,17.500,0,1
450.000,50.000,17.500,0,1
450.000,51.000,17.500,0,1
450.000,52.000,17.500,0,1
450.000,53.000,17.500,0,1
450.000,54.000,17.500,0,1
450.000,55.000,17.500,0,1
450.000,56.000,17.500,0,1
450.000,57.000,17.500,0,1
450.000,58.000,17.500,0,1
450.000,59.000,17.500,0,1
450.000,60.000,17.500,0,1
450.000,61.000,17.500,0,1
450.000,62.000,17.500,0,1
450.000,63.000,17.500,0,1
450.000,64.000,17.500,0,1
450.000,65.000,17.500,0,1
450.000,66.000,17.500,0,1
450.000,67.000,17.500,0,1
450.000,68.000,17.500,0,1
450.000,69.000,17.500,0,1
450.000,70.000,17.500,0,1
450.000,71.000,17.500,0,1
450.000,72.000,17.500,0,1
450.000,73.000,17.500,0,1
450.000,74.000,17.500,0,1
450.000,75.000,17.500,0,1
450.000,76.000,17.500,0,1
450.000,77.000,17.500,0,1
450.000,78.000,17.500,0,1
450.000,79.000,17.500,0,1
450.000,80.000,17.500,0,1
450.000,81.000,17.500,0,1
450.000,82.000,17.500,0,1
450.000,83.000,17.500,0,1
450.000,84.000,17.500,0,1
450.000,85.000,17.500,0,1
450.000,86.000,17.500,0,1
450.000,87.000,17.500,0,1
450.000,88.000,17.500,0,1
450.000,89.000,17.500,0,1
450.000,90.000,17.500,0,1
450.000,91.000,17.500,0,1
450.000,92.000,17.500,0,1
450.000,93.000,17.500,0,1
450.000,94.000,17.500,0,1
450.000,95.000,17.500,0,1
450.000,96.000,17.500,0,1
450.000,97.000,17.500,0,1
450.000,98.000,17.500,0,0
450.000,99.000,17.500,0,0
450.000,100.000,17.500,0,0
450.000,101.000,17.500,0,0
450.000,102.000,17.500,0,0
450.000,103.000,17.500,0,0
450.000,104.000,17.500,0,0
450.000,105.000,17.500,0,0
450.000,106.000,17.500,0,0
450.000,107.000,17.500,0,0
450.000,108.000,17.500,0,0
450.000,109.000,17.500,0,0
450.000,110.000,17.500,0,0
450.000,111.000,17.500,0,0
450.000,112.000,17.500,0,0
450.000,113.000,17.500,0,0
450.000,114.000,17.500,0,0
450.000,115.000,17.500,0,0
450.000,116.000,17.500,0,0
450.000,117.000,17.500,0,0
450.000,118.000,17.500,0,0
450.000,119.000,17.500,0,0
450.000,120.000,17.500,0,0
450.000,121.000,17.500,0,0
450.000,122.000,17.500,0,0
450.000,123.000,17.500,0,0
450.000,124.000,17.500,0,0
450.000,125.000,17.500,0,0
450.000,126.000,17.500,0,0
450.000,127.000,17.500,0,0
450.000,128.000,17.500,0,0
450.000,129.000,17.500,0,0
450.000,130.000,17.500,0,0
450.000,131.000,17.500,0,0
450.000,132.000,17.500,0,0
450.000,133.000,17.500,0,0
450.000,134.000,17.500,0,0
450.000,135.000,17.500,0,0
450.000,136.000,17.500,0,0
450.000,137.000,17.500,0,0
450.000,138.000,17.500,0,0
450.000,139.000,17.500,0,0
450.000,140.000,17.500,0,0
450.000,141.000,17.500,0,0
450.000,142.000,17.500,0,0
450.000,143.000,17.500,0,0
450.000,144.000,17.500,0,0
450.000,145.000,17.500,0,0
450.000,146.000,17.500,0,0
450.000,147.000,17.500,0,0
450.000,148.000,17.500,0,0
450.000,149.000,17.500,0,0
450.000,150.000,17.500,0,0
450.000,151.000,17.500,0,0
450.000,152.000,17.500,0,0
450.000,153.000,17.500,0,0
450.000,154.000,17.500,0,0
450.000,155.000,17.500,0,0
450.000,156.000,17.500,0,0
450.000,157.000,17.500,0,0
450.000,158.000,17.500,0,0
450.000,159.000,17.500,0,0
450.000,160.000,17.500,0,0
450.000,161.000,17.500,0,0
450.000,162.000,17.500,0,0
450.000,163.000,17.500,0,0
450.000,164.000,17.500,0,0
450.000,165.000,17.500,0,0
450.000,166.000,17.500,0,0
450.000,167.000,17.500,0,0
450.000,168.000,17.500,0,0
450.000,169.000,17.500,0,0
450.000,170.000,17.500,0,0
450.000,171.000,17.500,0,0
450.000,172.000,17.500,0,0
450.000,173.000,17.500,0,0
450.000,174.000,17.500,0,0
450.000,175.000,17.500,0,0
450.000,176.000,17.500,0,0
450.000,177.000,17.500,0,0
450.000,178.000,17.500,0,0
450.000,179.000,17.500,0,0
450.000,180.000,17.500,0,0
452.500,20.000,16.625,0,1
452.500,21.000,16.625,0,1
452.500,22.000,16.625,0,1
452.500,23.000,16.625,0,1
452.500,24.000,16.625,0,1
452.500,25.000,16.625,0,1
452.500,26.000,16.625,0,1
452.500,27.000,16.625,0,1
452.500,28.000,16.625,0,1
452.500,29.000,16.625,0,1
452.500,30.000,16.625,0,1
452.500,31.000,16.625,0,1
452.500,32.000,16.625,0,1
452.500,33.000,16.625,0,1
452.500,34.000,16.625,0,1
452.500,35.000,16.625,0,1
452.500,36.000,16.625,0,1
452.500,37.000,16.625,0,1
452.500,38.000,16.625,0,1
452.500,39.000,16.625,0,1
452.500,40.000,16.625,0,1
452.500,41.000,16.625,0,1
452.500,42.000,16.625,0,1
452.500,43.000,16.625,0,1
452.500,44.000,16.625,0,1
452.500,45.000,16.625,0,1
452.500,46.000,16.625,0,1
452.500,47.000,16.625,0,1
452.500,48.000,16.625,0,1
452.500,49.000,16.625,0,1
452.500,50.000,16.625,0,1
452.500,51.000,16.625,0,1
452.500,52.000,16.625,0,1
452.500,53.000,16.625,0,1
452.500,54.000,16.625,0,1
452.500,55.000,16.625,0,1
452.500,56.000,16.625,0,1
452.500,57.000,16.625,0,1
452.500,58.000,16.625,0,1
452.500,59.000,16.625,0,1
452.500,60.000,16.625,0,1
452.500,61.000,16.625,0,1
452.500,62.000,16.625,0,1
452.500,63.000,16.625,0,1
452.500,64.000,16.625,0,1
452.500,65.000,16.625,0,1
452.500,66.000,16.625,0,1
452.500,67.000,16.625,0,1
452.500,68.000,16.625,0,1
452.500,69.000,16.625,0,1
452.500,70.000,16.625,0,1
452.500,71.000,16.625,0,1
452.500,72.000,16.625,0,1
452.500,73.000,16.625,0,1
452.500,74.000,16.625,0,1
452.500,75.000,16.625,0,1
452.500,76.000,16.625,0,1
452.500,77.000,16.625,0,1
452.500,78.000,16.625,0,1
452.500,79.000,16.625,0,1
452.500,80.000,16.625,0,1
452.500,81.000,16.625,0,1
452.500,82.000,16.625,0,1
452.500,83.000,16.625,0,1
452.500,84.000,16.625,0,1
452.500,85.000,16.625,0,1
452.500,86.000,16.625,0,1
452.500,87.000,16.625,0,1
452.500,88.000,16.625,0,1
452.500,89.000,16.625,0,1
452.500,90.000,16.625,0,1
452.500,91.000,16.625,0,1
452.500,92.000,16.625,0,1
452.500,93.000,16.625,0,1
452.500,94.000,16.625,0,1
452.500,95.000,16.625,0,1
452.500,96.000,16.625,0,1
452.500,97.000,16.625,0,0
452.500,98.000,16.625,0,0
452.500,99.000,16.625,0,0
452.500,100.000,16.625,0,0
452.500,101.000,16.625,0,0
452.500,102.000,16.625,0,0
452.500,103.000,16.625,0,0
452.500,104.000,16.625,0,0
452.500,105.000,16.625,0,0
452.500,106.000,16.625,0,0
452.500,107.000,16.625,0,0
452.500,108.000,16.625,0,0
452.500,109.000,16.625,0,0
452.500,110.000,16.625,0,0
452.500,111.000,16.625,0,0
452.500,112.000,16.625,0,0
452.500,113.000,16.625,0,0
452.500,114.000,16.625,0,0
452.500,115.000,16.625,0,0
452.500,116.000,16.625,0,0
452.500,117.000,16.625,0,0
452.500,118.000,16.625,0,0
452.500,119.000,16.625,0,0
452.500,120.000,16.625,0,0
452.500,121.000,16.625,0,0
452.500,122.000,16.625,0,0
452.500,123.000,16.625,0,0
452.500,124.000,16.625,0,0
452.500,125.000,16.625,0,0
452.500,126.000,16.625,0,0
452.500,127.000,16.625,0,0
452.500,128.000,16.625,0,0
452.500,129.000,16.625,0,0
452.500,130.000,16.625,0,0
452.500,131.000,16.625,0,0
452.500,132.000,16.625,0,0
452.500,133.000,16.625,0,0
452.500,134.000,16.625,0,0
452.500,135.000,16.625,0,0
452.500,136.000,16.625,0,0
452.500,137.000,16.625,0,0
452.500,138.000,16.625,0,0
452.500,139.000,16.625,0,0
452.500,140.000,16.625,0,0
452.500,141.000,16.625,0,0
452.500,142.000,16.625,0,0
452.500,143.000,16.625,0,0
452.500,144.000,16.625,0,0
452.500,145.000,16.625,0,0
452.500,146.000,16.625,0,0
452.500,147.000,16.625,0,0
452.500,148.000,16.625,0,0
452.500,149.000,16.625,0,0
452.500,150.000,16.625,0,0
452.500,151.000,16.625,0,0
452.500,152.000,16.625,0,0
452.500,153.000,16.625,0,0
452.500,154.000,16.625,0,0
452.500,155.000,16.625,0,0
452.500,156.000,16.625,0,0
452.500,157.000,16.625,0,0
452.500,158.000,16.625,0,0
452.500,159.000,16.625,0,0
452.500,160.000,16.625,0,0
452.500,161.000,16.625,0,0
452.500,162.000,16.625,0,0
452.500,163.000,16.625,0,0
452.500,164.000,16.625,0,0
452.500,165.000,16.625,0,0
452.500,166.000,16.625,0,0
452.500,167.000,16.625,0,0
452.500,168.000,16.625,0,0
452.500,169.000,16.625,0,0
452.500,170.000,16.625,0,0
452.500,171.000,16.625,0,0
452.500,172.000,16.625,0,0
452.500,173.000,16.625,0,0
452.500,174.000,16.625,0,0
452.500,175.000,16.625,0,0
452.500,176.000,16.625,0,0
452.500,177.000,16.625,0,0
452.500,178.000,16.625,0,0
452.500,179.000,16.625,0,0
452.500,180.000,16.625,0,0
455.000,20.000,15.750,0,1
455.000,21.000,15.750,0,1
455.000,22.000,15.750,0,1
455.000,23.000,15.750,0,1
455.000,24.000,15.750,0,1
455.000,25.000,15.750,0,1
455.000,26.000,15.750,0,1
455.000,27.000,15.750,0,1
455.000,28.000,15.750,0,1
455.000,29.000,15.750,0,1
455.000,30.000,15.750,0,1
455.000,31.000,15.750,0,1
455.000,32.000,15.750,0,1
455.000,33.000,15.750,0,1
455.000,34.000,15.750,0,1
455.000,35.000,15.750,0,1
455.000,36.000,15.750,0,1
455.000,37.000,15.750,0,1
455.000,38.000,15.750,0,1
455.000,39.000,15.750,0,1
455.000,40.000,15.750,0,1
455.000,41.000,15.750,0,1
455.000,42.000,15.750,0,1
455.000,43.000,15.750,0,1
455.000,44.000,15.750,0,1
455.000,45.000,15.750,0,1
455.000,46.000,15.750,0,1
455.000,47.000,15.750,0,1
455.000,48.000,15.750,0,1
455.000,49.000,15.750,0,1
455.000,50.000,15.750,0,1
455.000,51.000,15.750,0,1
455.000,52.000,15.750,0,1
455.000,53.000,15.750,0,1
455.000,54.000,15.750,0,1
455.000,55.000,15.750,0,1
455.000,56.000,15.750,0,1
455.000,57.000,15.750,0,1
455.000,58.000,15.750,0,1
455.000,59.000,15.750,0,1
455.000,60.000,15.750,0,1
455.000,61.000,15.750,0,1
455.000,62.000,15.750,0,1
455.000,63.000,15.750,0,1
455.000,64.000,15.750,0,1
455.000,65.000,15.750,0,1
455.000,66.000,15.750,0,1
455.000,67.000,15.750,0,1
455.000,68.000,15.750,0,1
455.000,69.000,15.750,0,1
455.000,70.000,15.750,0,1
455.000,71.000,15.750,0,1
455.000,72.000,15.750,0,1
455.000,73.000,15.750,0,1
455.000,74.000,15.750,0,1
455.000,75.000,15.750,0,1
455.000,76.000,15.750,0,1
455.000,77.000,15.750,0,1
455.000,78.000,15.750,0,1
455.000,79.000,15.750,0,1
455.000,80.000,15.750,0,1
455.000,81.000,15.750,0,1
455.000,82.000,15.750,0,1
455.000,83.000,15.750,0,1
455.000,84.000,15.750,0,1
455.000,85.000,15.750,0,1
455.000,86.000,15.750,0,1
455.000,87.000,15.750,0,1
455.000,88.000,15.750,0,1
455.000,89.000,15.750,0,1
455.000,90.000,15.750,0,1
455.000,91.000,15.750,0,1
455.000,92.000,15.750,0,1
455.000,93.000,15.750,0,1
455.000,94.000,15.750,0,1
455.000,95.000,15.750,0,1
455.000,96.000,15.750,0,0
455.000,97.000,15.750,0,0
455.000,98.000,15.750,0,0
455.000,99.000,15.750,0,0
455.000,100.000,15.750,0,0
455.000,101.000,15.750,0,0
455.000,102.000,15.750,0,0
455.000,103.000,15.750,0,0
455.000,104.000,15.750,0,0
455.000,105.000,15.750,0,0
455.000,106.000,15.750,0,0
455.000,107.000,15.750,0,0
455.000,108.000,15.750,0,0
455.000,109.000,15.750,0,0
455.000,110.000,15.750,0,0
455.000,111.000,15.750,0,0
455.000,112.000,15.750,0,0
455.000,113.000,15.750,0,0
455.000,114.000,15.750,0,0
455.000,115.000,15.750,0,0
455.000,116.000,15.750,0,0
455.000,117.000,15.750,0,0
455.000,118.000,15.750,0,0
455.000,119.000,15.750,0,0
455.000,120.000,15.750,0,0
455.000,121.000,15.750,0,0
455.000,122.000,15.750,0,0
455.000,123.000,15.750,0,0
455.000,124.000,15.750,0,0
455.000,125.000,15.750,0,0
455.000,126.000,15.750,0,0
455.000,127.000,15.750,0,0
455.000,128.000,15.750,0,0
455.000,129.000,15.750,0,0
455.000,130.000,15.750,0,0
455.000,131.000,15.750,0,0
455.000,132.000,15.750,0,0
455.000,133.000,15.750,0,0
455.000,134.000,15.750,0,0
455.000,135.000,15.750,0,0
455.000,136.000,15.750,0,0
455.000,137.000,15.750,0,0
455.000,138.000,15.750,0,0
455.000,139.000,15.750,0,0
455.000,140.000,15.750,0,0
455.000,141.000,15.750,0,0
455.000,142.000,15.750,0,0
455.000,143.000,15.750,0,0
455.000,144.000,15.750,0,0
455.000,145.000,15.750,0,0
455.000,146.000,15.750,0,0
455.000,147.000,15.750,0,0
455.000,148.000,15.750,0,0
455.000,149.000,15.750,0,0
455.000,150.000,15.750,0,0
455.000,151.000,15.750,0,0
455.000,152.000,15.750,0,0
455.000,153.000,15.750,0,0
455.000,154.000,15.750,0,0
455.000,155.000,15.750,0,0
455.000,156.000,15.750,0,0
455.000,157.000,15.750,0,0
455.000,158.000,15.750,0,0
455.000,159.000,15.750,0,0
455.000,160.000,15.750,0,0
455.000,161.000,15.750,0,0
455.000,162.000,15.750,0,0
455.000,163.000,15.750,0,0
455.000,164.000,15.750,0,0
455.000,165.000,15.750,0,0
455.000,166.000,15.750,0,0
455.000,167.000,15.750,0,0
455.000,168.000,15.750,0,0
455.000,169.000,15.750,0,0
455.000,170.000,15.750,0,0
455.000,171.000,15.750,0,0
455.000,172.000,15.750,0,0
455.000,173.000,15.750,0,0
455.000,174.000,15.750,0,0
455.000,175.000,15.750,0,0
455.000,176.000,15.750,0,0
455.000,177.000,15.750,0,0
455.000,178.000,15.750,0,0
455.000,179.000,15.750,0,0
455.000,180.000,15.750,0,0
457.500,20.000,15.000,0,1
457.500,21.000,15.000,0,1
457.500,22.000,15.000,0,1
457.500,23.000,15.000,0,1
457.500,24.000,15.000,0,1
457.500,25.000,15.000,0,1
457.500,26.000,15.000,0,1
457.500,27.000,15.000,0,1
457.500,28.000,15.000,0,1
457.500,29.000,15.000,0,1
457.500,30.000,15.000,0,1
457.500,31.000,15.000,0,1
457.500,32.000,15.000,0,1
457.500,33.000,15.000,0,1
457.500,34.000,15.000,0,1
457.500,35.000,15.000,0,1
457.500,36.000,15.000,0,1
457.500,37.000,15.000,0,1
457.500,38.000,15.000,0,1
457.500,39.000,15.000,0,1
457.500,40.000,15.000,0,1
457.500,41.000,15.000,0,1
457.500,42.000,15.000,0,1
457.500,43.000,15.000,0,1
457.500,44.000,15.000,0,1
457.500,45.000,15.000,0,1
457.500,46.000,15.000,0,1
457.500,47.000,15.000,0,1
457.500,48.000,15.000,0,1
457.500,49.000,15.000,0,1
457.500,50.000,15.000,0,1
457.500,51.000,15.000,0,1
457.500,52.000,15.000,0,1
457.500,53.000,15.000,0,1
457.500,54.000,15.000,0,1
457.500,55.000,15.000,0,1
457.500,56.000,15.000,0,1
457.500,57.000,15.000,0,1
457.500,58.000,15.000,0,1
457.500,59.000,15.000,0,1
457.500,60.000,15.000,0,1
457.500,61.000,15.000,0,1
457.500,62.000,15.000,0,1
457.500,63.000,15.000,0,1
457.500,64.000,15.000,0,1
457.500,65.000,15.000,0,1
457.500,66.000,15.000,0,1
457.500,67.000,15.000,0,1
457.500,68.000,15.000,0,1
457.500,69.000,15.000,0,1
457.500,70.000,15.000,0,1
457.500,71.000,15.000,0,1
457.500,72.000,15.000,0,1
457.500,73.000,15.000,0,1
457.500,74.000,15.000,0,1
457.500,75.000,15.000,0,1
457.500,76.000,15.000,0,1
457.500,77.000,15.000,0,1
457.500,78.000,15.000,0,1
457.500,79.000,15.000,0,1
457.500,80.000,15.000,0,1
457.500,81.000,15.000,0,1
457.500,82.000,15.000,0,1
457.500,83.000,15.000,0,1
457.500,84.000,15.000,0,1
457.500,85.000,15.000,0,1
457.500,86.000,15.000,0,1
457.500,87.000,15.000,0,1
457.500,88.000,15.000,0,1
457.500,89.000,15.000,0,1
457.500,90.000,15.000,0,1
457.500,91.000,15.000,0,1
457.500,92.000,15.000,0,1
457.500,93.000,15.000,0,1
457.500,94.000,15.000,0,1
457.500,95.000,15.000,0,1
457.500,96.000,15.000,0,0
457.500,97.000,15.000,0,0
457.500,98.000,15.000,0,0
457.500,99.000,15.000,0,0
457.500,100.000,15.000,0,0
457.500,101.000,15.000,0,0
457.500,102.000,15.000,0,0
457.500,103.000,15.000,0,0
457.500,104.000,15.000,0,0
457.500,105.000,15.000,0,0
457.500,106.000,15.000,0,0
457.500,107.000,15.000,0,0
457.500,108.000,15.000,0,0
457.500,109.000,15.000,0,0
457.500,110.000,15.000,0,0
457.500,111.000,15.000,0,0
457.500,112.000,15.000,0,0
457.500,113.000,15.000,0,0
457.500,114.000,15.000,0,0
457.500,115.000,15.000,0,0
457.500,116.000,15.000,0,0
457.500,117.000,15.000,0,0
457.500,118.000,15.000,0,0
457.500,119.000,15.000,0,0
457.500,120.000,15.000,0,0
457.500,121.000,15.000,0,0
457.500,122.000,15.000,0,0
457.500,123.000,15.000,0,0
457.500,124.000,15.000,0,0
457.500,125.000,15.000,0,0
457.500,126.000,15.000,0,0
457.500,127.000,15.000,0,0
457.500,128.000,15.000,0,0
457.500,129.000,15.000,0,0
457.500,130.000,15.000,0,0
457.500,131.000,15.000,0,0
457.500,132.000,15.000,0,0
457.500,133.000,15.000,0,0
457.500,134.000,15.000,0,0
457.500,135.000,15.000,0,0
457.500,136.000,15.000,0,0
457.500,137.000,15.000,0,0
457.500,138.000,15.000,0,0
457.500,139.000,15.000,0,0
457.500,140.000,15.000,0,0
457.500,141.000,15.000,0,0
457.500,142.000,15.000,0,0
457.500,143.000,15.000,0,0
457.500,144.000,15.000,0,0
457.500,145.000,15.000,0,0
457.500,146.000,15.000,0,0
457.500,147.000,15.000,0,0
457.500,148.000,15.000,0,0
457.500,149.000,15.000,0,0
457.500,150.000,15.000,0,0
457.500,151.000,15.000,0,0
457.500,152.000,15.000,0,0
457.500,153.000,15.000,0,0
457.500,154.000,15.000,0,0
457.500,155.000,15.000,0,0
457.500,156.000,15.000,0,0
457.500,157.000,15.000,0,0
457.500,158.000,15.000,0,0
457.500,159.000,15.000,0,0
457.500,160.000,15.000,0,0
457.500,161.000,15.000,0,0
457.500,162.000,15.000,0,0
457.500,163.000,15.000,0,0
457.500,164.000,15.000,0,0
457.500,165.000,15.000,0,0
457.500,166.000,15.000,0,0
457.500,167.000,15.000,0,0
457.500,168.000,15.000,0,0
457.500,169.000,15.000,0,0
457.500,170.000,15.000,0,0
457.500,171.000,15.000,0,0
457.500,172.000,15.000,0,0
457.500,173.000,15.000,0,0
457.500,174.000,15.000,0,0
457.500,175.000,15.000,0,0
457.500,176.000,15.000,0,0
457.500,177.000,15.000,0,0
457.500,178.000,15.000,0,0
457.500,179.000,15.000,0,0
457.500,180.000,15.000,0,0
460.000,20.000,15.000,0,1
460.000,21.000,15.000,0,1
460.000,22.000,15.000,0,1
460.000,23.000,15.000,0,1
460.000,24.000,15.000,0,1
460.000,25.000,15.000,0,1
460.000,26.000,15.000,0,1
460.000,27.000,15.000,0,1
460.000,28.000,15.000,0,1
460.000,29.000,15.000,0,1
460.000,30.000,15.000,0,1
460.000,31.000,15.000,0,1
460.000,32.000,15.000,0,1
460.000,33.000,15.000,0,1
460.000,34.000,15.000,0,1
460.000,35.000,15.000,0,1
460.000,36.000,15.000,0,1
460.000,37.000,15.000,0,1
460.000,38.000,15.000,0,1
460.000,39.000,15.000,0,1
460.000,40.000,15.000,0,1
460.000,41.000,15.000,0,1
460.000,42.000,15.000,0,1
460.000,43.000,15.000,0,1
460.000,44.000,15.000,0,1
460.000,45.000,15.000,0,1
460.000,46.000,15.000,0,1
460.000,47.000,15.000,0,1
460.000,48.000,15.000,0,1
460.000,49.000,15.000,0,1
460.000,50.000,15.000,0,1
460.000,51.000,15.000,0,1
460.000,52.000,15.000,0,1
460.000,53.000,15.000,0,1
460.000,54.000,15.000,0,1
460.000,55.000,15.000,0,1
460.000,56.000,15.000,0,1
460.000,57.000,15.000,0,1
460.000,58.000,15.000,0,1
460.000,59.000,15.000,0,1
460.000,60.000,15.000,0,1
460.000,61.000,15.000,0,1
460.000,62.000,15.000,0,1
460.000,63.000,15.000,0,1
460.000,64.000,15.000,0,1
460.000,65.000,15.000,0,1
460.000,66.000,15.000,0,1
460.000,67.000,15.000,0,1
460.000,68.000,15.000,0,1
460.000,69.000,15.000,0,1
460.000,70.000,15.000,0,1
460.000,71.000,15.000,0,1
460.000,72.000,15.000,0,1
460.000,73.000,15.000,0,1
460.000,74.000,15.000,0,1
460.000,75.000,15.000,0,1
460.000,76.000,15.000,0,1
460.000,77.000,15.000,0,1
460.000,78.000,15.000,0,1
460.000,79.000,15.000,0,1
460.000,80.000,15.000,0,1
460.000,81.000,15.000,0,1
460.000,82.000,15.000,0,1
460.000,83.000,15.000,0,1
460.000,84.000,15.000,0,1
460.000,85.000,15.000,0,1
460.000,86.000,15.000,0,1
460.000,87.000,15.000,0,1
460.000,88.000,15.000,0,1
460.000,89.000,15.000,0,1
460.000,90.000,15.000,0,1
460.000,91.000,15.000,0,1
460.000,92.000,15.000,0,1
460.000,93.000,15.000,0,1
460.000,94.000,15.000,0,1
460.000,95.000,15.000,0,1
460.000,96.000,15.000,0,0
460.000,97.000,15.000,0,0
460.000,98.000,15.000,0,0
460.000,99.000,15.000,0,0
460.000,100.000,15.000,0,0
460.000,101.000,15.000,0,0
460.000,102.000,15.000,0,0
460.000,103.000,15.000,0,0
460.000,104.000,15.000,0,0
460.000,105.000,15.000,0,0
460.000,106.000,15.000,0,0
460.000,107.000,15.000,0,0
460.000,108.000,15.000,0,0
460.000,109.000,15.000,0,0
460.000,110.000,15.000,0,0
460.000,111.000,15.000,0,0
460.000,112.000,15.000,0,0
460.000,113.000,15.000,0,0
460.000,114.000,15.000,0,0
460.000,115.000,15.000,0,0
460.000,116.000,15.000,0,0
460.000,117.000,15.000,0,0
460.000,118.000,15.000,0,0
460.000,119.000,15.000,0,0
460.000,120.000,15.000,0,0
460.000,121.000,15.000,0,0
460.000,122.000,15.000,0,0
460.000,123.000,15.000,0,0
460.000,124.000,15.000,0,0
460.000,125.000,15.000,0,0
460.000,126.000,15.000,0,0
460.000,127.000,15.000,0,0
460.000,128.000,15.000,0,0
460.000,129.000,15.000,0,0
460.000,130.000,15.000,0,0
460.000,131.000,15.000,0,0
460.000,132.000,15.000,0,0
460.000,133.000,15.000,0,0
460.000,134.000,15.000,0,0
460.000,135.000,15.000,0,0
460.000,136.000,15.000,0,0
460.000,137.000,15.000,0,0
460.000,138.000,15.000,0,0
460.000,139.000,15.000,0,0
460.000,140.000,15.000,0,0
460.000,141.000,15.000,0,0
460.000,142.000,15.000,0,0
460.000,143.000,15.000,0,0
460.000,144.000,15.000,0,0
460.000,145.000,15.000,0,0
460.000,146.000,15.000,0,0
460.000,147.000,15.000,0,0
460.000,148.000,15.000,0,0
460.000,149.000,15.000,0,0
460.000,150.000,15.000,0,0
460.000,151.000,15.000,0,0
460.000,152.000,15.000,0,0
460.000,153.000,15.000,0,0
460.000,154.000,15.000,0,0
460.000,155.000,15.000,0,0
460.000,156.000,15.000,0,0
460.000,157.000,15.000,0,0
460.000,158.000,15.000,0,0
460.000,159.000,15.000,0,0
460.000,160.000,15.000,0,0
460.000,161.000,15.000,0,0
460.000,162.000,15.000,0,0
460.000,163.000,15.000,0,0
460.000,164.000,15.000,0,0
460.000,165.000,15.000,0,0
460.000,166.000,15.000,0,0
460.000,167.000,15.000,0,0
460.000,168.000,15.000,0,0
460.000,169.000,15.000,0,0
460.000,170.000,15.000,0,0
460.000,171.000,15.000,0,0
460.000,172.000,15.000,0,0
460.000,173.000,15.000,0,0
460.000,174.000,15.000,0,0
460.000,175.000,15.000,0,0
460.000,176.000,15.000,0,0
460.000,177.000,15.000,0,0
460.000,178.000,15.000,0,0
460.000,179.000,15.000,0,0
460.000,180.000,15.000,0,0
462.500,20.000,15.000,0,1
462.500,21.000,15.000,0,1
462.500,22.000,15.000,0,1
462.500,23.000,15.000,0,1
462.500,24.000,15.000,0,1
462.500,25.000,15.000,0,1
462.500,26.000,15.000,0,1
462.500,27.000,15.000,0,1
462.500,28.000,15.000,0,1
462.500,29.000,15.000,0,1
462.500,30.000,15.000,0,1
462.500,31.000,15.000,0,1
462.500,32.000,15.000,0,1
462.500,33.000,15.000,0,1
462.500,34.000,15.000,0,1
462.500,35.000,15.000,0,1
462.500,36.000,15.000,0,1
462.500,37.000,15.000,0,1
462.500,38.000,15.000,0,1
462.500,39.000,15.000,0,1
462.500,40.000,15.000,0,1
462.500,41.000,15.000,0,1
462.500,42.000,15.000,0,1
462.500,43.000,15.000,0,1
462.500,44.000,15.000,0,1
462.500,45.000,15.000,0,1
462.500,46.000,15.000,0,1
462.500,47.000,15.000,0,1
462.500,48.000,15.000,0,1
462.500,49.000,15.000,0,1
462.500,50.000,15.000,0,1
462.500,51.000,15.000,0,1
462.500,52.000,15.000,0,1
462.500,53.000,15.000,0,1
462.500,54.000,15.000,0,1
462.500,55.000,15.000,0,1
462.500,56.000,15.000,0,1
462.500,57.000,15.000,0,1
462.500,58.000,15.000,0,1
462.500,59.000,15.000,0,1
462.500,60.000,15.000,0,1
462.500,61.000,15.000,0,1
462.500,62.000,15.000,0,1
462.500,63.000,15.000,0,1
462.500,64.000,15.000,0,1
462.500,65.000,15.000,0,1
462.500,66.000,15.000,0,1
462.500,67.000,15.000,0,1
462.500,68.000,15.000,0,1
462.500,69.000,15.000,0,1
462.500,70.000,15.000,0,1
462.500,71.000,15.000,0,1
462.500,72.000,15.000,0,1
462.500,73.000,15.000,0,1
462.500,74.000,15.000,0,1
462.500,75.000,15.000,0,1
462.500,76.000,15.000,0,1
462.500,77.000,15.000,0,1
462.500,78.000,15.000,0,1
462.500,79.000,15.000,0,1
462.500,80.000,15.000,0,1
462.500,81.000,15.000,0,1
462.500,82.000,15.000,0,1
462.500,83.000,15.000,0,1
462.500,84.000,15.000,0,1
462.500,85.000,15.000,0,1
462.500,86.000,15.000,0,1
462.500,87.000,15.000,0,1
462.500,88.000,15.000,0,1
462.500,89.000,15.000,0,1
462.500,90.000,15.000,0,1
462.500,91.000,15.000,0,1
462.500,92.000,15.000,0,1
462.500,93.000,15.000,0,1
462.500,94.000,15.000,0,1
462.500,95.000,15.000,0,1
462.500,96.000,15.000,0,0
462.500,97.000,15.000,0,0
462.500,98.000,15.000,0,0
462.500,99.000,15.000,0,0
462.500,100.000,15.000,0,0
462.500,101.000,15.000,0,0
462.500,102.000,15.000,0,0
462.500,103.000,15.000,0,0
462.500,104.000,15.000,0,0
462.500,105.000,15.000,0,0
462.500,106.000,15.000,0,0
462.500,107.000,15.000,0,0
462.500,108.000,15.000,0,0
462.500,109.000,15.000,0,0
462.500,110.000,15.000,0,0
462.500,111.000,15.000,0,0
462.500,112.000,15.000,0,0
462.500,113.000,15.000,0,0
462.500,114.000,15.000,0,0
462.500,115.000,15.000,0,0
462.500,116.000,15.000,0,0
462.500,117.000,15.000,0,0
462.500,118.000,15.000,0,0
462.500,119.000,15.000,0,0
462.500,120.000,15.000,0,0
462.500,121.000,15.000,0,0
462.500,122.000,15.000,0,0
462.500,123.000,15.000,0,0
462.500,124.000,15.000,0,0
462.500,125.000,15.000,0,0
462.500,126.000,15.000,0,0
462.500,127.000,15.000,0,0
462.500,128.000,15.000,0,0
462.500,129.000,15.000,0,0
462.500,130.000,15.000,0,0
462.500,131.000,15.000,0,0
462.500,132.000,15.000,0,0
462.500,133.000,15.000,0,0
462.500,134.000,15.000,0,0
462.500,135.000,15.000,0,0
462.500,136.000,15.000,0,0
462.500,137.000,15.000,0,0
462.500,138.000,15.000,0,0
462.500,139.000,15.000,0,0
462.500,140.000,15.000,0,0
462.500,141.000,15.000,0,0
462.500,142.000,15.000,0,0
462.500,143.000,15.000,0,0
462.500,144.000,15.000,0,0
462.500,145.000,15.000,0,0
462.500,146.000,15.000,0,0
462.500,147.000,15.000,0,0
462.500,148.000,15.000,0,0
462.500,149.000,15.000,0,0
462.500,150.000,15.000,0,0
462.500,151.000,15.000,0,0
462.500,152.000,15.000,0,0
462.500,153.000,15.000,0,0
462.500,154.000,15.000,0,0
462.500,155.000,15.000,0,0
462.500,156.000,15.000,0,0
462.500,157.000,15.000,0,0
462.500,158.000,15.000,0,0
462.500,159.000,15.000,0,0
462.500,160.000,15.000,0,0
462.500,161.000,15.000,0,0
462.500,162.000,15.000,0,0
462.500,163.000,15.000,0,0
462.500,164.000,15.000,0,0
462.500,165.000,15.000,0,0
462.500,166.000,15.000,0,0
462.500,167.000,15.000,0,0
462.500,168.000,15.000,0,0
462.500,169.000,15.000,0,0
462.500,170.000,15.000,0,0
462.500,171.000,15.000,0,0
462.500,172.000,15.000,0,0
462.500,173.000,15.000,0,0
462.500,174.000,15.000,0,0
462.500,175.000,15.000,0,0
462.500,176.000,15.000,0,0
462.500,177.000,15.000,0,0
462.500,178.000,15.000,0,0
462.500,179.000,15.000,0,0
462.500,180.000,15.000,0,0
465.000,20.000,15.000,0,1
465.000,21.000,15.000,0,1
465.000,22.000,15.000,0,1
465.000,23.000,15.000,0,1
465.000,24.000,15.000,0,1
465.000,25.000,15.000,0,1
465.000,26.000,15.000,0,1
465.000,27.000,15.000,0,1
465.000,28.000,15.000,0,1
465.000,29.000,15.000,0,1
465.000,30.000,15.000,0,1
465.000,31.000,15.000,0,1
465.000,32.000,15.000,0,1
465.000,33.000,15.000,0,1
465.000,34.000,15.000,0,1
465.000,35.000,15.000,0,1
465.000,36.000,15.000,0,1
465.000,37.000,15.000,0,1
465.000,38.000,15.000,0,1
465.000,39.000,15.000,0,1
465.000,40.000,15.000,0,1
465.000,41.000,15.000,0,1
465.000,42.000,15.000,0,1
465.000,43.000,15.000,0,1
465.000,44.000,15.000,0,1
465.000,45.000,15.000,0,1
465.000,46.000,15.000,0,1
465.000,47.000,15.000,0,1
465.000,48.000,15.000,0,1
465.000,49.000,15.000,0,1
465.000,50.000,15.000,0,1
465.000,51.000,15.000,0,1
465.000,52.000,15.000,0,1
465.000,53.000,15.000,0,1
465.000,54.000,15.000,0,1
465.000,55.000,15.000,0,1
465.000,56.000,15.000,0,1
465.000,57.000,15.000,0,1
465.000,58.000,15.000,0,1
465.000,59.000,15.000,0,1
465.000,60.000,15.000,0,1
465.000,61.000,15.000,0,1
465.000,62.000,15.000,0,1
465.000,63.000,15.000,0,1
465.000,64.000,15.000,0,1
465.000,65.000,15.000,0,1
465.000,66.000,15.000,0,1
465.000,67.000,15.000,0,1
465.000,68.000,15.000,0,1
465.000,69.000,15.000,0,1
465.000,70.000,15.000,0,1
465.000,71.000,15.000,0,1
465.000,72.000,15.000,0,1
465.000,73.000,15.000,0,1
465.000,74.000,15.000,0,1
465.000,75.000,15.000,0,1
465.000,76.000,15.000,0,1
465.000,77.000,15.000,0,1
465.000,78.000,15.000,0,1
465.000,79.000,15.000,0,1
465.000,80.000,15.000,0,1
465.000,81.000,15.000,0,1
465.000,82.000,15.000,0,1
465.000,83.000,15.000,0,1
465.000,84.000,15.000,0,1
465.000,85.000,15.000,0,1
465.000,86.000,15.000,0,1
465.000,87.000,15.000,0,1
465.000,88.000,15.000,0,1
465.000,89.000,15.000,0,1
465.000,90.000,15.000,0,1
465.000,91.000,15.000,0,1
465.000,92.000,15.000,0,1
465.000,93.000,15.000,0,1
465.000,94.000,15.000,0,1
465.000,95.000,15.000,0,1
465.000,96.000,15.000,0,0
465.000,97.000,15.000,0,0
465.000,98.000,15.000,0,0
465.000,99.000,15.000,0,0
465.000,100.000,15.000,0,0
465.000,101.000,15.000,0,0
465.000,102.000,15.000,0,0
465.000,103.000,15.000,0,0
465.000,104.000,15.000,0,0
465.000,105.000,15.000,0,0
465.000,106.000,15.000,0,0
465.000,107.000,15.000,0,0
465.000,108.000,15.000,0,0
465.000,109.000,15.000,0,0
465.000,110.000,15.000,0,0
465.000,111.000,15.000,0,0
465.000,112.000,15.000,0,0
465.000,113.000,15.000,0,0
465.000,114.000,15.000,0,0
465.000,115.000,15.000,0,0
465.000,116.000,15.000,0,0
465.000,117.000,15.000,0,0
465.000,118.000,15.000,0,0
465.000,119.000,15.000,0,0
465.000,120.000,15.000,0,0
465.000,121.000,15.000,0,0
465.000,122.000,15.000,0,0
465.000,123.000,15.000,0,0
465.000,124.000,15.000,0,0
465.000,125.000,15.000,0,0
465.000,126.000,15.000,0,0
465.000,127.000,15.000,0,0
465.000,128.000,15.000,0,0
465.000,129.000,15.000,0,0
465.000,130.000,15.000,0,0
465.000,131.000,15.000,0,0
465.000,132.000,15.000,0,0
465.000,133.000,15.000,0,0
465.000,134.000,15.000,0,0
465.000,135.000,15.000,0,0
465.000,136.000,15.000,0,0
465.000,137.000,15.000,0,0
465.000,138.000,15.000,0,0
465.000,139.000,15.000,0,0
465.000,140.000,15.000,0,0
465.000,141.000,15.000,0,0
465.000,142.000,15.000,0,0
465.000,143.000,15.000,0,0
465.000,144.000,15.000,0,0
465.000,145.000,15.000,0,0
465.000,146.000,15.000,0,0
465.000,147.000,15.000,0,0
465.000,148.000,15.000,0,0
465.000,149.000,15.000,0,0
465.000,150.000,15.000,0,0
465.000,151.000,15.000,0,0
465.000,152.000,15.000,0,0
465.000,153.000,15.000,0,0
465.000,154.000,15.000,0,0
465.000,155.000,15.000,0,0
465.000,156.000,15.000,0,0
465.000,157.000,15.000,0,0
465.000,158.000,15.000,0,0
465.000,159.000,15.000,0,0
465.000,160.000,15.000,0,0
465.000,161.000,15.000,0,0
465.000,162.000,15.000,0,0
465.000,163.000,15.000,0,0
465.000,164.000,15.000,0,0
465.000,165.000,15.000,0,0
465.000,166.000,15.000,0,0
465.000,167.000,15.000,0,0
465.000,168.000,15.000,0,0
465.000,169.000,15.000,0,0
465.000,170.000,15.000,0,0
465.000,171.000,15.000,0,0
465.000,172.000,15.000,0,0
465.000,173.000,15.000,0,0
465.000,174.000,15.000,0,0
465.000,175.000,15.000,0,0
465.000,176.000,15.000,0,0
465.000,177.000,15.000,0,0
465.000,178.000,15.000,0,0
465.000,179.000,15.000,0,0
465.000,180.000,15.000,0,0
467.500,20.000,15.000,0,1
467.500,21.000,15.000,0,1
467.500,22.000,15.000,0,1
467.500,23.000,15.000,0,1
467.500,24.000,15.000,0,1
467.500,25.000,15.000,0,1
467.500,26.000,15.000,0,1
467.500,27.000,15.000,0,1
467.500,28.000,15.000,0,1
467.500,29.000,15.000,0,1
467.500,30.000,15.000,0,1
467.500,31.000,15.000,0,1
467.500,32.000,15.000,0,1
467.500,33.000,15.000,0,1
467.500,34.000,15.000,0,1
467.500,35.000,15.000,0,1
467.500,36.000,15.000,0,1
467.500,37.000,15.000,0,1
467.500,38.000,15.000,0,1
467.500,39.000,15.000,0,1
467.500,40.000,15.000,0,1
467.500,41.000,15.000,0,1
467.500,42.000,15.000,0,1
467.500,43.000,15.000,0,1
467.500,44.000,15.000,0,1
467.500,45.000,15.000,0,1
467.500,46.000,15.000,0,1
467.500,47.000,15.000,0,1
467.500,48.000,15.000,0,1
467.500,49.000,15.000,0,1
467.500,50.000,15.000,0,1
467.500,51.000,15.000,0,1
467.500,52.000,15.000,0,1
467.500,53.000,15.000,0,1
467.500,54.000,15.000,0,1
467.500,55.000,15.000,0,1
467.500,56.000,15.000,0,1
467.500,57.000,15.000,0,1
467.500,58.000,15.000,0,1
467.500,59.000,15.000,0,1
467.500,60.000,15.000,0,1
467.500,61.000,15.000,0,1
467.500,62.000,15.000,0,1
467.500,63.000,15.000,0,1
467.500,64.000,15.000,0,1
467.500,65.000,15.000,0,1
467.500,66.000,15.000,0,1
467.500,67.000,15.000,0,1
467.500,68.000,15.000,0,1
467.500,69.000,15.000,0,1
467.500,70.000,15.000,0,1
467.500,71.000,15.000,0,1
467.500,72.000,15.000,0,1
467.500,73.000,15.000,0,1
467.500,74.000,15.000,0,1
467.500,75.000,15.000,0,1
467.500,76.000,15.000,0,1
467.500,77.000,15.000,0,1
467.500,78.000,15.000,0,1
467.500,79.000,15.000,0,1
467.500,80.000,15.000,0,1
467.500,81.000,15.000,0,1
467.500,82.000,15.000,0,1
467.500,83.000,15.000,0,1
467.500,84.000,15.000,0,1
467.500,85.000,15.000,0,1
467.500,86.000,15.000,0,1
467.500,87.000,15.000,0,1
467.500,88.000,15.000,0,1
467.500,89.000,15.000,0,1
467.500,90.000,15.000,0,1
467.500,91.000,15.000,0,1
467.500,92.000,15.000,0,1
467.500,93.000,15.000,0,1
467.500,94.000,15.000,0,1
467.500,95.000,15.000,0,1
467.500,96.000,15.000,0,0
467.500,97.000,15.000,0,0
467.500,98.000,15.000,0,0
467.500,99.000,15.000,0,0
467.500,100.000,15.000,0,0
467.500,101.000,15.000,0,0
467.500,102.000,15.000,0,0
467.500,103.000,15.000,0,0
467.500,104.000,15.000,0,0
467.500,105.000,15.000,0,0
467.500,106.000,15.000,0,0
467.500,107.000,15.000,0,0
467.500,108.000,15.000,0,0
467.500,109.000,15.000,0,0
467.500,110.000,15.000,0,0
467.500,111.000,15.000,0,0
467.500,112.000,15.000,0,0
467.500,113.000,15.000,0,0
467.500,114.000,15.000,0,0
467.500,115.000,15.000,0,0
467.500,116.000,15.000,0,0
467.500,117.000,15.000,0,0
467.500,118.000,15.000,0,0
467.500,119.000,15.000,0,0
467.500,120.000,15.000,0,0
467.500,121.000,15.000,0,0
467.500,122.000,15.000,0,0
467.500,123.000,15.000,0,0
467.500,124.000,15.000,0,0
467.500,125.000,15.000,0,0
467.500,126.000,15.000,0,0
467.500,127.000,15.000,0,0
467.500,128.000,15.000,0,0
467.500,129.000,15.000,0,0
467.500,130.000,15.000,0,0
467.500,131.000,15.000,0,0
467.500,132.000,15.000,0,0
467.500,133.000,15.000,0,0
467.500,134.000,15.000,0,0
467.500,135.000,15.000,0,0
467.500,136.000,15.000,0,0
467.500,137.000,15.000,0,0
467.500,138.000,15.000,0,0
467.500,139.000,15.000,0,0
467.500,140.000,15.000,0,0
467.500,141.000,15.000,0,0
467.500,142.000,15.000,0,0
467.500,143.000,15.000,0,0
467.500,144.000,15.000,0,0
467.500,145.000,15.000,0,0
467.500,146.000,15.000,0,0
467.500,147.000,15.000,0,0
467.500,148.000,15.000,0,0
467.500,149.000,15.000,0,0
467.500,150.000,15.000,0,0
467.500,151.000,15.000,0,0
467.500,152.000,15.000,0,0
467.500,153.000,15.000,0,0
467.500,154.000,15.000,0,0
467.500,155.000,15.000,0,0
467.500,156.000,15.000,0,0
467.500,157.000,15.000,0,0
467.500,158.000,15.000,0,0
467.500,159.000,15.000,0,0
467.500,160.000,15.000,0,0
467.500,161.000,15.000,0,0
467.500,162.000,15.000,0,0
467.500,163.000,15.000,0,0
467.500,164.000,15.000,0,0
467.500,165.000,15.000,0,0
467.500,166.000,15.000,0,0
467.500,167.000,15.000,0,0
467.500,168.000,15.000,0,0
467.500,169.000,15.000,0,0
467.500,170.000,15.000,0,0
467.500,171.000,15.000,0,0
467.500,172.000,15.000,0,0
467.500,173.000,15.000,0,0
467.500,174.000,15.000,0,0
467.500,175.000,15.000,0,0
467.500,176.000,15.000,0,0
467.500,177.000,15.000,0,0
467.500,178.000,15.000,0,0
467.500,179.000,15.000,0,0
467.500,180.000,15.000,0,0
470.000,20.000,15.000,0,1
470.000,21.000,15.000,0,1
470.000,22.000,15.000,0,1
470.000,23.000,15.000,0,1
470.000,24.000,15.000,0,1
470.000,25.000,15.000,0,1
470.000,26.000,15.000,0,1
470.000,27.000,15.000,0,1
470.000,28.000,15.000,0,1
470.000,29.000,15.000,0,1
470.000,30.000,15.000,0,1
470.000,31.000,15.000,0,1
470.000,32.000,15.000,0,1
470.000,33.000,15.000,0,1
470.000,34.000,15.000,0,1
470.000,35.000,15.000,0,1
470.000,36.000,15.000,0,1
470.000,37.000,15.000,0,1
470.000,38.000,15.000,0,1
470.000,39.000,15.000,0,1
470.000,40.000,15.000,0,1
470.000,41.000,15.000,0,1
470.000,42.000,15.000,0,1
470.000,43.000,15.000,0,1
470.000,44.000,15.000,0,1
470.000,45.000,15.000,0,1
470.000,46.000,15.000,0,1
470.000,47.000,15.000,0,1
470.000,48.000,15.000,0,1
470.000,49.000,15.000,0,1
470.000,50.000,15.000,0,1
470.000,51.000,15.000,0,1
470.000,52.000,15.000,0,1
470.000,53.000,15.000,0,1
470.000,54.000,15.000,0,1
470.000,55.000,15.000,0,1
470.000,56.000,15.000,0,1
470.000,57.000,15.000,0,1
470.000,58.000,15.000,0,1
470.000,59.000,15.000,0,1
470.000,60.000,15.000,0,1
470.000,61.000,15.000,0,1
470.000,62.000,15.000,0,1
470.000,63.000,15.000,0,1
470.000,64.000,15.000,0,1
470.000,65.000,15.000,0,1
470.000,66.000,15.000,0,1
470.000,67.000,15.000,0,1
470.000,68.000,15.000,0,1
470.000,69.000,15.000,0,1
470.000,70.000,15.000,0,1
470.000,71.000,15.000,0,1
470.000,72.000,15.000,0,1
470.000,73.000,15.000,0,1
470.000,74.000,15.000,0,1
470.000,75.000,15.000,0,1
470.000,76.000,15.000,0,1
470.000,77.000,15.000,0,1
470.000,78.000,15.000,0,1
470.000,79.000,15.000,0,1
470.000,80.000,15.000,0,1
470.000,81.000,15.000,0,1
470.000,82.000,15.000,0,1
470.000,83.000,15.000,0,1
470.000,84.000,15.000,0,1
470.000,85.000,15.000,0,1
470.000,86.000,15.000,0,1
470.000,87.000,15.000,0,1
470.000,88.000,15.000,0,1
470.000,89.000,15.000,0,1
470.000,90.000,15.000,0,1
470.000,91.000,15.000,0,1
470.000,92.000,15.000,0,1
470.000,93.000,15.000,0,1
470.000,94.000,15.000,0,1
470.000,95.000,15.000,0,1
470.000,96.000,15.000,0,0
470.000,97.000,15.000,0,0
470.000,98.000,15.000,0,0
470.000,99.000,15.000,0,0
470.000,100.000,15.000,0,0
470.000,101.000,15.000,0,0
470.000,102.000,15.000,0,0
470.000,103.000,15.000,0,0
470.000,104.000,15.000,0,0
470.000,105.000,15.000,0,0
470.000,106.000,15.000,0,0
470.000,107.000,15.000,0,0
470.000,108.000,15.000,0,0
470.000,109.000,15.000,0,0
470.000,110.000,15.000,0,0
470.000,111.000,15.000,0,0
470.000,112.000,15.000,0,0
470.000,113.000,15.000,0,0
470.000,114.000,15.000,0,0
470.000,115.000,15.000,0,0
470.000,116.000,15.000,0,0
470.000,117.000,15.000,0,0
470.000,118.000,15.000,0,0
470.000,119.000,15.000,0,0
470.000,120.000,15.000,0,0
470.000,121.000,15.000,0,0
470.000,122.000,15.000,0,0
470.000,123.000,15.000,0,0
470.000,124.000,15.000,0,0
470.000,125.000,15.000,0,0
470.000,126.000,15.000,0,0
470.000,127.000,15.000,0,0
470.000,128.000,15.000,0,0
470.000,129.000,15.000,0,0
470.000,130.000,15.000,0,0
470.000,131.000,15.000,0,0
470.000,132.000,15.000,0,0
470.000,133.000,15.000,0,0
470.000,134.000,15.000,0,0
470.000,135.000,15.000,0,0
470.000,136.000,15.000,0,0
470.000,137.000,15.000,0,0
470.000,138.000,15.000,0,0
470.000,139.000,15.000,0,0
470.000,140.000,15.000,0,0
470.000,141.000,15.000,0,0
470.000,142.000,15.000,0,0
470.000,143.000,15.000,0,0
470.000,144.000,15.000,0,0
470.000,145.000,15.000,0,0
470.000,146.000,15.000,0,0
470.000,147.000,15.000,0,0
470.000,148.000,15.000,0,0
470.000,149.000,15.000,0,0
470.000,150.000,15.000,0,0
470.000,151.000,15.000,0,0
470.000,152.000,15.000,0,0
470.000,153.000,15.000,0,0
470.000,154.000,15.000,0,0
470.000,155.000,15.000,0,0
470.000,156.000,15.000,0,0
470.000,157.000,15.000,0,0
470.000,158.000,15.000,0,0
470.000,159.000,15.000,0,0
470.000,160.000,15.000,0,0
470.000,161.000,15.000,0,0
470.000,162.000,15.000,0,0
470.000,163.000,15.000,0,0
470.000,164.000,15.000,0,0
470.000,165.000,15.000,0,0
470.000,166.000,15.000,0,0
470.000,167.000,15.000,0,0
470.000,168.000,15.000,0,0
470.000,169.000,15.000,0,0
470.000,170.000,15.000,0,0
470.000,171.000,15.000,0,0
470.000,172.000,15.000,0,0
470.000,173.000,15.000,0,0
470.000,174.000,15.000,0,0
470.000,175.000,15.000,0,0
470.000,176.000,15.000,0,0
470.000,177.000,15.000,0,0
470.000,178.000,15.000,0,0
470.000,179.000,15.000,0,0
470.000,180.000,15.000,0,0
472.500,20.000,15.000,0,1
472.500,21.000,15.000,0,1
472.500,22.000,15.000,0,1
472.500,23.000,15.000,0,1
472.500,24.000,15.000,0,1
472.500,25.000,15.000,0,1
472.500,26.000,15.000,0,1
472.500,27.000,15.000,0,1
472.500,28.000,15.000,0,1
472.500,29.000,15.000,0,1
472.500,30.000,15.000,0,1
472.500,31.000,15.000,0,1
472.500,32.000,15.000,0,1
472.500,33.000,15.000,0,1
472.500,34.000,15.000,0,1
472.500,35.000,15.000,0,1
472.500,36.000,15.000,0,1
472.500,37.000,15.000,0,1
472.500,38.000,15.000,0,1
472.500,39.000,15.000,0,1
472.500,40.000,15.000,0,1
472.500,41.000,15.000,0,1
472.500,42.000,15.000,0,1
472.500,43.000,15.000,0,1
472.500,44.000,15.000,0,1
472.500,45.000,15.000,0,1
472.500,46.000,15.000,0,1
472.500,47.000,15.000,0,1
472.500,48.000,15.000,0,1
472.500,49.000,15.000,0,1
472.500,50.000,15.000,0,1
472.500,51.000,15.000,0,1
472.500,52.000,15.000,0,1
472.500,53.000,15.000,0,1
472.500,54.000,15.000,0,1
472.500,55.000,15.000,0,1
472.500,56.000,15.000,0,1
472.500,57.000,15.000,0,1
472.500,58.000,15.000,0,1
472.500,59.000,15.000,0,1
472.500,60.000,15.000,0,1
472.500,61.000,15.000,0,1
472.500,62.000,15.000,0,1
472.500,63.000,15.000,0,1
472.500,64.000,15.000,0,1
472.500,65.000,15.000,0,1
472.500,66.000,15.000,0,1
472.500,67.000,15.000,0,1
472.500,68.000,15.000,0,1
472.500,69.000,15.000,0,1
472.500,70.000,15.000,0,1
472.500,71.000,15.000,0,1
472.500,72.000,15.000,0,1
472.500,73.000,15.000,0,1
472.500,74.000,15.000,0,1
472.500,75.000,15.000,0,1
472.500,76.000,15.000,0,1
472.500,77.000,15.000,0,1
472.500,78.000,15.000,0,1
472.500,79.000,15.000,0,1
472.500,80.000,15.000,0,1
472.500,81.000,15.000,0,1
472.500,82.000,15.000,0,1
472.500,83.000,15.000,0,1
472.500,84.000,15.000,0,1
472.500,85.000,15.000,0,1
472.500,86.000,15.000,0,1
472.500,87.000,15.000,0,1
472.500,88.000,15.000,0,1
472.500,89.000,15.000,0,1
472.500,90.000,15.000,0,1
472.500,91.000,15.000,0,1
472.500,92.000,15.000,0,1
472.500,93.000,15.000,0,1
472.500,94.000,15.000,0,1
472.500,95.000,15.000,0,1
472.500,96.000,15.000,0,0
472.500,97.000,15.000,0,0
472.500,98.000,15.000,0,0
472.500,99.000,15.000,0,0
472.500,100.000,15.000,0,0
472.500,101.000,15.000,0,0
472.500,102.000,15.000,0,0
472.500,103.000,15.000,0,0
472.500,104.000,15.000,0,0
472.500,105.000,15.000,0,0
472.500,106.000,15.000,0,0
472.500,107.000,15.000,0,0
472.500,108.000,15.000,0,0
472.500,109.000,15.000,0,0
472.500,110.000,15.000,0,0
472.500,111.000,15.000,0,0
472.500,112.000,15.000,0,0
472.500,113.000,15.000,0,0
472.500,114.000,15.000,0,0
472.500,115.000,15.000,0,0
472.500,116.000,15.000,0,0
472.500,117.000,15.000,0,0
472.500,118.000,15.000,0,0
472.500,119.000,15.000,0,0
472.500,120.000,15.000,0,0
472.500,121.000,15.000,0,0
472.500,122.000,15.000,0,0
472.500,123.000,15.000,0,0
472.500,124.000,15.000,0,0
472.500,125.000,15.000,0,0
472.500,126.000,15.000,0,0
472.500,127.000,15.000,0,0
472.500,128.000,15.000,0,0
472.500,129.000,15.000,0,0
472.500,130.000,15.000,0,0
472.500,131.000,15.000,0,0
472.500,132.000,15.000,0,0
472.500,133.000,15.000,0,0
472.500,134.000,15.000,0,0
472.500,135.000,15.000,0,0
472.500,136.000,15.000,0,0
472.500,137.000,15.000,0,0
472.500,138.000,15.000,0,0
472.500,139.000,15.000,0,0
472.500,140.000,15.000,0,0
472.500,141.000,15.000,0,0
472.500,142.000,15.000,0,0
472.500,143.000,15.000,0,0
472.500,144.000,15.000,0,0
472.500,145.000,15.000,0,0
472.500,146.000,15.000,0,0
472.500,147.000,15.000,0,0
472.500,148.000,15.000,0,0
472.500,149.000,15.000,0,0
472.500,150.000,15.000,0,0
472.500,151.000,15.000,0,0
472.500,152.000,15.000,0,0
472.500,153.000,15.000,0,0
472.500,154.000,15.000,0,0
472.500,155.000,15.000,0,0
472.500,156.000,15.000,0,0
472.500,157.000,15.000,0,0
472.500,158.000,15.000,0,0
472.500,159.000,15.000,0,0
472.500,160.000,15.000,0,0
472.500,161.000,15.000,0,0
472.500,162.000,15.000,0,0
472.500,163.000,15.000,0,0
472.500,164.000,15.000,0,0
472.500,165.000,15.000,0,0
472.500,166.000,15.000,0,0
472.500,167.000,15.000,0,0
472.500,168.000,15.000,0,0
472.500,169.000,15.000,0,0
472.500,170.000,15.000,0,0
472.500,171.000,15.000,0,0
472.500,172.000,15.000,0,0
472.500,173.000,15.000,0,0
472.500,174.000,15.000,0,0
472.500,175.000,15.000,0,0
472.500,176.000,15.000,0,0
472.500,177.000,15.000,0,0
472.500,178.000,15.000,0,0
472.500,179.000,15.000,0,0
472.500,180.000,15.000,0,0
475.000,20.000,15.000,0,1
475.000,21.000,15.000,0,1
475.000,22.000,15.000,0,1
475.000,23.000,15.000,0,1
475.000,24.000,15.000,0,1
475.000,25.000,15.000,0,1
475.000,26.000,15.000,0,1
475.000,27.000,15.000,0,1
475.000,28.000,15.000,0,1
475.000,29.000,15.000,0,1
475.000,30.000,15.000,0,1
475.000,31.000,15.000,0,1
475.000,32.000,15.000,0,1
475.000,33.000,15.000,0,1
475.000,34.000,15.000,0,1
475.000,35.000,15.000,0,1
475.000,36.000,15.000,0,1
475.000,37.000,15.000,0,1
475.000,38.000,15.000,0,1
475.000,39.000,15.000,0,1
475.000,40.000,15.000,0,1
475.000,41.000,15.000,0,1
475.000,42.000,15.000,0,1
475.000,43.000,15.000,0,1
475.000,44.000,15.000,0,1
475.000,45.000,15.000,0,1
475.000,46.000,15.000,0,1
475.000,47.000,15.000,0,1
475.000,48.000,15.000,0,1
475.000,49.000,15.000,0,1
475.000,50.000,15.000,0,1
475.000,51.000,15.000,0,1
475.000,52.000,15.000,0,1
475.000,53.000,15.000,0,1
475.000,54.000,15.000,0,1
475.000,55.000,15.000,0,1
475.000,56.000,15.000,0,1
475.000,57.000,15.000,0,1
475.000,58.000,15.000,0,1
475.000,59.000,15.000,0,1
475.000,60.000,15.000,0,1
475.000,61.000,15.000,0,1
475.000,62.000,15.000,0,1
475.000,63.000,15.000,0,1
475.000,64.000,15.000,0,1
475.000,65.000,15.000,0,1
475.000,66.000,15.000,0,1
475.000,67.000,15.000,0,1
475.000,68.000,15.000,0,1
475.000,69.000,15.000,0,1
475.000,70.000,15.000,0,1
475.000,71.000,15.000,0,1
475.000,72.000,15.000,0,1
475.000,73.000,15.000,0,1
475.000,74.000,15.000,0,1
475.000,75.000,15.000,0,1
475.000,76.000,15.000,0,1
475.000,77.000,15.000,0,1
475.000,78.000,15.000,0,1
475.000,79.000,15.000,0,1
475.000,80.000,15.000,0,1
475.000,81.000,15.000,0,1
475.000,82.000,15.000,0,1
475.000,83.000,15.000,0,1
475.000,84.000,15.000,0,1
475.000,85.000,15.000,0,1
475.000,86.000,15.000,0,1
475.000,87.000,15.000,0,1
475.000,88.000,15.000,0,1
475.000,89.000,15.000,0,1
475.000,90.000,15.000,0,1
475.000,91.000,15.000,0,1
475.000,92.000,15.000,0,1
475.000,93.000,15.000,0,1
475.000,94.000,15.000,0,1
475.000,95.000,15.000,0,1
475.000,96.000,15.000,0,0
475.000,97.000,15.000,0,0
475.000,98.000,15.000,0,0
475.000,99.000,15.000,0,0
475.000,100.000,15.000,0,0
475.000,101.000,15.000,0,0
475.000,102.000,15.000,0,0
475.000,103.000,15.000,0,0
475.000,104.000,15.000,0,0
475.000,105.000,15.000,0,0
475.000,106.000,15.000,0,0
475.000,107.000,15.000,0,0
475.000,108.000,15.000,0,0
475.000,109.000,15.000,0,0
475.000,110.000,15.000,0,0
475.000,111.000,15.000,0,0
475.000,112.000,15.000,0,0
475.000,113.000,15.000,0,0
475.000,114.000,15.000,0,0
475.000,115.000,15.000,0,0
475.000,116.000,15.000,0,0
475.000,117.000,15.000,0,0
475.000,118.000,15.000,0,0
475.000,119.000,15.000,0,0
475.000,120.000,15.000,0,0
475.000,121.000,15.000,0,0
475.000,122.000,15.000,0,0
475.000,123.000,15.000,0,0
475.000,124.000,15.000,0,0
475.000,125.000,15.000,0,0
475.000,126.000,15.000,0,0
475.000,127.000,15.000,0,0
475.000,128.000,15.000,0,0
475.000,129.000,15.000,0,0
475.000,130.000,15.000,0,0
475.000,131.000,15.000,0,0
475.000,132.000,15.000,0,0
475.000,133.000,15.000,0,0
475.000,134.000,15.000,0,0
475.000,135.000,15.000,0,0
475.000,136.000,15.000,0,0
475.000,137.000,15.000,0,0
475.000,138.000,15.000,0,0
475.000,139.000,15.000,0,0
475.000,140.000,15.000,0,0
475.000,141.000,15.000,0,0
475.000,142.000,15.000,0,0
475.000,143.000,15.000,0,0
475.000,144.000,15.000,0,0
475.000,145.000,15.000,0,0
475.000,146.000,15.000,0,0
475.000,147.000,15.000,0,0
475.000,148.000,15.000,0,0
475.000,149.000,15.000,0,0
475.000,150.000,15.000,0,0
475.000,151.000,15.000,0,0
475.000,152.000,15.000,0,0
475.000,153.000,15.000,0,0
475.000,154.000,15.000,0,0
475.000,155.000,15.000,0,0
475.000,156.000,15.000,0,0
475.000,157.000,15.000,0,0
475.000,158.000,15.000,0,0
475.000,159.000,15.000,0,0
475.000,160.000,15.000,0,0
475.000,161.000,15.000,0,0
475.000,162.000,15.000,0,0
475.000,163.000,15.000,0,0
475.000,164.000,15.000,0,0
475.000,165.000,15.000,0,0
475.000,166.000,15.000,0,0
475.000,167.000,15.000,0,0
475.000,168.000,15.000,0,0
475.000,169.000,15.000,0,0
475.000,170.000,15.000,0,0
475.000,171.000,15.000,0,0
475.000,172.000,15.000,0,0
475.000,173.000,15.000,0,0
475.000,174.000,15.000,0,0
475.000,175.000,15.000,0,0
475.000,176.000,15.000,0,0
475.000,177.000,15.000,0,0
475.000,178.000,15.000,0,0
475.000,179.000,15.000,0,0
475.000,180.000,15.000,0,0
477.500,20.000,15.000,0,1
477.500,21.000,15.000,0,1
477.500,22.000,15.000,0,1
477.500,23.000,15.000,0,1
477.500,24.000,15.000,0,1
477.500,25.000,15.000,0,1
477.500,26.000,15.000,0,1
477.500,27.000,15.000,0,1
477.500,28.000,15.000,0,1
477.500,29.000,15.000,0,1
477.500,30.000,15.000,0,1
477.500,31.000,15.000,0,1
477.500,32.000,15.000,0,1
477.500,33.000,15.000,0,1
477.500,34.000,15.000,0,1
477.500,35.000,15.000,0,1
477.500,36.000,15.000,0,1
477.500,37.000,15.000,0,1
477.500,38.000,15.000,0,1
477.500,39.000,15.000,0,1
477.500,40.000,15.000,0,1
477.500,41.000,15.000,0,1
477.500,42.000,15.000,0,1
477.500,43.000,15.000,0,1
477.500,44.000,15.000,0,1
477.500,45.000,15.000,0,1
477.500,46.000,15.000,0,1
477.500,47.000,15.000,0,1
477.500,48.000,15.000,0,1
477.500,49.000,15.000,0,1
477.500,50.000,15.000,0,1
477.500,51.000,15.000,0,1
477.500,52.000,15.000,0,1
477.500,53.000,15.000,0,1
477.500,54.000,15.000,0,1
477.500,55.000,15.000,0,1
477.500,56.000,15.000,0,1
477.500,57.000,15.000,0,1
477.500,58.000,15.000,0,1
477.500,59.000,15.000,0,1
477.500,60.000,15.000,0,1
477.500,61.000,15.000,0,1
477.500,62.000,15.000,0,1
477.500,63.000,15.000,0,1
477.500,64.000,15.000,0,1
477.500,65.000,15.000,0,1
477.500,66.000,15.000,0,1
477.500,67.000,15.000,0,1
477.500,68.000,15.000,0,1
477.500,69.000,15.000,0,1
477.500,70.000,15.000,0,1
477.500,71.000,15.000,0,1
477.500,72.000,15.000,0,1
477.500,73.000,15.000,0,1
477.500,74.000,15.000,0,1
477.500,75.000,15.000,0,1
477.500,76.000,15.000,0,1
477.500,77.000,15.000,0,1
477.500,78.000,15.000,0,1
477.500,79.000,15.000,0,1
477.500,80.000,15.000,0,1
477.500,81.000,15.000,0,1
477.500,82.000,15.000,0,1
477.500,83.000,15.000,0,1
477.500,84.000,15.000,0,1
477.500,85.000,15.000,0,1
477.500,86.000,15.000,0,1
477.500,87.000,15.000,0,1
477.500,88.000,15.000,0,1
477.500,89.000,15.000,0,1
477.500,90.000,15.000,0,1
477.500,91.000,15.000,0,1
477.500,92.000,15.000,0,1
477.500,93.000,15.000,0,1
477.500,94.000,15.000,0,1
477.500,95.000,15.000,0,1
477.500,96.000,15.000,0,0
477.500,97.000,15.000,0,0
477.500,98.000,15.000,0,0
477.500,99.000,15.000,0,0
477.500,100.000,15.000,0,0
477.500,101.000,15.000,0,0
477.500,102.000,15.000,0,0
477.500,103.000,15.000,0,0
477.500,104.000,15.000,0,0
477.500,105.000,15.000,0,0
477.500,106.000,15.000,0,0
477.500,107.000,15.000,0,0
477.500,108.000,15.000,0,0
477.500,109.000,15.000,0,0
477.500,110.000,15.000,0,0
477.500,111.000,15.000,0,0
477.500,112.000,15.000,0,0
477.500,113.000,15.000,0,0
477.500,114.000,15.000,0,0
477.500,115.000,15.000,0,0
477.500,116.000,15.000,0,0
477.500,117.000,15.000,0,0
477.500,118.000,15.000,0,0
477.500,119.000,15.000,0,0
477.500,120.000,15.000,0,0
477.500,121.000,15.000,0,0
477.500,122.000,15.000,0,0
477.500,123.000,15.000,0,0
477.500,124.000,15.000,0,0
477.500,125.000,15.000,0,0
477.500,126.000,15.000,0,0
477.500,127.000,15.000,0,0
477.500,128.000,15.000,0,0
477.500,129.000,15.000,0,0
477.500,130.000,15.000,0,0
477.500,131.000,15.000,0,0
477.500,132.000,15.000,0,0
477.500,133.000,15.000,0,0
477.500,134.000,15.000,0,0
477.500,135.000,15.000,0,0
477.500,136.000,15.000,0,0
477.500,137.000,15.000,0,0
477.500,138.000,15.000,0,0
477.500,139.000,15.000,0,0
477.500,140.000,15.000,0,0
477.500,141.000,15.000,0,0
477.500,142.000,15.000,0,0
477.500,143.000,15.000,0,0
477.500,144.000,15.000,0,0
477.500,145.000,15.000,0,0
477.500,146.000,15.000,0,0
477.500,147.000,15.000,0,0
477.500,148.000,15.000,0,0
477.500,149.000,15.000,0,0
477.500,150.000,15.000,0,0
477.500,151.000,15.000,0,0
477.500,152.000,15.000,0,0
477.500,153.000,15.000,0,0
477.500,154.000,15.000,0,0
477.500,155.000,15.000,0,0
477.500,156.000,15.000,0,0
477.500,157.000,15.000,0,0
477.500,158.000,15.000,0,0
477.500,159.000,15.000,0,0
477.500,160.000,15.000,0,0
477.500,161.000,15.000,0,0
477.500,162.000,15.000,0,0
477.500,163.000,15.000,0,0
477.500,164.000,15.000,0,0
477.500,165.000,15.000,0,0
477.500,166.000,15.000,0,0
477.500,167.000,15.000,0,0
477.500,168.000,15.000,0,0
477.500,169.000,15.000,0,0
477.500,170.000,15.000,0,0
477.500,171.000,15.000,0,0
477.500,172.000,15.000,0,0
477.500,173.000,15.000,0,0
477.500,174.000,15.000,0,0
477.500,175.000,15.000,0,0
477.500,176.000,15.000,0,0
477.500,177.000,15.000,0,0
477.500,178.000,15.000,0,0
477.500,179.000,15.000,0,0
477.500,180.000,15.000,0,0
480.000,20.000,15.000,0,1
480.000,21.000,15.000,0,1
480.000,22.000,15.000,0,1
480.000,23.000,15.000,0,1
480.000,24.000,15.000,0,1
480.000,25.000,15.000,0,1
480.000,26.000,15.000,0,1
480.000,27.000,15.000,0,1
480.000,28.000,15.000,0,1
480.000,29.000,15.000,0,1
480.000,30.000,15.000,0,1
480.000,31.000,15.000,0,1
480.000,32.000,15.000,0,1
480.000,33.000,15.000,0,1
480.000,34.000,15.000,0,1
480.000,35.000,15.000,0,1
480.000,36.000,15.000,0,1
480.000,37.000,15.000,0,1
480.000,38.000,15.000,0,1
480.000,39.000,15.000,0,1
480.000,40.000,15.000,0,1
480.000,41.000,15.000,0,1
480.000,42.000,15.000,0,1
480.000,43.000,15.000,0,1
480.000,44.000,15.000,0,1
480.000,45.000,15.000,0,1
480.000,46.000,15.000,0,1
480.000,47.000,15.000,0,1
480.000,48.000,15.000,0,1
480.000,49.000,15.000,0,1
480.000,50.000,15.000,0,1
480.000,51.000,15.000,0,1
480.000,52.000,15.000,0,1
480.000,53.000,15.000,0,1
480.000,54.000,15.000,0,1
480.000,55.000,15.000,0,1
480.000,56.000,15.000,0,1
480.000,57.000,15.000,0,1
480.000,58.000,15.000,0,1
480.000,59.000,15.000,0,1
480.000,60.000,15.000,0,1
480.000,61.000,15.000,0,1
480.000,62.000,15.000,0,1
480.000,63.000,15.000,0,1
480.000,64.000,15.000,0,1
480.000,65.000,15.000,0,1
480.000,66.000,15.000,0,1
480.000,67.000,15.000,0,1
480.000,68.000,15.000,0,1
480.000,69.000,15.000,0,1
480.000,70.000,15.000,0,1
480.000,71.000,15.000,0,1
480.000,72.000,15.000,0,1
480.000,73.000,15.000,0,1
480.000,74.000,15.000,0,1
480.000,75.000,15.000,0,1
480.000,76.000,15.000,0,1
480.000,77.000,15.000,0,1
480.000,78.000,15.000,0,1
480.000,79.000,15.000,0,1
480.000,80.000,15.000,0,1
480.000,81.000,15.000,0,1
480.000,82.000,15.000,0,1
480.000,83.000,15.000,0,1
480.000,84.000,15.000,0,1
480.000,85.000,15.000,0,1
480.000,86.000,15.000,0,1
480.000,87.000,15.000,0,1
480.000,88.000,15.000,0,1
480.000,89.000,15.000,0,1
480.000,90.000,15.000,0,1
480.000,91.000,15.000,0,1
480.000,92.000,15.000,0,1
480.000,93.000,15.000,0,1
480.000,94.000,15.000,0,1
480.000,95.000,15.000,0,1
480.000,96.000,15.000,0,0
480.000,97.000,15.000,0,0
480.000,98.000,15.000,0,0
480.000,99.000,15.000,0,0
480.000,100.000,15.000,0,0
480.000,101.000,15.000,0,0
480.000,102.000,15.000,0,0
480.000,103.000,15.000,0,0
480.000,104.000,15.000,0,0
480.000,105.000,15.000,0,0
480.000,106.000,15.000,0,0
480.000,107.000,15.000,0,0
480.000,108.000,15.000,0,0
480.000,109.000,15.000,0,0
480.000,110.000,15.000,0,0
480.000,111.000,15.000,0,0
480.000,112.000,15.000,0,0
480.000,113.000,15.000,0,0
480.000,114.000,15.000,0,0
480.000,115.000,15.000,0,0
480.000,116.000,15.000,0,0
480.000,117.000,15.000,0,0
480.000,118.000,15.000,0,0
480.000,119.000,15.000,0,0
480.000,120.000,15.000,0,0
480.000,121.000,15.000,0,0
480.000,122.000,15.000,0,0
480.000,123.000,15.000,0,0
480.000,124.000,15.000,0,0
480.000,125.000,15.000,0,0
480.000,126.000,15.000,0,0
480.000,127.000,15.000,0,0
480.000,128.000,15.000,0,0
480.000,129.000,15.000,0,0
480.000,130.000,15.000,0,0
480.000,131.000,15.000,0,0
480.000,132.000,15.000,0,0
480.000,133.000,15.000,0,0
480.000,134.000,15.000,0,0
480.000,135.000,15.000,0,0
480.000,136.000,15.000,0,0
480.000,137.000,15.000,0,0
480.000,138.000,15.000,0,0
480.000,139.000,15.000,0,0
480.000,140.000,15.000,0,0
480.000,141.000,15.000,0,0
480.000,142.000,15.000,0,0
480.000,143.000,15.000,0,0
480.000,144.000,15.000,0,0
480.000,145.000,15.000,0,0
480.000,146.000,15.000,0,0
480.000,147.000,15.000,0,0
480.000,148.000,15.000,0,0
480.000,149.000,15.000,0,0
480.000,150.000,15.000,0,0
480.000,151.000,15.000,0,0
480.000,152.000,15.000,0,0
480.000,153.000,15.000,0,0
480.000,154.000,15.000,0,0
480.000,155.000,15.000,0,0
480.000,156.000,15.000,0,0
480.000,157.000,15.000,0,0
480.000,158.000,15.000,0,0
480.000,159.000,15.000,0,0
480.000,160.000,15.000,0,0
480.000,161.000,15.000,0,0
480.000,162.000,15.000,0,0
480.000,163.000,15.000,0,0
480.000,164.000,15.000,0,0
480.000,165.000,15.000,0,0
480.000,166.000,15.000,0,0
480.000,167.000,15.000,0,0
480.000,168.000,15.000,0,0
480.000,169.000,15.000,0,0
480.000,170.000,15.000,0,0
480.000,171.000,15.000,0,0
480.000,172.000,15.000,0,0
480.000,173.000,15.000,0,0
480.000,174.000,15.000,0,0
480.000,175.000,15.000,0,0
480.000,176.000,15.000,0,0
480.000,177.000,15.000,0,0
480.000,178.000,15.000,0,0
480.000,179.000,15.000,0,0
480.000,180.000,15.000,0,0
482.500,20.000,15.000,0,1
482.500,21.000,15.000,0,1
482.500,22.000,15.000,0,1
482.500,23.000,15.000,0,1
482.500,24.000,15.000,0,1
482.500,25.000,15.000,0,1
482.500,26.000,15.000,0,1
482.500,27.000,15.000,0,1
482.500,28.000,15.000,0,1
482.500,29.000,15.000,0,1
482.500,30.000,15.000,0,1
482.500,31.000,15.000,0,1
482.500,32.000,15.000,0,1
482.500,33.000,15.000,0,1
482.500,34.000,15.000,0,1
482.500,35.000,15.000,0,1
482.500,36.000,15.000,0,1
482.500,37.000,15.000,0,1
482.500,38.000,15.000,0,1
482.500,39.000,15.000,0,1
482.500,40.000,15.000,0,1
482.500,41.000,15.000,0,1
482.500,42.000,15.000,0,1
482.500,43.000,15.000,0,1
482.500,44.000,15.000,0,1
482.500,45.000,15.000,0,1
482.500,46.000,15.000,0,1
482.500,47.000,15.000,0,1
482.500,48.000,15.000,0,1
482.500,49.000,15.000,0,1
482.500,50.000,15.000,0,1
482.500,51.000,15.000,0,1
482.500,52.000,15.000,0,1
482.500,53.000,15.000,0,1
482.500,54.000,15.000,0,1
482.500,55.000,15.000,0,1
482.500,56.000,15.000,0,1
482.500,57.000,15.000,0,1
482.500,58.000,15.000,0,1
482.500,59.000,15.000,0,1
482.500,60.000,15.000,0,1
482.500,61.000,15.000,0,1
482.500,62.000,15.000,0,1
482.500,63.000,15.000,0,1
482.500,64.000,15.000,0,1
482.500,65.000,15.000,0,1
482.500,66.000,15.000,0,1
482.500,67.000,15.000,0,1
482.500,68.000,15.000,0,1
482.500,69.000,15.000,0,1
482.500,70.000,15.000,0,1
482.500,71.000,15.000,0,1
482.500,72.000,15.000,0,1
482.500,73.000,15.000,0,1
482.500,74.000,15.000,0,1
482.500,75.000,15.000,0,1
482.500,76.000,15.000,0,1
482.500,77.000,15.000,0,1
482.500,78.000,15.000,0,1
482.500,79.000,15.000,0,1
482.500,80.000,15.000,0,1
482.500,81.000,15.000,0,1
482.500,82.000,15.000,0,1
482.500,83.000,15.000,0,1
482.500,84.000,15.000,0,1
482.500,85.000,15.000,0,1
482.500,86.000,15.000,0,1
482.500,87.000,15.000,0,1
482.500,88.000,15.000,0,1
482.500,89.000,15.000,0,1
482.500,90.000,15.000,0,1
482.500,91.000,15.000,0,1
482.500,92.000,15.000,0,1
482.500,93.000,15.000,0,1
482.500,94.000,15.000,0,1
482.500,95.000,15.000,0,1
482.500,96.000,15.000,0,0
482.500,97.000,15.000,0,0
482.500,98.000,15.000,0,0
482.500,99.000,15.000,0,0
482.500,100.000,15.000,0,0
482.500,101.000,15.000,0,0
482.500,102.000,15.000,0,0
482.500,103.000,15.000,0,0
482.500,104.000,15.000,0,0
482.500,105.000,15.000,0,0
482.500,106.000,15.000,0,0
482.500,107.000,15.000,0,0
482.500,108.000,15.000,0,0
482.500,109.000,15.000,0,0
482.500,110.000,15.000,0,0
482.500,111.000,15.000,0,0
482.500,112.000,15.000,0,0
482.500,113.000,15.000,0,0
482.500,114.000,15.000,0,0
482.500,115.000,15.000,0,0
482.500,116.000,15.000,0,0
482.500,117.000,15.000,0,0
482.500,118.000,15.000,0,0
482.500,119.000,15.000,0,0
482.500,120.000,15.000,0,0
482.500,121.000,15.000,0,0
482.500,122.000,15.000,0,0
482.500,123.000,15.000,0,0
482.500,124.000,15.000,0,0
482.500,125.000,15.000,0,0
482.500,126.000,15.000,0,0
482.500,127.000,15.000,0,0
482.500,128.000,15.000,0,0
482.500,129.000,15.000,0,0
482.500,130.000,15.000,0,0
482.500,131.000,15.000,0,0
482.500,132.000,15.000,0,0
482.500,133.000,15.000,0,0
482.500,134.000,15.000,0,0
482.500,135.000,15.000,0,0
482.500,136.000,15.000,0,0
482.500,137.000,15.000,0,0
482.500,138.000,15.000,0,0
482.500,139.000,15.000,0,0
482.500,140.000,15.000,0,0
482.500,141.000,15.000,0,0
482.500,142.000,15.000,0,0
482.500,143.000,15.000,0,0
482.500,144.000,15.000,0,0
482.500,145.000,15.000,0,0
482.500,146.000,15.000,0,0
482.500,147.000,15.000,0,0
482.500,148.000,15.000,0,0
482.500,149.000,15.000,0,0
482.500,150.000,15.000,0,0
482.500,151.000,15.000,0,0
482.500,152.000,15.000,0,0
482.500,153.000,15.000,0,0
482.500,154.000,15.000,0,0
482.500,155.000,15.000,0,0
482.500,156.000,15.000,0,0
482.500,157.000,15.000,0,0
482.500,158.000,15.000,0,0
482.500,159.000,15.000,0,0
482.500,160.000,15.000,0,0
482.500,161.000,15.000,0,0
482.500,162.000,15.000,0,0
482.500,163.000,15.000,0,0
482.500,164.000,15.000,0,0
482.500,165.000,15.000,0,0
482.500,166.000,15.000,0,0
482.500,167.000,15.000,0,0
482.500,168.000,15.000,0,0
482.500,169.000,15.000,0,0
482.500,170.000,15.000,0,0
482.500,171.000,15.000,0,0
482.500,172.000,15.000,0,0
482.500,173.000,15.000,0,0
482.500,174.000,15.000,0,0
482.500,175.000,15.000,0,0
482.500,176.000,15.000,0,0
482.500,177.000,15.000,0,0
482.500,178.000,15.000,0,0
482.500,179.000,15.000,0,0
482.500,180.000,15.000,0,0
485.000,20.000,15.000,0,1
485.000,21.000,15.000,0,1
485.000,22.000,15.000,0,1
485.000,23.000,15.000,0,1
485.000,24.000,15.000,0,1
485.000,25.000,15.000,0,1
485.000,26.000,15.000,0,1
485.000,27.000,15.000,0,1
485.000,28.000,15.000,0,1
485.000,29.000,15.000,0,1
485.000,30.000,15.000,0,1
485.000,31.000,15.000,0,1
485.000,32.000,15.000,0,1
485.000,33.000,15.000,0,1
485.000,34.000,15.000,0,1
485.000,35.000,15.000,0,1
485.000,36.000,15.000,0,1
485.000,37.000,15.000,0,1
485.000,38.000,15.000,0,1
485.000,39.000,15.000,0,1
485.000,40.000,15.000,0,1
485.000,41.000,15.000,0,1
485.000,42.000,15.000,0,1
485.000,43.000,15.000,0,1
485.000,44.000,15.000,0,1
485.000,45.000,15.000,0,1
485.000,46.000,15.000,0,1
485.000,47.000,15.000,0,1
485.000,48.000,15.000,0,1
485.000,49.000,15.000,0,1
485.000,50.000,15.000,0,1
485.000,51.000,15.000,0,1
485.000,52.000,15.000,0,1
485.000,53.000,15.000,0,1
485.000,54.000,15.000,0,1
485.000,55.000,15.000,0,1
485.000,56.000,15.000,0,1
485.000,57.000,15.000,0,1
485.000,58.000,15.000,0,1
485.000,59.000,15.000,0,1
485.000,60.000,15.000,0,1
485.000,61.000,15.000,0,1
485.000,62.000,15.000,0,1
485.000,63.000,15.000,0,1
485.000,64.000,15.000,0,1
485.000,65.000,15.000,0,1
485.000,66.000,15.000,0,1
485.000,67.000,15.000,0,1
485.000,68.000,15.000,0,1
485.000,69.000,15.000,0,1
485.000,70.000,15.000,0,1
485.000,71.000,15.000,0,1
485.000,72.000,15.000,0,1
485.000,73.000,15.000,0,1
485.000,74.000,15.000,0,1
485.000,75.000,15.000,0,1
485.000,76.000,15.000,0,1
485.000,77.000,15.000,0,1
485.000,78.000,15.000,0,1
485.000,79.000,15.000,0,1
485.000,80.000,15.000,0,1
485.000,81.000,15.000,0,1
485.000,82.000,15.000,0,1
485.000,83.000,15.000,0,1
485.000,84.000,15.000,0,1
485.000,85.000,15.000,0,1
485.000,86.000,15.000,0,1
485.000,87.000,15.000,0,1
485.000,88.000,15.000,0,1
485.000,89.000,15.000,0,1
485.000,90.000,15.000,0,1
485.000,91.000,15.000,0,1
485.000,92.000,15.000,0,1
485.000,93.000,15.000,0,1
485.000,94.000,15.000,0,1
485.000,95.000,15.000,0,1
485.000,96.000,15.000,0,0
485.000,97.000,15.000,0,0
485.000,98.000,15.000,0,0
485.000,99.000,15.000,0,0
485.000,100.000,15.000,0,0
485.000,101.000,15.000,0,0
485.000,102.000,15.000,0,0
485.000,103.000,15.000,0,0
485.000,104.000,15.000,0,0
485.000,105.000,15.000,0,0
485.000,106.000,15.000,0,0
485.000,107.000,15.000,0,0
485.000,108.000,15.000,0,0
485.000,109.000,15.000,0,0
485.000,110.000,15.000,0,0
485.000,111.000,15.000,0,0
485.000,112.000,15.000,0,0
485.000,113.000,15.000,0,0
485.000,114.000,15.000,0,0
485.000,115.000,15.000,0,0
485.000,116.000,15.000,0,0
485.000,117.000,15.000,0,0
485.000,118.000,15.000,0,0
485.000,119.000,15.000,0,0
485.000,120.000,15.000,0,0
485.000,121.000,15.000,0,0
485.000,122.000,15.000,0,0
485.000,123.000,15.000,0,0
485.000,124.000,15.000,0,0
485.000,125.000,15.000,0,0
485.000,126.000,15.000,0,0
485.000,127.000,15.000,0,0
485.000,128.000,15.000,0,0
485.000,129.000,15.000,0,0
485.000,130.000,15.000,0,0
485.000,131.000,15.000,0,0
485.000,132.000,15.000,0,0
485.000,133.000,15.000,0,0
485.000,134.000,15.000,0,0
485.000,135.000,15.000,0,0
485.000,136.000,15.000,0,0
485.000,137.000,15.000,0,0
485.000,138.000,15.000,0,0
485.000,139.000,15.000,0,0
485.000,140.000,15.000,0,0
485.000,141.000,15.000,0,0
485.000,142.000,15.000,0,0
485.000,143.000,15.000,0,0
485.000,144.000,15.000,0,0
485.000,145.000,15.000,0,0
485.000,146.000,15.000,0,0
485.000,147.000,15.000,0,0
485.000,148.000,15.000,0,0
485.000,149.000,15.000,0,0
485.000,150.000,15.000,0,0
485.000,151.000,15.000,0,0
485.000,152.000,15.000,0,0
485.000,153.000,15.000,0,0
485.000,154.000,15.000,0,0
485.000,155.000,15.000,0,0
485.000,156.000,15.000,0,0
485.000,157.000,15.000,0,0
485.000,158.000,15.000,0,0
485.000,159.000,15.000,0,0
485.000,160.000,15.000,0,0
485.000,161.000,15.000,0,0
485.000,162.000,15.000,0,0
485.000,163.000,15.000,0,0
485.000,164.000,15.000,0,0
485.000,165.000,15.000,0,0
485.000,166.000,15.000,0,0
485.000,167.000,15.000,0,0
485.000,168.000,15.000,0,0
485.000,169.000,15.000,0,0
485.000,170.000,15.000,0,0
485.000,171.000,15.000,0,0
485.000,172.000,15.000,0,0
485.000,173.000,15.000,0,0
485.000,174.000,15.000,0,0
485.000,175.000,15.000,0,0
485.000,176.000,15.000,0,0
485.000,177.000,15.000,0,0
485.000,178.000,15.000,0,0
485.000,179.000,15.000,0,0
485.000,180.000,15.000,0,0
487.500,20.000,15.000,0,1
487.500,21.000,15.000,0,1
487.500,22.000,15.000,0,1
487.500,23.000,15.000,0,1
487.500,24.000,15.000,0,1
487.500,25.000,15.000,0,1
487.500,26.000,15.000,0,1
487.500,27.000,15.000,0,1
487.500,28.000,15.000,0,1
487.500,29.000,15.000,0,1
487.500,30.000,15.000,0,1
487.500,31.000,15.000,0,1
487.500,32.000,15.000,0,1
487.500,33.000,15.000,0,1
487.500,34.000,15.000,0,1
487.500,35.000,15.000,0,1
487.500,36.000,15.000,0,1
487.500,37.000,15.000,0,1
487.500,38.000,15.000,0,1
487.500,39.000,15.000,0,1
487.500,40.000,15.000,0,1
487.500,41.000,15.000,0,1
487.500,42.000,15.000,0,1
487.500,43.000,15.000,0,1
487.500,44.000,15.000,0,1
487.500,45.000,15.000,0,1
487.500,46.000,15.000,0,1
487.500,47.000,15.000,0,1
487.500,48.000,15.000,0,1
487.500,49.000,15.000,0,1
487.500,50.000,15.000,0,1
487.500,51.000,15.000,0,1
487.500,52.000,15.000,0,1
487.500,53.000,15.000,0,1
487.500,54.000,15.000,0,1
487.500,55.000,15.000,0,1
487.500,56.000,15.000,0,1
487.500,57.000,15.000,0,1
487.500,58.000,15.000,0,1
487.500,59.000,15.000,0,1
487.500,60.000,15.000,0,1
487.500,61.000,15.000,0,1
487.500,62.000,15.000,0,1
487.500,63.000,15.000,0,1
487.500,64.000,15.000,0,1
487.500,65.000,15.000,0,1
487.500,66.000,15.000,0,1
487.500,67.000,15.000,0,1
487.500,68.000,15.000,0,1
487.500,69.000,15.000,0,1
487.500,70.000,15.000,0,1
487.500,71.000,15.000,0,1
487.500,72.000,15.000,0,1
487.500,73.000,15.000,0,1
487.500,74.000,15.000,0,1
487.500,75.000,15.000,0,1
487.500,76.000,15.000,0,1
487.500,77.000,15.000,0,1
487.500,78.000,15.000,0,1
487.500,79.000,15.000,0,1
487.500,80.000,15.000,0,1
487.500,81.000,15.000,0,1
487.500,82.000,15.000,0,1
487.500,83.000,15.000,0,1
487.500,84.000,15.000,0,1
487.500,85.000,15.000,0,1
487.500,86.000,15.000,0,1
487.500,87.000,15.000,0,1
487.500,88.000,15.000,0,1
487.500,89.000,15.000,0,1
487.500,90.000,15.000,0,1
487.500,91.000,15.000,0,1
487.500,92.000,15.000,0,1
487.500,93.000,15.000,0,1
487.500,94.000,15.000,0,1
487.500,95.000,15.000,0,1
487.500,96.000,15.000,0,0
487.500,97.000,15.000,0,0
487.500,98.000,15.000,0,0
487.500,99.000,15.000,0,0
487.500,100.000,15.000,0,0
487.500,101.000,15.000,0,0
487.500,102.000,15.000,0,0
487.500,103.000,15.000,0,0
487.500,104.000,15.000,0,0
487.500,105.000,15.000,0,0
487.500,106.000,15.000,0,0
487.500,107.000,15.000,0,0
487.500,108.000,15.000,0,0
487.500,109.000,15.000,0,0
487.500,110.000,15.000,0,0
487.500,111.000,15.000,0,0
487.500,112.000,15.000,0,0
487.500,113.000,15.000,0,0
487.500,114.000,15.000,0,0
487.500,115.000,15.000,0,0
487.500,116.000,15.000,0,0
487.500,117.000,15.000,0,0
487.500,118.000,15.000,0,0
487.500,119.000,15.000,0,0
487.500,120.000,15.000,0,0
487.500,121.000,15.000,0,0
487.500,122.000,15.000,0,0
487.500,123.000,15.000,0,0
487.500,124.000,15.000,0,0
487.500,125.000,15.000,0,0
487.500,126.000,15.000,0,0
487.500,127.000,15.000,0,0
487.500,128.000,15.000,0,0
487.500,129.000,15.000,0,0
487.500,130.000,15.000,0,0
487.500,131.000,15.000,0,0
487.500,132.000,15.000,0,0
487.500,133.000,15.000,0,0
487.500,134.000,15.000,0,0
487.500,135.000,15.000,0,0
487.500,136.000,15.000,0,0
487.500,137.000,15.000,0,0
487.500,138.000,15.000,0,0
487.500,139.000,15.000,0,0
487.500,140.000,15.000,0,0
487.500,141.000,15.000,0,0
487.500,142.000,15.000,0,0
487.500,143.000,15.000,0,0
487.500,144.000,15.000,0,0
487.500,145.000,15.000,0,0
487.500,146.000,15.000,0,0
487.500,147.000,15.000,0,0
487.500,148.000,15.000,0,0
487.500,149.000,15.000,0,0
487.500,150.000,15.000,0,0
487.500,151.000,15.000,0,0
487.500,152.000,15.000,0,0
487.500,153.000,15.000,0,0
487.500,154.000,15.000,0,0
487.500,155.000,15.000,0,0
487.500,156.000,15.000,0,0
487.500,157.000,15.000,0,0
487.500,158.000,15.000,0,0
487.500,159.000,15.000,0,0
487.500,160.000,15.000,0,0
487.500,161.000,15.000,0,0
487.500,162.000,15.000,0,0
487.500,163.000,15.000,0,0
487.500,164.000,15.000,0,0
487.500,165.000,15.000,0,0
487.500,166.000,15.000,0,0
487.500,167.000,15.000,0,0
487.500,168.000,15.000,0,0
487.500,169.000,15.000,0,0
487.500,170.000,15.000,0,0
487.500,171.000,15.000,0,0
487.500,172.000,15.000,0,0
487.500,173.000,15.000,0,0
487.500,174.000,15.000,0,0
487.500,175.000,15.000,0,0
487.500,176.000,15.000,0,0
487.500,177.000,15.000,0,0
487.500,178.000,15.000,0,0
487.500,179.000,15.000,0,0
487.500,180.000,15.000,0,0
490.000,20.000,15.000,0,1
490.000,21.000,15.000,0,1
490.000,22.000,15.000,0,1
490.000,23.000,15.000,0,1
490.000,24.000,15.000,0,1
490.000,25.000,15.000,0,1
490.000,26.000,15.000,0,1
490.000,27.000,15.000,0,1
490.000,28.000,15.000,0,1
490.000,29.000,15.000,0,1
490.000,30.000,15.000,0,1
490.000,31.000,15.000,0,1
490.000,32.000,15.000,0,1
490.000,33.000,15.000,0,1
490.000,34.000,15.000,0,1
490.000,35.000,15.000,0,1
490.000,36.000,15.000,0,1
490.000,37.000,15.000,0,1
490.000,38.000,15.000,0,1
490.000,39.000,15.000,0,1
490.000,40.000,15.000,0,1
490.000,41.000,15.000,0,1
490.000,42.000,15.000,0,1
490.000,43.000,15.000,0,1
490.000,44.000,15.000,0,1
490.000,45.000,15.000,0,1
490.000,46.000,15.000,0,1
490.000,47.000,15.000,0,1
490.000,48.000,15.000,0,1
490.000,49.000,15.000,0,1
490.000,50.000,15.000,0,1
490.000,51.000,15.000,0,1
490.000,52.000,15.000,0,1
490.000,53.000,15.000,0,1
490.000,54.000,15.000,0,1
490.000,55.000,15.000,0,1
490.000,56.000,15.000,0,1
490.000,57.000,15.000,0,1
490.000,58.000,15.000,0,1
490.000,59.000,15.000,0,1
490.000,60.000,15.000,0,1
490.000,61.000,15.000,0,1
490.000,62.000,15.000,0,1
490.000,63.000,15.000,0,1
490.000,64.000,15.000,0,1
490.000,65.000,15.000,0,1
490.000,66.000,15.000,0,1
490.000,67.000,15.000,0,1
490.000,68.000,15.000,0,1
490.000,69.000,15.000,0,1
490.000,70.000,15.000,0,1
490.000,71.000,15.000,0,1
490.000,72.000,15.000,0,1
490.000,73.000,15.000,0,1
490.000,74.000,15.000,0,1
490.000,75.000,15.000,0,1
490.000,76.000,15.000,0,1
490.000,77.000,15.000,0,1
490.000,78.000,15.000,0,1
490.000,79.000,15.000,0,1
490.000,80.000,15.000,0,1
490.000,81.000,15.000,0,1
490.000,82.000,15.000,0,1
490.000,83.000,15.000,0,1
490.000,84.000,15.000,0,1
490.000,85.000,15.000,0,1
490.000,86.000,15.000,0,1
490.000,87.000,15.000,0,1
490.000,88.000,15.000,0,1
490.000,89.000,15.000,0,1
490.000,90.000,15.000,0,1
490.000,91.000,15.000,0,1
490.000,92.000,15.000,0,1
490.000,93.000,15.000,0,1
490.000,94.000,15.000,0,1
490.000,95.000,15.000,0,1
490.000,96.000,15.000,0,0
490.000,97.000,15.000,0,0
490.000,98.000,15.000,0,0
490.000,99.000,15.000,0,0
490.000,100.000,15.000,0,0
490.000,101.000,15.000,0,0
490.000,102.000,15.000,0,0
490.000,103.000,15.000,0,0
490.000,104.000,15.000,0,0
490.000,105.000,15.000,0,0
490.000,106.000,15.000,0,0
490.000,107.000,15.000,0,0
490.000,108.000,15.000,0,0
490.000,109.000,15.000,0,0
490.000,110.000,15.000,0,0
490.000,111.000,15.000,0,0
490.000,112.000,15.000,0,0
490.000,113.000,15.000,0,0
490.000,114.000,15.000,0,0
490.000,115.000,15.000,0,0
490.000,116.000,15.000,0,0
490.000,117.000,15.000,0,0
490.000,118.000,15.000,0,0
490.000,119.000,15.000,0,0
490.000,120.000,15.000,0,0
490.000,121.000,15.000,0,0
490.000,122.000,15.000,0,0
490.000,123.000,15.000,0,0
490.000,124.000,15.000,0,0
490.000,125.000,15.000,0,0
490.000,126.000,15.000,0,0
490.000,127.000,15.000,0,0
490.000,128.000,15.000,0,0
490.000,129.000,15.000,0,0
490.000,130.000,15.000,0,0
490.000,131.000,15.000,0,0
490.000,132.000,15.000,0,0
490.000,133.000,15.000,0,0
490.000,134.000,15.000,0,0
490.000,135.000,15.000,0,0
490.000,136.000,15.000,0,0
490.000,137.000,15.000,0,0
490.000,138.000,15.000,0,0
490.000,139.000,15.000,0,0
490.000,140.000,15.000,0,0
490.000,141.000,15.000,0,0
490.000,142.000,15.000,0,0
490.000,143.000,15.000,0,0
490.000,144.000,15.000,0,0
490.000,145.000,15.000,0,0
490.000,146.000,15.000,0,0
490.000,147.000,15.000,0,0
490.000,148.000,15.000,0,0
490.000,149.000,15.000,0,0
490.000,150.000,15.000,0,0
490.000,151.000,15.000,0,0
490.000,152.000,15.000,0,0
490.000,153.000,15.000,0,0
490.000,154.000,15.000,0,0
490.000,155.000,15.000,0,0
490.000,156.000,15.000,0,0
490.000,157.000,15.000,0,0
490.000,158.000,15.000,0,0
490.000,159.000,15.000,0,0
490.000,160.000,15.000,0,0
490.000,161.000,15.000,0,0
490.000,162.000,15.000,0,0
490.000,163.000,15.000,0,0
490.000,164.000,15.000,0,0
490.000,165.000,15.000,0,0
490.000,166.000,15.000,0,0
490.000,167.000,15.000,0,0
490.000,168.000,15.000,0,0
490.000,169.000,15.000,0,0
490.000,170.000,15.000,0,0
490.000,171.000,15.000,0,0
490.000,172.000,15.000,0,0
490.000,173.000,15.000,0,0
490.000,174.000,15.000,0,0
490.000,175.000,15.000,0,0
490.000,176.000,15.000,0,0
490.000,177.000,15.000,0,0
490.000,178.000,15.000,0,0
490.000,179.000,15.000,0,0
490.000,180.000,15.000,0,0
492.500,20.000,15.000,0,1
492.500,21.000,15.000,0,1
492.500,22.000,15.000,0,1
492.500,23.000,15.000,0,1
492.500,24.000,15.000,0,1
492.500,25.000,15.000,0,1
492.500,26.000,15.000,0,1
492.500,27.000,15.000,0,1
492.500,28.000,15.000,0,1
492.500,29.000,15.000,0,1
492.500,30.000,15.000,0,1
492.500,31.000,15.000,0,1
492.500,32.000,15.000,0,1
492.500,33.000,15.000,0,1
492.500,34.000,15.000,0,1
492.500,35.000,15.000,0,1
492.500,36.000,15.000,0,1
492.500,37.000,15.000,0,1
492.500,38.000,15.000,0,1
492.500,39.000,15.000,0,1
492.500,40.000,15.000,0,1
492.500,41.000,15.000,0,1
492.500,42.000,15.000,0,1
492.500,43.000,15.000,0,1
492.500,44.000,15.000,0,1
492.500,45.000,15.000,0,1
492.500,46.000,15.000,0,1
492.500,47.000,15.000,0,1
492.500,48.000,15.000,0,1
492.500,49.000,15.000,0,1
492.500,50.000,15.000,0,1
492.500,51.000,15.000,0,1
492.500,52.000,15.000,0,1
492.500,53.000,15.000,0,1
492.500,54.000,15.000,0,1
492.500,55.000,15.000,0,1
492.500,56.000,15.000,0,1
492.500,57.000,15.000,0,1
492.500,58.000,15.000,0,1
492.500,59.000,15.000,0,1
492.500,60.000,15.000,0,1
492.500,61.000,15.000,0,1
492.500,62.000,15.000,0,1
492.500,63.000,15.000,0,1
492.500,64.000,15.000,0,1
492.500,65.000,15.000,0,1
492.500,66.000,15.000,0,1
492.500,67.000,15.000,0,1
492.500,68.000,15.000,0,1
492.500,69.000,15.000,0,1
492.500,70.000,15.000,0,1
492.500,71.000,15.000,0,1
492.500,72.000,15.000,0,1
492.500,73.000,15.000,0,1
492.500,74.000,15.000,0,1
492.500,75.000,15.000,0,1
492.500,76.000,15.000,0,1
492.500,77.000,15.000,0,1
492.500,78.000,15.000,0,1
492.500,79.000,15.000,0,1
492.500,80.000,15.000,0,1
492.500,81.000,15.000,0,1
492.500,82.000,15.000,0,1
492.500,83.000,15.000,0,1
492.500,84.000,15.000,0,1
492.500,85.000,15.000,0,1
492.500,86.000,15.000,0,1
492.500,87.000,15.000,0,1
492.500,88.000,15.000,0,1
492.500,89.000,15.000,0,1
492.500,90.000,15.000,0,1
492.500,91.000,15.000,0,1
492.500,92.000,15.000,0,1
492.500,93.000,15.000,0,1
492.500,94.000,15.000,0,1
492.500,95.000,15.000,0,1
492.500,96.000,15.000,0,0
492.500,97.000,15.000,0,0
492.500,98.000,15.000,0,0
492.500,99.000,15.000,0,0
492.500,100.000,15.000,0,0
492.500,101.000,15.000,0,0
492.500,102.000,15.000,0,0
492.500,103.000,15.000,0,0
492.500,104.000,15.000,0,0
492.500,105.000,15.000,0,0
492.500,106.000,15.000,0,0
492.500,107.000,15.000,0,0
492.500,108.000,15.000,0,0
492.500,109.000,15.000,0,0
492.500,110.000,15.000,0,0
492.500,111.000,15.000,0,0
492.500,112.000,15.000,0,0
492.500,113.000,15.000,0,0
492.500,114.000,15.000,0,0
492.500,115.000,15.000,0,0
492.500,116.000,15.000,0,0
492.500,117.000,15.000,0,0
492.500,118.000,15.000,0,0
492.500,119.000,15.000,0,0
492.500,120.000,15.000,0,0
492.500,121.000,15.000,0,0
492.500,122.000,15.000,0,0
492.500,123.000,15.000,0,0
492.500,124.000,15.000,0,0
492.500,125.000,15.000,0,0
492.500,126.000,15.000,0,0
492.500,127.000,15.000,0,0
492.500,128.000,15.000,0,0
492.500,129.000,15.000,0,0
492.500,130.000,15.000,0,0
492.500,131.000,15.000,0,0
492.500,132.000,15.000,0,0
492.500,133.000,15.000,0,0
492.500,134.000,15.000,0,0
492.500,135.000,15.000,0,0
492.500,136.000,15.000,0,0
492.500,137.000,15.000,0,0
492.500,138.000,15.000,0,0
492.500,139.000,15.000,0,0
492.500,140.000,15.000,0,0
492.500,141.000,15.000,0,0
492.500,142.000,15.000,0,0
492.500,143.000,15.000,0,0
492.500,144.000,15.000,0,0
492.500,145.000,15.000,0,0
492.500,146.000,15.000,0,0
492.500,147.000,15.000,0,0
492.500,148.000,15.000,0,0
492.500,149.000,15.000,0,0
492.500,150.000,15.000,0,0
492.500,151.000,15.000,0,0
492.500,152.000,15.000,0,0
492.500,153.000,15.000,0,0
492.500,154.000,15.000,0,0
492.500,155.000,15.000,0,0
492.500,156.000,15.000,0,0
492.500,157.000,15.000,0,0
492.500,158.000,15.000,0,0
492.500,159.000,15.000,0,0
492.500,160.000,15.000,0,0
492.500,161.000,15.000,0,0
492.500,162.000,15.000,0,0
492.500,163.000,15.000,0,0
492.500,164.000,15.000,0,0
492.500,165.000,15.000,0,0
492.500,166.000,15.000,0,0
492.500,167.000,15.000,0,0
492.500,168.000,15.000,0,0
492.500,169.000,15.000,0,0
492.500,170.000,15.000,0,0
492.500,171.000,15.000,0,0
492.500,172.000,15.000,0,0
492.500,173.000,15.000,0,0
492.500,174.000,15.000,0,0
492.500,175.000,15.000,0,0
492.500,176.000,15.000,0,0
492.500,177.000,15.000,0,0
492.500,178.000,15.000,0,0
492.500,179.000,15.000,0,0
492.500,180.000,15.000,0,0
495.000,20.000,15.000,0,1
495.000,21.000,15.000,0,1
495.000,22.000,15.000,0,1
495.000,23.000,15.000,0,1
495.000,24.000,15.000,0,1
495.000,25.000,15.000,0,1
495.000,26.000,15.000,0,1
495.000,27.000,15.000,0,1
495.000,28.000,15.000,0,1
495.000,29.000,15.000,0,1
495.000,30.000,15.000,0,1
495.000,31.000,15.000,0,1
495.000,32.000,15.000,0,1
495.000,33.000,15.000,0,1
495.000,34.000,15.000,0,1
495.000,35.000,15.000,0,1
495.000,36.000,15.000,0,1
495.000,37.000,15.000,0,1
495.000,38.000,15.000,0,1
495.000,39.000,15.000,0,1
495.000,40.000,15.000,0,1
495.000,41.000,15.000,0,1
495.000,42.000,15.000,0,1
495.000,43.000,15.000,0,1
495.000,44.000,15.000,0,1
495.000,45.000,15.000,0,1
495.000,46.000,15.000,0,1
495.000,47.000,15.000,0,1
495.000,48.000,15.000,0,1
495.000,49.000,15.000,0,1
495.000,50.000,15.000,0,1
495.000,51.000,15.000,0,1
495.000,52.000,15.000,0,1
495.000,53.000,15.000,0,1
495.000,54.000,15.000,0,1
495.000,55.000,15.000,0,1
495.000,56.000,15.000,0,1
495.000,57.000,15.000,0,1
495.000,58.000,15.000,0,1
495.000,59.000,15.000,0,1
495.000,60.000,15.000,0,1
495.000,61.000,15.000,0,1
495.000,62.000,15.000,0,1
495.000,63.000,15.000,0,1
495.000,64.000,15.000,0,1
495.000,65.000,15.000,0,1
495.000,66.000,15.000,0,1
495.000,67.000,15.000,0,1
495.000,68.000,15.000,0,1
495.000,69.000,15.000,0,1
495.000,70.000,15.000,0,1
495.000,71.000,15.000,0,1
495.000,72.000,15.000,0,1
495.000,73.000,15.000,0,1
495.000,74.000,15.000,0,1
495.000,75.000,15.000,0,1
495.000,76.000,15.000,0,1
495.000,77.000,15.000,0,1
495.000,78.000,15.000,0,1
495.000,79.000,15.000,0,1
495.000,80.000,15.000,0,1
495.000,81.000,15.000,0,1
495.000,82.000,15.000,0,1
495.000,83.000,15.000,0,1
495.000,84.000,15.000,0,1
495.000,85.000,15.000,0,1
495.000,86.000,15.000,0,1
495.000,87.000,15.000,0,1
495.000,88.000,15.000,0,1
495.000,89.000,15.000,0,1
495.000,90.000,15.000,0,1
495.000,91.000,15.000,0,1
495.000,92.000,15.000,0,1
495.000,93.000,15.000,0,1
495.000,94.000,15.000,0,1
495.000,95.000,15.000,0,1
495.000,96.000,15.000,0,0
495.000,97.000,15.000,0,0
495.000,98.000,15.000,0,0
495.000,99.000,15.000,0,0
495.000,100.000,15.000,0,0
495.000,101.000,15.000,0,0
495.000,102.000,15.000,0,0
495.000,103.000,15.000,0,0
495.000,104.000,15.000,0,0
495.000,105.000,15.000,0,0
495.000,106.000,15.000,0,0
495.000,107.000,15.000,0,0
495.000,108.000,15.000,0,0
495.000,109.000,15.000,0,0
495.000,110.000,15.000,0,0
495.000,111.000,15.000,0,0
495.000,112.000,15.000,0,0
495.000,113.000,15.000,0,0
495.000,114.000,15.000,0,0
495.000,115.000,15.000,0,0
495.000,116.000,15.000,0,0
495.000,117.000,15.000,0,0
495.000,118.000,15.000,0,0
495.000,119.000,15.000,0,0
495.000,120.000,15.000,0,0
495.000,121.000,15.000,0,0
495.000,122.000,15.000,0,0
495.000,123.000,15.000,0,0
495.000,124.000,15.000,0,0
495.000,125.000,15.000,0,0
495.000,126.000,15.000,0,0
495.000,127.000,15.000,0,0
495.000,128.000,15.000,0,0
495.000,129.000,15.000,0,0
495.000,130.000,15.000,0,0
495.000,131.000,15.000,0,0
495.000,132.000,15.000,0,0
495.000,133.000,15.000,0,0
495.000,134.000,15.000,0,0
495.000,135.000,15.000,0,0
495.000,136.000,15.000,0,0
495.000,137.000,15.000,0,0
495.000,138.000,15.000,0,0
495.000,139.000,15.000,0,0
495.000,140.000,15.000,0,0
495.000,141.000,15.000,0,0
495.000,142.000,15.000,0,0
495.000,143.000,15.000,0,0
495.000,144.000,15.000,0,0
495.000,145.000,15.000,0,0
495.000,146.000,15.000,0,0
495.000,147.000,15.000,0,0
495.000,148.000,15.000,0,0
495.000,149.000,15.000,0,0
495.000,150.000,15.000,0,0
495.000,151.000,15.000,0,0
495.000,152.000,15.000,0,0
495.000,153.000,15.000,0,0
495.000,154.000,15.000,0,0
495.000,155.000,15.000,0,0
495.000,156.000,15.000,0,0
495.000,157.000,15.000,0,0
495.000,158.000,15.000,0,0
495.000,159.000,15.000,0,0
495.000,160.000,15.000,0,0
495.000,161.000,15.000,0,0
495.000,162.000,15.000,0,0
495.000,163.000,15.000,0,0
495.000,164.000,15.000,0,0
495.000,165.000,15.000,0,0
495.000,166.000,15.000,0,0
495.000,167.000,15.000,0,0
495.000,168.000,15.000,0,0
495.000,169.000,15.000,0,0
495.000,170.000,15.000,0,0
495.000,171.000,15.000,0,0
495.000,172.000,15.000,0,0
495.000,173.000,15.000,0,0
495.000,174.000,15.000,0,0
495.000,175.000,15.000,0,0
495.000,176.000,15.000,0,0
495.000,177.000,15.000,0,0
495.000,178.000,15.000,0,0
495.000,179.000,15.000,0,0
495.000,180.000,15.000,0,0
497.500,20.000,15.000,0,1
497.500,21.000,15.000,0,1
497.500,22.000,15.000,0,1
497.500,23.000,15.000,0,1
497.500,24.000,15.000,0,1
497.500,25.000,15.000,0,1
497.500,26.000,15.000,0,1
497.500,27.000,15.000,0,1
497.500,28.000,15.000,0,1
497.500,29.000,15.000,0,1
497.500,30.000,15.000,0,1
497.500,31.000,15.000,0,1
497.500,32.000,15.000,0,1
497.500,33.000,15.000,0,1
497.500,34.000,15.000,0,1
497.500,35.000,15.000,0,1
497.500,36.000,15.000,0,1
497.500,37.000,15.000,0,1
497.500,38.000,15.000,0,1
497.500,39.000,15.000,0,1
497.500,40.000,15.000,0,1
497.500,41.000,15.000,0,1
497.500,42.000,15.000,0,1
497.500,43.000,15.000,0,1
497.500,44.000,15.000,0,1
497.500,45.000,15.000,0,1
497.500,46.000,15.000,0,1
497.500,47.000,15.000,0,1
497.500,48.000,15.000,0,1
497.500,49.000,15.000,0,1
497.500,50.000,15.000,0,1
497.500,51.000,15.000,0,1
497.500,52.000,15.000,0,1
497.500,53.000,15.000,0,1
497.500,54.000,15.000,0,1
497.500,55.000,15.000,0,1
497.500,56.000,15.000,0,1
497.500,57.000,15.000,0,1
497.500,58.000,15.000,0,1
497.500,59.000,15.000,0,1
497.500,60.000,15.000,0,1
497.500,61.000,15.000,0,1
497.500,62.000,15.000,0,1
497.500,63.000,15.000,0,1
497.500,64.000,15.000,0,1
497.500,65.000,15.000,0,1
497.500,66.000,15.000,0,1
497.500,67.000,15.000,0,1
497.500,68.000,15.000,0,1
497.500,69.000,15.000,0,1
497.500,70.000,15.000,0,1
497.500,71.000,15.000,0,1
497.500,72.000,15.000,0,1
497.500,73.000,15.000,0,1
497.500,74.000,15.000,0,1
497.500,75.000,15.000,0,1
497.500,76.000,15.000,0,1
497.500,77.000,15.000,0,1
497.500,78.000,15.000,0,1
497.500,79.000,15.000,0,1
497.500,80.000,15.000,0,1
497.500,81.000,15.000,0,1
497.500,82.000,15.000,0,1
497.500,83.000,15.000,0,1
497.500,84.000,15.000,0,1
497.500,85.000,15.000,0,1
497.500,86.000,15.000,0,1
497.500,87.000,15.000,0,1
497.500,88.000,15.000,0,1
497.500,89.000,15.000,0,1
497.500,90.000,15.000,0,1
497.500,91.000,15.000,0,1
497.500,92.000,15.000,0,1
497.500,93.000,15.000,0,1
497.500,94.000,15.000,0,1
497.500,95.000,15.000,0,1
497.500,96.000,15.000,0,0
497.500,97.000,15.000,0,0
497.500,98.000,15.000,0,0
497.500,99.000,15.000,0,0
497.500,100.000,15.000,0,0
497.500,101.000,15.000,0,0
497.500,102.000,15.000,0,0
497.500,103.000,15.000,0,0
497.500,104.000,15.000,0,0
497.500,105.000,15.000,0,0
497.500,106.000,15.000,0,0
497.500,107.000,15.000,0,0
497.500,108.000,15.000,0,0
497.500,109.000,15.000,0,0
497.500,110.000,15.000,0,0
497.500,111.000,15.000,0,0
497.500,112.000,15.000,0,0
497.500,113.000,15.000,0,0
497.500,114.000,15.000,0,0
497.500,115.000,15.000,0,0
497.500,116.000,15.000,0,0
497.500,117.000,15.000,0,0
497.500,118.000,15.000,0,0
497.500,119.000,15.000,0,0
497.500,120.000,15.000,0,0
497.500,121.000,15.000,0,0
497.500,122.000,15.000,0,0
497.500,123.000,15.000,0,0
497.500,124.000,15.000,0,0
497.500,125.000,15.000,0,0
497.500,126.000,15.000,0,0
497.500,127.000,15.000,0,0
497.500,128.000,15.000,0,0
497.500,129.000,15.000,0,0
497.500,130.000,15.000,0,0
497.500,131.000,15.000,0,0
497.500,132.000,15.000,0,0
497.500,133.000,15.000,0,0
497.500,134.000,15.000,0,0
497.500,135.000,15.000,0,0
497.500,136.000,15.000,0,0
497.500,137.000,15.000,0,0
497.500,138.000,15.000,0,0
497.500,139.000,15.000,0,0
497.500,140.000,15.000,0,0
497.500,141.000,15.000,0,0
497.500,142.000,15.000,0,0
497.500,143.000,15.000,0,0
497.500,144.000,15.000,0,0
497.500,145.000,15.000,0,0
497.500,146.000,15.000,0,0
497.500,147.000,15.000,0,0
497.500,148.000,15.000,0,0
497.500,149.000,15.000,0,0
497.500,150.000,15.000,0,0
497.500,151.000,15.000,0,0
497.500,152.000,15.000,0,0
497.500,153.000,15.000,0,0
497.500,154.000,15.000,0,0
497.500,155.000,15.000,0,0
497.500,156.000,15.000,0,0
497.500,157.000,15.000,0,0
497.500,158.000,15.000,0,0
497.500,159.000,15.000,0,0
497.500,160.000,15.000,0,0
497.500,161.000,15.000,0,0
497.500,162.000,15.000,0,0
497.500,163.000,15.000,0,0
497.500,164.000,15.000,0,0
497.500,165.000,15.000,0,0
497.500,166.000,15.000,0,0
497.500,167.000,15.000,0,0
497.500,168.000,15.000,0,0
497.500,169.000,15.000,0,0
497.500,170.000,15.000,0,0
497.500,171.000,15.000,0,0
497.500,172.000,15.000,0,0
497.500,173.000,15.000,0,0
497.500,174.000,15.000,0,0
497.500,175.000,15.000,0,0
497.500,176.000,15.000,0,0
497.500,177.000,15.000,0,0
497.500,178.000,15.000,0,0
497.500,179.000,15.000,0,0
497.500,180.000,15.000,0,0
500.000,20.000,15.000,0,1
500.000,21.000,15.000,0,1
500.000,22.000,15.000,0,1
500.000,23.000,15.000,0,1
500.000,24.000,15.000,0,1
500.000,25.000,15.000,0,1
500.000,26.000,15.000,0,1
500.000,27.000,15.000,0,1
500.000,28.000,15.000,0,1
500.000,29.000,15.000,0,1
500.000,30.000,15.000,0,1
500.000,31.000,15.000,0,1
500.000,32.000,15.000,0,1
500.000,33.000,15.000,0,1
500.000,34.000,15.000,0,1
500.000,35.000,15.000,0,1
500.000,36.000,15.000,0,1
500.000,37.000,15.000,0,1
500.000,38.000,15.000,0,1
500.000,39.000,15.000,0,1
500.000,40.000,15.000,0,1
500.000,41.000,15.000,0,1
500.000,42.000,15.000,0,1
500.000,43.000,15.000,0,1
500.000,44.000,15.000,0,1
500.000,45.000,15.000,0,1
500.000,46.000,15.000,0,1
500.000,47.000,15.000,0,1
500.000,48.000,15.000,0,1
500.000,49.000,15.000,0,1
500.000,50.000,15.000,0,1
500.000,51.000,15.000,0,1
500.000,52.000,15.000,0,1
500.000,53.000,15.000,0,1
500.000,54.000,15.000,0,1
500.000,55.000,15.000,0,1
500.000,56.000,15.000,0,1
500.000,57.000,15.000,0,1
500.000,58.000,15.000,0,1
500.000,59.000,15.000,0,1
500.000,60.000,15.000,0,1
500.000,61.000,15.000,0,1
500.000,62.000,15.000,0,1
500.000,63.000,15.000,0,1
500.000,64.000,15.000,0,1
500.000,65.000,15.000,0,1
500.000,66.000,15.000,0,1
500.000,67.000,15.000,0,1
500.000,68.000,15.000,0,1
500.000,69.000,15.000,0,1
500.000,70.000,15.000,0,1
500.000,71.000,15.000,0,1
500.000,72.000,15.000,0,1
500.000,73.000,15.000,0,1
500.000,74.000,15.000,0,1
500.000,75.000,15.000,0,1
500.000,76.000,15.000,0,1
500.000,77.000,15.000,0,1
500.000,78.000,15.000,0,1
500.000,79.000,15.000,0,1
500.000,80.000,15.000,0,1
500.000,81.000,15.000,0,1
500.000,82.000,15.000,0,1
500.000,83.000,15.000,0,1
500.000,84.000,15.000,0,1
500.000,85.000,15.000,0,1
500.000,86.000,15.000,0,1
500.000,87.000,15.000,0,1
500.000,88.000,15.000,0,1
500.000,89.000,15.000,0,1
500.000,90.000,15.000,0,1
500.000,91.000,15.000,0,1
500.000,92.000,15.000,0,1
500.000,93.000,15.000,0,1
500.000,94.000,15.000,0,1
500.000,95.000,15.000,0,1
500.000,96.000,15.000,0,0
500.000,97.000,15.000,0,0
500.000,98.000,15.000,0,0
500.000,99.000,15.000,0,0
500.000,100.000,15.000,0,0
500.000,101.000,15.000,0,0
500.000,102.000,15.000,0,0
500.000,103.000,15.000,0,0
500.000,104.000,15.000,0,0
500.000,105.000,15.000,0,0
500.000,106.000,15.000,0,0
500.000,107.000,15.000,0,0
500.000,108.000,15.000,0,0
500.000,109.000,15.000,0,0
500.000,110.000,15.000,0,0
500.000,111.000,15.000,0,0
500.000,112.000,15.000,0,0
500.000,113.000,15.000,0,0
500.000,114.000,15.000,0,0
500.000,115.000,15.000,0,0
500.000,116.000,15.000,0,0
500.000,117.000,15.000,0,0
500.000,118.000,15.000,0,0
500.000,119.000,15.000,0,0
500.000,120.000,15.000,0,0
500.000,121.000,15.000,0,0
500.000,122.000,15.000,0,0
500.000,123.000,15.000,0,0
500.000,124.000,15.000,0,0
500.000,125.000,15.000,0,0
500.000,126.000,15.000,0,0
500.000,127.000,15.000,0,0
500.000,128.000,15.000,0,0
500.000,129.000,15.000,0,0
500.000,130.000,15.000,0,0
500.000,131.000,15.000,0,0
500.000,132.000,15.000,0,0
500.000,133.000,15.000,0,0
500.000,134.000,15.000,0,0
500.000,135.000,15.000,0,0
500.000,136.000,15.000,0,0
500.000,137.000,15.000,0,0
500.000,138.000,15.000,0,0
500.000,139.000,15.000,0,0
500.000,140.000,15.000,0,0
500.000,141.000,15.000,0,0
500.000,142.000,15.000,0,0
500.000,143.000,15.000,0,0
500.000,144.000,15.000,0,0
500.000,145.000,15.000,0,0
500.000,146.000,15.000,0,0
500.000,147.000,15.000,0,0
500.000,148.000,15.000,0,0
500.000,149.000,15.000,0,0
500.000,150.000,15.000,0,0
500.000,151.000,15.000,0,0
500.000,152.000,15.000,0,0
500.000,153.000,15.000,0,0
500.000,154.000,15.000,0,0
500.000,155.000,15.000,0,0
500.000,156.000,15.000,0,0
500.000,157.000,15.000,0,0
500.000,158.000,15.000,0,0
500.000,159.000,15.000,0,0
500.000,160.000,15.000,0,0
500.000,161.000,15.000,0,0
500.000,162.000,15.000,0,0
500.000,163.000,15.000,0,0
500.000,164.000,15.000,0,0
500.000,165.000,15.000,0,0
500.000,166.000,15.000,0,0
500.000,167.000,15.000,0,0
500.000,168.000,15.000,0,0
500.000,169.000,15.000,0,0
500.000,170.000,15.000,0,0
500.000,171.000,15.000,0,0
500.000,172.000,15.000,0,0
500.000,173.000,15.000,0,0
500.000,174.000,15.000,0,0
500.000,175.000,15.000,0,0
500.000,176.000,15.000,0,0
500.000,177.000,15.000,0,0
500.000,178.000,15.000,0,0
500.000,179.000,15.000,0,0
500.000,180.000,15.000,0,0
