temperature_K,initial_gap_m,rho_friction_only,rho_dual,friction_only_feasible,dual_feasible,active_friction_limit,active_auxiliary_limit,M_friction_only_mps2,M_dual_mps2
365.0,15.0,-3.7349433785711277,-2.2416930590426336,0,0,thermal_hocbf,realized_force_cbf,-7.469886757142255,-4.483386118085267
365.0,16.5,-2.8349433785711273,-1.3416930590426333,0,0,thermal_hocbf,realized_force_cbf,-5.669886757142255,-2.6833861180852665
365.0,18.0,-1.934943378571127,-0.4416930590426329,0,0,thermal_hocbf,realized_force_cbf,-3.869886757142254,-0.8833861180852658
365.0,19.5,-1.0349433785711266,0.059255655707862294,0,1,thermal_hocbf,realized_force_cbf,-2.0698867571422532,0.9166138819147349
365.0,21.0,-0.13494337857112715,0.059255655707862294,0,1,thermal_hocbf,realized_force_cbf,-0.2698867571422543,2.716613881914734
365.0,22.5,0.1260763267619786,0.059255655707862294,1,1,thermal_hocbf,realized_force_cbf,1.5301132428577464,4.516613881914735
365.0,24.0,0.1260763267619786,0.059255655707862294,1,1,thermal_hocbf,realized_force_cbf,3.3301132428577453,6.3166138819147335
365.0,25.5,0.1260763267619786,0.059255655707862294,1,1,thermal_hocbf,realized_force_cbf,5.130113242857746,8.116613881914734
365.0,27.0,0.1260763267619786,0.059255655707862294,1,1,thermal_hocbf,realized_force_cbf,6.930113242857746,9.916613881914735
365.0,28.5,0.1260763267619786,0.059255655707862294,1,1,thermal_hocbf,realized_force_cbf,8.730113242857746,11.716613881914734
365.0,30.0,0.1260763267619786,0.059255655707862294,1,1,thermal_hocbf,realized_force_cbf,10.530113242857746,13.516613881914735
365.0,31.5,0.1260763267619786,0.059255655707862294,1,1,thermal_hocbf,realized_force_cbf,12.330113242857745,15.316613881914733
365.0,33.0,0.1260763267619786,0.059255655707862294,1,1,thermal_hocbf,realized_force_cbf,14.130113242857746,17.116613881914734
365.0,34.5,0.1260763267619786,0.059255655707862294,1,1,thermal_hocbf,realized_force_cbf,15.930113242857745,18.916613881914735
365.0,36.0,0.1260763267619786,0.059255655707862294,1,1,thermal_hocbf,realized_force_cbf,17.730113242857747,20.716613881914732
365.0,37.5,0.1260763267619786,0.059255655707862294,1,1,thermal_hocbf,realized_force_cbf,19.530113242857745,22.516613881914733
365.0,39.0,0.1260763267619786,0.059255655707862294,1,1,thermal_hocbf,realized_force_cbf,21.330113242857745,24.316613881914733
365.0,40.5,0.1260763267619786,0.059255655707862294,1,1,thermal_hocbf,realized_force_cbf,23.130113242857746,26.116613881914734
365.0,42.0,0.1260763267619786,0.059255655707862294,1,1,thermal_hocbf,realized_force_cbf,24.930113242857747,27.916613881914735
365.0,43.5,0.1260763267619786,0.059255655707862294,1,1,thermal_hocbf,realized_force_cbf,26.730113242857744,29.716613881914732
365.0,45.0,0.1260763267619786,0.059255655707862294,1,1,thermal_hocbf,realized_force_cbf,28.530113242857745,31.516613881914733
365.0,46.5,0.1260763267619786,0.059255655707862294,1,1,thermal_hocbf,realized_force_cbf,30.330113242857745,33.31661388191473
365.0,48.0,0.1260763267619786,0.059255655707862294,1,1,thermal_hocbf,realized_force_cbf,32.130113242857746,35.11661388191473
365.0,49.5,0.1260763267619786,0.059255655707862294,1,1,thermal_hocbf,realized_force_cbf,33.93011324285774,36.91661388191473
365.0,51.0,0.1260763267619786,0.059255655707862294,1,1,thermal_hocbf,realized_force_cbf,35.73011324285775,38.71661388191474
365.0,52.5,0.1260763267619786,0.059255655707862294,1,1,thermal_hocbf,realized_force_cbf,37.530113242857745,40.516613881914736
365.0,54.0,0.1260763267619786,0.059255655707862294,1,1,thermal_hocbf,realized_force_cbf,39.33011324285774,42.31661388191473
365.0,55.5,0.1260763267619786,0.059255655707862294,1,1,thermal_hocbf,realized_force_cbf,41.130113242857746,44.11661388191473
365.0,57.0,0.1260763267619786,0.059255655707862294,1,1,thermal_hocbf,realized_force_cbf,42.93011324285774,45.91661388191473
365.0,58.5,0.1260763267619786,0.059255655707862294,1,1,thermal_hocbf,realized_force_cbf,44.73011324285775,47.71661388191474
365.0,60.0,0.1260763267619786,0.059255655707862294,1,1,thermal_hocbf,realized_force_cbf,46.530113242857745,49.516613881914736
365.0,61.5,0.1260763267619786,0.059255655707862294,1,1,thermal_hocbf,realized_force_cbf,48.33011324285774,51.31661388191473
365.0,63.0,0.1260763267619786,0.059255655707862294,1,1,thermal_hocbf,realized_force_cbf,50.130113242857746,53.11661388191473
365.0,64.5,0.1260763267619786,0.059255655707862294,1,1,thermal_hocbf,realized_force_cbf,51.93011324285774,54.91661388191473
365.0,66.0,0.1260763267619786,0.059255655707862294,1,1,thermal_hocbf,realized_force_cbf,53.73011324285775,56.71661388191474
365.0,67.5,0.1260763267619786,0.059255655707862294,1,1,thermal_hocbf,realized_force_cbf,55.530113242857745,58.516613881914736
365.0,69.0,0.1260763267619786,0.059255655707862294,1,1,thermal_hocbf,realized_force_cbf,57.33011324285774,60.31661388191473
365.0,70.5,0.1260763267619786,0.059255655707862294,1,1,thermal_hocbf,realized_force_cbf,59.130113242857746,62.11661388191473
365.0,72.0,0.1260763267619786,0.059255655707862294,1,1,thermal_hocbf,realized_force_cbf,60.93011324285774,63.91661388191473
365.0,73.5,0.1260763267619786,0.059255655707862294,1,1,thermal_hocbf,realized_force_cbf,62.73011324285774,65.71661388191472
365.0,75.0,0.1260763267619786,0.059255655707862294,1,1,thermal_hocbf,realized_force_cbf,64.53011324285774,67.51661388191474
365.0,76.5,0.1260763267619786,0.059255655707862294,1,1,thermal_hocbf,realized_force_cbf,66.33011324285775,69.31661388191473
365.0,78.0,0.1260763267619786,0.059255655707862294,1,1,thermal_hocbf,realized_force_cbf,68.13011324285775,71.11661388191473
365.0,79.5,0.1260763267619786,0.059255655707862294,1,1,thermal_hocbf,realized_force_cbf,69.93011324285774,72.91661388191473
365.0,81.0,0.1260763267619786,0.059255655707862294,1,1,thermal_hocbf,realized_force_cbf,71.73011324285774,74.71661388191472
365.0,82.5,0.1260763267619786,0.059255655707862294,1,1,thermal_hocbf,realized_force_cbf,73.53011324285774,76.51661388191472
365.0,84.0,0.1260763267619786,0.059255655707862294,1,1,thermal_hocbf,realized_force_cbf,75.33011324285775,78.31661388191473
365.0,85.5,0.1260763267619786,0.059255655707862294,1,1,thermal_hocbf,realized_force_cbf,77.13011324285775,80.11661388191473
365.0,87.0,0.1260763267619786,0.059255655707862294,1,1,thermal_hocbf,realized_force_cbf,78.93011324285774,81.91661388191473
365.0,88.5,0.1260763267619786,0.059255655707862294,1,1,thermal_hocbf,realized_force_cbf,80.73011324285774,83.71661388191472
365.0,90.0,0.1260763267619786,0.059255655707862294,1,1,thermal_hocbf,realized_force_cbf,82.53011324285774,85.51661388191472
369.0,15.0,-3.9958894180013163,-2.5026390984728213,0,0,thermal_hocbf,realized_force_cbf,-7.9917788360026325,-5.005278196945643
369.0,16.5,-3.095889418001316,-1.602639098472821,0,0,thermal_hocbf,realized_force_cbf,-6.191778836002632,-3.205278196945642
369.0,18.0,-2.1958894180013155,-0.7026390984728206,0,0,thermal_hocbf,realized_force_cbf,-4.391778836002631,-1.4052781969456412
369.0,19.5,-1.2958894180013152,0.059255655707862294,0,1,thermal_hocbf,realized_force_cbf,-2.5917788360026304,0.39472180305435955
369.0,21.0,-0.3958894180013157,0.059255655707862294,0,1,thermal_hocbf,realized_force_cbf,-0.7917788360026314,2.1947218030543585
369.0,22.5,0.12143731027965958,0.059255655707862294,1,1,thermal_hocbf,realized_force_cbf,1.0082211639973693,3.994721803054359
369.0,24.0,0.12143731027965958,0.059255655707862294,1,1,thermal_hocbf,realized_force_cbf,2.808221163997368,5.794721803054358
369.0,25.5,0.12143731027965958,0.059255655707862294,1,1,thermal_hocbf,realized_force_cbf,4.608221163997369,7.594721803054359
369.0,27.0,0.12143731027965958,0.059255655707862294,1,1,thermal_hocbf,realized_force_cbf,6.408221163997369,9.39472180305436
369.0,28.5,0.12143731027965958,0.059255655707862294,1,1,thermal_hocbf,realized_force_cbf,8.208221163997369,11.194721803054358
369.0,30.0,0.12143731027965958,0.059255655707862294,1,1,thermal_hocbf,realized_force_cbf,10.00822116399737,12.99472180305436
369.0,31.5,0.12143731027965958,0.059255655707862294,1,1,thermal_hocbf,realized_force_cbf,11.808221163997368,14.794721803054358
369.0,33.0,0.12143731027965958,0.059255655707862294,1,1,thermal_hocbf,realized_force_cbf,13.608221163997369,16.59472180305436
369.0,34.5,0.12143731027965958,0.059255655707862294,1,1,thermal_hocbf,realized_force_cbf,15.408221163997368,18.39472180305436
369.0,36.0,0.12143731027965958,0.059255655707862294,1,1,thermal_hocbf,realized_force_cbf,17.20822116399737,20.194721803054357
369.0,37.5,0.12143731027965958,0.059255655707862294,1,1,thermal_hocbf,realized_force_cbf,19.00822116399737,21.994721803054357
369.0,39.0,0.12143731027965958,0.059255655707862294,1,1,thermal_hocbf,realized_force_cbf,20.808221163997366,23.794721803054358
369.0,40.5,0.12143731027965958,0.059255655707862294,1,1,thermal_hocbf,realized_force_cbf,22.60822116399737,25.59472180305436
369.0,42.0,0.12143731027965958,0.059255655707862294,1,1,thermal_hocbf,realized_force_cbf,24.408221163997368,27.39472180305436
369.0,43.5,0.12143731027965958,0.059255655707862294,1,1,thermal_hocbf,realized_force_cbf,26.208221163997365,29.194721803054357
369.0,45.0,0.12143731027965958,0.059255655707862294,1,1,thermal_hocbf,realized_force_cbf,28.00822116399737,30.994721803054357
369.0,46.5,0.12143731027965958,0.059255655707862294,1,1,thermal_hocbf,realized_force_cbf,29.808221163997366,32.79472180305436
369.0,48.0,0.12143731027965958,0.059255655707862294,1,1,thermal_hocbf,realized_force_cbf,31.60822116399737,34.594721803054355
369.0,49.5,0.12143731027965958,0.059255655707862294,1,1,thermal_hocbf,realized_force_cbf,33.40822116399737,36.39472180305435
369.0,51.0,0.12143731027965958,0.059255655707862294,1,1,thermal_hocbf,realized_force_cbf,35.20822116399737,38.194721803054364
369.0,52.5,0.12143731027965958,0.059255655707862294,1,1,thermal_hocbf,realized_force_cbf,37.00822116399737,39.99472180305436
369.0,54.0,0.12143731027965958,0.059255655707862294,1,1,thermal_hocbf,realized_force_cbf,38.808221163997366,41.79472180305436
369.0,55.5,0.12143731027965958,0.059255655707862294,1,1,thermal_hocbf,realized_force_cbf,40.60822116399737,43.594721803054355
369.0,57.0,0.12143731027965958,0.059255655707862294,1,1,thermal_hocbf,realized_force_cbf,42.40822116399737,45.39472180305435
369.0,58.5,0.12143731027965958,0.059255655707862294,1,1,thermal_hocbf,realized_force_cbf,44.20822116399737,47.194721803054364
369.0,60.0,0.12143731027965958,0.059255655707862294,1,1,thermal_hocbf,realized_force_cbf,46.00822116399737,48.99472180305436
369.0,61.5,0.12143731027965958,0.059255655707862294,1,1,thermal_hocbf,realized_force_cbf,47.808221163997366,50.79472180305436
369.0,63.0,0.12143731027965958,0.059255655707862294,1,1,thermal_hocbf,realized_force_cbf,49.60822116399737,52.594721803054355
369.0,64.5,0.12143731027965958,0.059255655707862294,1,1,thermal_hocbf,realized_force_cbf,51.40822116399737,54.39472180305435
369.0,66.0,0.12143731027965958,0.059255655707862294,1,1,thermal_hocbf,realized_force_cbf,53.20822116399737,56.194721803054364
369.0,67.5,0.12143731027965958,0.059255655707862294,1,1,thermal_hocbf,realized_force_cbf,55.00822116399737,57.99472180305436
369.0,69.0,0.12143731027965958,0.059255655707862294,1,1,thermal_hocbf,realized_force_cbf,56.808221163997366,59.79472180305436
369.0,70.5,0.12143731027965958,0.059255655707862294,1,1,thermal_hocbf,realized_force_cbf,58.60822116399737,61.594721803054355
369.0,72.0,0.12143731027965958,0.059255655707862294,1,1,thermal_hocbf,realized_force_cbf,60.40822116399737,63.39472180305435
369.0,73.5,0.12143731027965958,0.059255655707862294,1,1,thermal_hocbf,realized_force_cbf,62.208221163997365,65.19472180305435
369.0,75.0,0.12143731027965958,0.059255655707862294,1,1,thermal_hocbf,realized_force_cbf,64.00822116399736,66.99472180305436
369.0,76.5,0.12143731027965958,0.059255655707862294,1,1,thermal_hocbf,realized_force_cbf,65.80822116399737,68.79472180305436
369.0,78.0,0.12143731027965958,0.059255655707862294,1,1,thermal_hocbf,realized_force_cbf,67.60822116399737,70.59472180305436
369.0,79.5,0.12143731027965958,0.059255655707862294,1,1,thermal_hocbf,realized_force_cbf,69.40822116399737,72.39472180305435
369.0,81.0,0.12143731027965958,0.059255655707862294,1,1,thermal_hocbf,realized_force_cbf,71.20822116399737,74.19472180305435
369.0,82.5,0.12143731027965958,0.059255655707862294,1,1,thermal_hocbf,realized_force_cbf,73.00822116399736,75.99472180305435
369.0,84.0,0.12143731027965958,0.059255655707862294,1,1,thermal_hocbf,realized_force_cbf,74.80822116399737,77.79472180305436
369.0,85.5,0.12143731027965958,0.059255655707862294,1,1,thermal_hocbf,realized_force_cbf,76.60822116399737,79.59472180305436
369.0,87.0,0.12143731027965958,0.059255655707862294,1,1,thermal_hocbf,realized_force_cbf,78.40822116399737,81.39472180305435
369.0,88.5,0.12143731027965958,0.059255655707862294,1,1,thermal_hocbf,realized_force_cbf,80.20822116399737,83.19472180305435
369.0,90.0,0.12143731027965958,0.059255655707862294,1,1,thermal_hocbf,realized_force_cbf,82.00822116399736,84.99472180305435
373.0,15.0,-4.256835457431504,-2.763585137903009,0,0,thermal_hocbf,realized_force_cbf,-8.513670914863008,-5.527170275806018
373.0,16.5,-3.3568354574315036,-1.8635851379030086,0,0,thermal_hocbf,realized_force_cbf,-6.713670914863007,-3.7271702758060172
373.0,18.0,-2.4568354574315032,-0.9635851379030083,0,0,thermal_hocbf,realized_force_cbf,-4.9136709148630064,-1.9271702758060165
373.0,19.5,-1.5568354574315029,-0.0635851379030079,0,0,thermal_hocbf,realized_force_cbf,-3.1136709148630057,-0.1271702758060158
373.0,21.0,-0.6568354574315034,0.059255655707862294,0,1,thermal_hocbf,realized_force_cbf,-1.3136709148630068,1.6728297241939831
373.0,22.5,0.11679829379734054,0.059255655707862294,1,1,thermal_hocbf,realized_force_cbf,0.4863290851369939,3.472829724193984
373.0,24.0,0.11679829379734054,0.059255655707862294,1,1,thermal_hocbf,realized_force_cbf,2.286329085136993,5.272829724193983
373.0,25.5,0.11679829379734054,0.059255655707862294,1,1,thermal_hocbf,realized_force_cbf,4.0863290851369936,7.0728297241939835
373.0,27.0,0.11679829379734054,0.059255655707862294,1,1,thermal_hocbf,realized_force_cbf,5.886329085136993,8.872829724193984
373.0,28.5,0.11679829379734054,0.059255655707862294,1,1,thermal_hocbf,realized_force_cbf,7.686329085136993,10.672829724193983
373.0,30.0,0.11679829379734054,0.059255655707862294,1,1,thermal_hocbf,realized_force_cbf,9.486329085136994,12.472829724193984
373.0,31.5,0.11679829379734054,0.059255655707862294,1,1,thermal_hocbf,realized_force_cbf,11.286329085136993,14.272829724193983
373.0,33.0,0.11679829379734054,0.059255655707862294,1,1,thermal_hocbf,realized_force_cbf,13.086329085136994,16.072829724193983
373.0,34.5,0.11679829379734054,0.059255655707862294,1,1,thermal_hocbf,realized_force_cbf,14.886329085136992,17.872829724193984
373.0,36.0,0.11679829379734054,0.059255655707862294,1,1,thermal_hocbf,realized_force_cbf,16.686329085136993,19.67282972419398
373.0,37.5,0.11679829379734054,0.059255655707862294,1,1,thermal_hocbf,realized_force_cbf,18.486329085136994,21.472829724193982
373.0,39.0,0.11679829379734054,0.059255655707862294,1,1,thermal_hocbf,realized_force_cbf,20.28632908513699,23.272829724193983
373.0,40.5,0.11679829379734054,0.059255655707862294,1,1,thermal_hocbf,realized_force_cbf,22.086329085136995,25.072829724193983
373.0,42.0,0.11679829379734054,0.059255655707862294,1,1,thermal_hocbf,realized_force_cbf,23.886329085136992,26.872829724193984
373.0,43.5,0.11679829379734054,0.059255655707862294,1,1,thermal_hocbf,realized_force_cbf,25.68632908513699,28.67282972419398
373.0,45.0,0.11679829379734054,0.059255655707862294,1,1,thermal_hocbf,realized_force_cbf,27.486329085136994,30.472829724193982
373.0,46.5,0.11679829379734054,0.059255655707862294,1,1,thermal_hocbf,realized_force_cbf,29.28632908513699,32.27282972419398
373.0,48.0,0.11679829379734054,0.059255655707862294,1,1,thermal_hocbf,realized_force_cbf,31.086329085136995,34.07282972419398
373.0,49.5,0.11679829379734054,0.059255655707862294,1,1,thermal_hocbf,realized_force_cbf,32.88632908513699,35.87282972419398
373.0,51.0,0.11679829379734054,0.059255655707862294,1,1,thermal_hocbf,realized_force_cbf,34.686329085137,37.67282972419399
373.0,52.5,0.11679829379734054,0.059255655707862294,1,1,thermal_hocbf,realized_force_cbf,36.486329085136994,39.472829724193986
373.0,54.0,0.11679829379734054,0.059255655707862294,1,1,thermal_hocbf,realized_force_cbf,38.28632908513699,41.27282972419398
373.0,55.5,0.11679829379734054,0.059255655707862294,1,1,thermal_hocbf,realized_force_cbf,40.086329085136995,43.07282972419398
373.0,57.0,0.11679829379734054,0.059255655707862294,1,1,thermal_hocbf,realized_force_cbf,41.88632908513699,44.87282972419398
373.0,58.5,0.11679829379734054,0.059255655707862294,1,1,thermal_hocbf,realized_force_cbf,43.686329085137,46.67282972419399
373.0,60.0,0.11679829379734054,0.059255655707862294,1,1,thermal_hocbf,realized_force_cbf,45.486329085136994,48.472829724193986
373.0,61.5,0.11679829379734054,0.059255655707862294,1,1,thermal_hocbf,realized_force_cbf,47.28632908513699,50.27282972419398
373.0,63.0,0.11679829379734054,0.059255655707862294,1,1,thermal_hocbf,realized_force_cbf,49.086329085136995,52.07282972419398
373.0,64.5,0.11679829379734054,0.059255655707862294,1,1,thermal_hocbf,realized_force_cbf,50.88632908513699,53.87282972419398
373.0,66.0,0.11679829379734054,0.059255655707862294,1,1,thermal_hocbf,realized_force_cbf,52.686329085137,55.67282972419399
373.0,67.5,0.11679829379734054,0.059255655707862294,1,1,thermal_hocbf,realized_force_cbf,54.486329085136994,57.472829724193986
373.0,69.0,0.11679829379734054,0.059255655707862294,1,1,thermal_hocbf,realized_force_cbf,56.28632908513699,59.27282972419398
373.0,70.5,0.11679829379734054,0.059255655707862294,1,1,thermal_hocbf,realized_force_cbf,58.086329085136995,61.07282972419398
373.0,72.0,0.11679829379734054,0.059255655707862294,1,1,thermal_hocbf,realized_force_cbf,59.88632908513699,62.87282972419398
373.0,73.5,0.11679829379734054,0.059255655707862294,1,1,thermal_hocbf,realized_force_cbf,61.68632908513699,64.67282972419397
373.0,75.0,0.11679829379734054,0.059255655707862294,1,1,thermal_hocbf,realized_force_cbf,63.486329085136994,66.47282972419399
373.0,76.5,0.11679829379734054,0.059255655707862294,1,1,thermal_hocbf,realized_force_cbf,65.286329085137,68.27282972419398
373.0,78.0,0.11679829379734054,0.059255655707862294,1,1,thermal_hocbf,realized_force_cbf,67.086329085137,70.07282972419398
373.0,79.5,0.11679829379734054,0.059255655707862294,1,1,thermal_hocbf,realized_force_cbf,68.88632908513699,71.87282972419398
373.0,81.0,0.11679829379734054,0.059255655707862294,1,1,thermal_hocbf,realized_force_cbf,70.68632908513699,73.67282972419397
373.0,82.5,0.11679829379734054,0.059255655707862294,1,1,thermal_hocbf,realized_force_cbf,72.48632908513699,75.47282972419397
373.0,84.0,0.11679829379734054,0.059255655707862294,1,1,thermal_hocbf,realized_force_cbf,74.286329085137,77.27282972419398
373.0,85.5,0.11679829379734054,0.059255655707862294,1,1,thermal_hocbf,realized_force_cbf,76.086329085137,79.07282972419398
373.0,87.0,0.11679829379734054,0.059255655707862294,1,1,thermal_hocbf,realized_force_cbf,77.88632908513699,80.87282972419398
373.0,88.5,0.11679829379734054,0.059255655707862294,1,1,thermal_hocbf,realized_force_cbf,79.68632908513699,82.67282972419397
373.0,90.0,0.11679829379734054,0.059255655707862294,1,1,thermal_hocbf,realized_force_cbf,81.48632908513699,84.47282972419397
377.0,15.0,-4.517781496861691,-3.0245311773331967,0,0,thermal_hocbf,realized_force_cbf,-9.035562993723381,-6.049062354666393
377.0,16.5,-3.6177814968616904,-2.1245311773331963,0,0,thermal_hocbf,realized_force_cbf,-7.235562993723381,-4.249062354666393
377.0,18.0,-2.71778149686169,-1.224531177333196,0,0,thermal_hocbf,realized_force_cbf,-5.43556299372338,-2.449062354666392
377.0,19.5,-1.8177814968616897,-0.3245311773331956,0,0,thermal_hocbf,realized_force_cbf,-3.6355629937233793,-0.6490623546663912
377.0,21.0,-0.9177814968616902,0.059255655707862294,0,1,thermal_hocbf,realized_force_cbf,-1.8355629937233804,1.1509376453336078
377.0,22.5,-0.01778149686168984,0.059255655707862294,0,1,thermal_hocbf,realized_force_cbf,-0.03556299372337968,2.9509376453336085
377.0,24.0,0.11215927731502152,0.059255655707862294,1,1,thermal_hocbf,realized_force_cbf,1.7644370062766193,4.750937645333607
377.0,25.5,0.11215927731502152,0.059255655707862294,1,1,thermal_hocbf,realized_force_cbf,3.56443700627662,6.550937645333608
377.0,27.0,0.11215927731502152,0.059255655707862294,1,1,thermal_hocbf,realized_force_cbf,5.36443700627662,8.350937645333609
377.0,28.5,0.11215927731502152,0.059255655707862294,1,1,thermal_hocbf,realized_force_cbf,7.16443700627662,10.150937645333608
377.0,30.0,0.11215927731502152,0.059255655707862294,1,1,thermal_hocbf,realized_force_cbf,8.96443700627662,11.950937645333608
377.0,31.5,0.11215927731502152,0.059255655707862294,1,1,thermal_hocbf,realized_force_cbf,10.76443700627662,13.750937645333607
377.0,33.0,0.11215927731502152,0.059255655707862294,1,1,thermal_hocbf,realized_force_cbf,12.56443700627662,15.550937645333608
377.0,34.5,0.11215927731502152,0.059255655707862294,1,1,thermal_hocbf,realized_force_cbf,14.364437006276619,17.35093764533361
377.0,36.0,0.11215927731502152,0.059255655707862294,1,1,thermal_hocbf,realized_force_cbf,16.16443700627662,19.150937645333606
377.0,37.5,0.11215927731502152,0.059255655707862294,1,1,thermal_hocbf,realized_force_cbf,17.96443700627662,20.950937645333607
377.0,39.0,0.11215927731502152,0.059255655707862294,1,1,thermal_hocbf,realized_force_cbf,19.76443700627662,22.750937645333607
377.0,40.5,0.11215927731502152,0.059255655707862294,1,1,thermal_hocbf,realized_force_cbf,21.56443700627662,24.550937645333608
377.0,42.0,0.11215927731502152,0.059255655707862294,1,1,thermal_hocbf,realized_force_cbf,23.36443700627662,26.35093764533361
377.0,43.5,0.11215927731502152,0.059255655707862294,1,1,thermal_hocbf,realized_force_cbf,25.164437006276618,28.150937645333606
377.0,45.0,0.11215927731502152,0.059255655707862294,1,1,thermal_hocbf,realized_force_cbf,26.96443700627662,29.950937645333607
377.0,46.5,0.11215927731502152,0.059255655707862294,1,1,thermal_hocbf,realized_force_cbf,28.76443700627662,31.750937645333607
377.0,48.0,0.11215927731502152,0.059255655707862294,1,1,thermal_hocbf,realized_force_cbf,30.56443700627662,33.550937645333605
377.0,49.5,0.11215927731502152,0.059255655707862294,1,1,thermal_hocbf,realized_force_cbf,32.36443700627662,35.3509376453336
377.0,51.0,0.11215927731502152,0.059255655707862294,1,1,thermal_hocbf,realized_force_cbf,34.16443700627662,37.15093764533361
377.0,52.5,0.11215927731502152,0.059255655707862294,1,1,thermal_hocbf,realized_force_cbf,35.96443700627662,38.95093764533361
377.0,54.0,0.11215927731502152,0.059255655707862294,1,1,thermal_hocbf,realized_force_cbf,37.764437006276616,40.75093764533361
377.0,55.5,0.11215927731502152,0.059255655707862294,1,1,thermal_hocbf,realized_force_cbf,39.56443700627662,42.550937645333605
377.0,57.0,0.11215927731502152,0.059255655707862294,1,1,thermal_hocbf,realized_force_cbf,41.36443700627662,44.3509376453336
377.0,58.5,0.11215927731502152,0.059255655707862294,1,1,thermal_hocbf,realized_force_cbf,43.16443700627662,46.15093764533361
377.0,60.0,0.11215927731502152,0.059255655707862294,1,1,thermal_hocbf,realized_force_cbf,44.96443700627662,47.95093764533361
377.0,61.5,0.11215927731502152,0.059255655707862294,1,1,thermal_hocbf,realized_force_cbf,46.764437006276616,49.75093764533361
377.0,63.0,0.11215927731502152,0.059255655707862294,1,1,thermal_hocbf,realized_force_cbf,48.56443700627662,51.550937645333605
377.0,64.5,0.11215927731502152,0.059255655707862294,1,1,thermal_hocbf,realized_force_cbf,50.36443700627662,53.3509376453336
377.0,66.0,0.11215927731502152,0.059255655707862294,1,1,thermal_hocbf,realized_force_cbf,52.16443700627662,55.15093764533361
377.0,67.5,0.11215927731502152,0.059255655707862294,1,1,thermal_hocbf,realized_force_cbf,53.96443700627662,56.95093764533361
377.0,69.0,0.11215927731502152,0.059255655707862294,1,1,thermal_hocbf,realized_force_cbf,55.764437006276616,58.75093764533361
377.0,70.5,0.11215927731502152,0.059255655707862294,1,1,thermal_hocbf,realized_force_cbf,57.56443700627662,60.550937645333605
377.0,72.0,0.11215927731502152,0.059255655707862294,1,1,thermal_hocbf,realized_force_cbf,59.36443700627662,62.3509376453336
377.0,73.5,0.11215927731502152,0.059255655707862294,1,1,thermal_hocbf,realized_force_cbf,61.164437006276614,64.1509376453336
377.0,75.0,0.11215927731502152,0.059255655707862294,1,1,thermal_hocbf,realized_force_cbf,62.96443700627662,65.95093764533361
377.0,76.5,0.11215927731502152,0.059255655707862294,1,1,thermal_hocbf,realized_force_cbf,64.76443700627662,67.75093764533361
377.0,78.0,0.11215927731502152,0.059255655707862294,1,1,thermal_hocbf,realized_force_cbf,66.56443700627662,69.5509376453336
377.0,79.5,0.11215927731502152,0.059255655707862294,1,1,thermal_hocbf,realized_force_cbf,68.36443700627662,71.3509376453336
377.0,81.0,0.11215927731502152,0.059255655707862294,1,1,thermal_hocbf,realized_force_cbf,70.16443700627661,73.1509376453336
377.0,82.5,0.11215927731502152,0.059255655707862294,1,1,thermal_hocbf,realized_force_cbf,71.96443700627661,74.9509376453336
377.0,84.0,0.11215927731502152,0.059255655707862294,1,1,thermal_hocbf,realized_force_cbf,73.76443700627662,76.75093764533361
377.0,85.5,0.11215927731502152,0.059255655707862294,1,1,thermal_hocbf,realized_force_cbf,75.56443700627662,78.5509376453336
377.0,87.0,0.11215927731502152,0.059255655707862294,1,1,thermal_hocbf,realized_force_cbf,77.36443700627662,80.3509376453336
377.0,88.5,0.11215927731502152,0.059255655707862294,1,1,thermal_hocbf,realized_force_cbf,79.16443700627661,82.1509376453336
377.0,90.0,0.11215927731502152,0.059255655707862294,1,1,thermal_hocbf,realized_force_cbf,80.96443700627661,83.9509376453336
381.0,15.0,-4.778727536291879,-3.285477216763385,0,0,thermal_hocbf,realized_force_cbf,-9.557455072583759,-6.57095443352677
381.0,16.5,-3.878727536291879,-2.385477216763385,0,0,thermal_hocbf,realized_force_cbf,-7.757455072583758,-4.77095443352677
381.0,18.0,-2.9787275362918786,-1.4854772167633845,0,0,thermal_hocbf,realized_force_cbf,-5.957455072583757,-2.970954433526769
381.0,19.5,-2.0787275362918782,-0.5854772167633842,0,0,thermal_hocbf,realized_force_cbf,-4.1574550725837565,-1.1709544335267683
381.0,21.0,-1.1787275362918788,0.059255655707862294,0,1,thermal_hocbf,realized_force_cbf,-2.3574550725837575,0.6290455664732306
381.0,22.5,-0.2787275362918784,0.059255655707862294,0,1,thermal_hocbf,realized_force_cbf,-0.5574550725837568,2.4290455664732313
381.0,24.0,0.10752026083270248,0.059255655707862294,1,1,thermal_hocbf,realized_force_cbf,1.2425449274162421,4.22904556647323
381.0,25.5,0.10752026083270248,0.059255655707862294,1,1,thermal_hocbf,realized_force_cbf,3.042544927416243,6.029045566473231
381.0,27.0,0.10752026083270248,0.059255655707862294,1,1,thermal_hocbf,realized_force_cbf,4.842544927416243,7.829045566473231
381.0,28.5,0.10752026083270248,0.059255655707862294,1,1,thermal_hocbf,realized_force_cbf,6.6425449274162425,9.62904556647323
381.0,30.0,0.10752026083270248,0.059255655707862294,1,1,thermal_hocbf,realized_force_cbf,8.442544927416243,11.429045566473231
381.0,31.5,0.10752026083270248,0.059255655707862294,1,1,thermal_hocbf,realized_force_cbf,10.242544927416242,13.22904556647323
381.0,33.0,0.10752026083270248,0.059255655707862294,1,1,thermal_hocbf,realized_force_cbf,12.042544927416243,15.029045566473231
381.0,34.5,0.10752026083270248,0.059255655707862294,1,1,thermal_hocbf,realized_force_cbf,13.842544927416242,16.82904556647323
381.0,36.0,0.10752026083270248,0.059255655707862294,1,1,thermal_hocbf,realized_force_cbf,15.642544927416242,18.62904556647323
381.0,37.5,0.10752026083270248,0.059255655707862294,1,1,thermal_hocbf,realized_force_cbf,17.442544927416243,20.429045566473228
381.0,39.0,0.10752026083270248,0.059255655707862294,1,1,thermal_hocbf,realized_force_cbf,19.24254492741624,22.229045566473232
381.0,40.5,0.10752026083270248,0.059255655707862294,1,1,thermal_hocbf,realized_force_cbf,21.042544927416245,24.02904556647323
381.0,42.0,0.10752026083270248,0.059255655707862294,1,1,thermal_hocbf,realized_force_cbf,22.84254492741624,25.829045566473233
381.0,43.5,0.10752026083270248,0.059255655707862294,1,1,thermal_hocbf,realized_force_cbf,24.64254492741624,27.62904556647323
381.0,45.0,0.10752026083270248,0.059255655707862294,1,1,thermal_hocbf,realized_force_cbf,26.442544927416243,29.429045566473228
381.0,46.5,0.10752026083270248,0.059255655707862294,1,1,thermal_hocbf,realized_force_cbf,28.24254492741624,31.229045566473232
381.0,48.0,0.10752026083270248,0.059255655707862294,1,1,thermal_hocbf,realized_force_cbf,30.042544927416245,33.02904556647323
381.0,49.5,0.10752026083270248,0.059255655707862294,1,1,thermal_hocbf,realized_force_cbf,31.84254492741624,34.829045566473226
381.0,51.0,0.10752026083270248,0.059255655707862294,1,1,thermal_hocbf,realized_force_cbf,33.642544927416246,36.62904556647323
381.0,52.5,0.10752026083270248,0.059255655707862294,1,1,thermal_hocbf,realized_force_cbf,35.44254492741624,38.42904556647323
381.0,54.0,0.10752026083270248,0.059255655707862294,1,1,thermal_hocbf,realized_force_cbf,37.24254492741624,40.229045566473225
381.0,55.5,0.10752026083270248,0.059255655707862294,1,1,thermal_hocbf,realized_force_cbf,39.042544927416245,42.02904556647323
381.0,57.0,0.10752026083270248,0.059255655707862294,1,1,thermal_hocbf,realized_force_cbf,40.84254492741624,43.829045566473226
381.0,58.5,0.10752026083270248,0.059255655707862294,1,1,thermal_hocbf,realized_force_cbf,42.642544927416246,45.62904556647323
381.0,60.0,0.10752026083270248,0.059255655707862294,1,1,thermal_hocbf,realized_force_cbf,44.44254492741624,47.42904556647323
381.0,61.5,0.10752026083270248,0.059255655707862294,1,1,thermal_hocbf,realized_force_cbf,46.24254492741624,49.229045566473225
381.0,63.0,0.10752026083270248,0.059255655707862294,1,1,thermal_hocbf,realized_force_cbf,48.042544927416245,51.02904556647323
381.0,64.5,0.10752026083270248,0.059255655707862294,1,1,thermal_hocbf,realized_force_cbf,49.84254492741624,52.829045566473226
381.0,66.0,0.10752026083270248,0.059255655707862294,1,1,thermal_hocbf,realized_force_cbf,51.642544927416246,54.62904556647323
381.0,67.5,0.10752026083270248,0.059255655707862294,1,1,thermal_hocbf,realized_force_cbf,53.44254492741624,56.42904556647323
381.0,69.0,0.10752026083270248,0.059255655707862294,1,1,thermal_hocbf,realized_force_cbf,55.24254492741624,58.229045566473225
381.0,70.5,0.10752026083270248,0.059255655707862294,1,1,thermal_hocbf,realized_force_cbf,57.042544927416245,60.02904556647323
381.0,72.0,0.10752026083270248,0.059255655707862294,1,1,thermal_hocbf,realized_force_cbf,58.84254492741624,61.829045566473226
381.0,73.5,0.10752026083270248,0.059255655707862294,1,1,thermal_hocbf,realized_force_cbf,60.64254492741624,63.62904556647322
381.0,75.0,0.10752026083270248,0.059255655707862294,1,1,thermal_hocbf,realized_force_cbf,62.44254492741624,65.42904556647323
381.0,76.5,0.10752026083270248,0.059255655707862294,1,1,thermal_hocbf,realized_force_cbf,64.24254492741625,67.22904556647323
381.0,78.0,0.10752026083270248,0.059255655707862294,1,1,thermal_hocbf,realized_force_cbf,66.04254492741624,69.02904556647323
381.0,79.5,0.10752026083270248,0.059255655707862294,1,1,thermal_hocbf,realized_force_cbf,67.84254492741624,70.82904556647323
381.0,81.0,0.10752026083270248,0.059255655707862294,1,1,thermal_hocbf,realized_force_cbf,69.64254492741624,72.62904556647322
381.0,82.5,0.10752026083270248,0.059255655707862294,1,1,thermal_hocbf,realized_force_cbf,71.44254492741624,74.42904556647322
381.0,84.0,0.10752026083270248,0.059255655707862294,1,1,thermal_hocbf,realized_force_cbf,73.24254492741625,76.22904556647323
381.0,85.5,0.10752026083270248,0.059255655707862294,1,1,thermal_hocbf,realized_force_cbf,75.04254492741624,78.02904556647323
381.0,87.0,0.10752026083270248,0.059255655707862294,1,1,thermal_hocbf,realized_force_cbf,76.84254492741624,79.82904556647323
381.0,88.5,0.10752026083270248,0.059255655707862294,1,1,thermal_hocbf,realized_force_cbf,78.64254492741624,81.62904556647322
381.0,90.0,0.10752026083270248,0.059255655707862294,1,1,thermal_hocbf,realized_force_cbf,80.44254492741624,83.42904556647322
385.0,15.0,-5.039673575722067,-3.546423256193573,0,0,thermal_hocbf,realized_force_cbf,-10.079347151444134,-7.092846512387146
385.0,16.5,-4.139673575722067,-2.6464232561935725,0,0,thermal_hocbf,realized_force_cbf,-8.279347151444133,-5.292846512387145
385.0,18.0,-3.2396735757220663,-1.7464232561935722,0,0,thermal_hocbf,realized_force_cbf,-6.4793471514441325,-3.4928465123871444
385.0,19.5,-2.339673575722066,-0.8464232561935718,0,0,thermal_hocbf,realized_force_cbf,-4.679347151444132,-1.6928465123871437
385.0,21.0,-1.4396735757220664,0.05357674380642763,0,1,thermal_hocbf,realized_force_cbf,-2.879347151444133,0.10715348761285526
385.0,22.5,-0.5396735757220661,0.059255655707862294,0,1,thermal_hocbf,realized_force_cbf,-1.0793471514441322,1.907153487612856
385.0,24.0,0.10288124435038344,0.059255655707862294,1,1,thermal_hocbf,realized_force_cbf,0.7206528485558668,3.707153487612855
385.0,25.5,0.10288124435038344,0.059255655707862294,1,1,thermal_hocbf,realized_force_cbf,2.5206528485558675,5.507153487612856
385.0,27.0,0.10288124435038344,0.059255655707862294,1,1,thermal_hocbf,realized_force_cbf,4.320652848555867,7.307153487612855
385.0,28.5,0.10288124435038344,0.059255655707862294,1,1,thermal_hocbf,realized_force_cbf,6.120652848555867,9.107153487612855
385.0,30.0,0.10288124435038344,0.059255655707862294,1,1,thermal_hocbf,realized_force_cbf,7.920652848555868,10.907153487612856
385.0,31.5,0.10288124435038344,0.059255655707862294,1,1,thermal_hocbf,realized_force_cbf,9.720652848555867,12.707153487612855
385.0,33.0,0.10288124435038344,0.059255655707862294,1,1,thermal_hocbf,realized_force_cbf,11.520652848555867,14.507153487612856
385.0,34.5,0.10288124435038344,0.059255655707862294,1,1,thermal_hocbf,realized_force_cbf,13.320652848555866,16.307153487612855
385.0,36.0,0.10288124435038344,0.059255655707862294,1,1,thermal_hocbf,realized_force_cbf,15.120652848555867,18.107153487612855
385.0,37.5,0.10288124435038344,0.059255655707862294,1,1,thermal_hocbf,realized_force_cbf,16.920652848555868,19.907153487612852
385.0,39.0,0.10288124435038344,0.059255655707862294,1,1,thermal_hocbf,realized_force_cbf,18.720652848555865,21.707153487612857
385.0,40.5,0.10288124435038344,0.059255655707862294,1,1,thermal_hocbf,realized_force_cbf,20.52065284855587,23.507153487612854
385.0,42.0,0.10288124435038344,0.059255655707862294,1,1,thermal_hocbf,realized_force_cbf,22.320652848555866,25.307153487612858
385.0,43.5,0.10288124435038344,0.059255655707862294,1,1,thermal_hocbf,realized_force_cbf,24.120652848555864,27.107153487612855
385.0,45.0,0.10288124435038344,0.059255655707862294,1,1,thermal_hocbf,realized_force_cbf,25.920652848555868,28.907153487612852
385.0,46.5,0.10288124435038344,0.059255655707862294,1,1,thermal_hocbf,realized_force_cbf,27.720652848555865,30.707153487612857
385.0,48.0,0.10288124435038344,0.059255655707862294,1,1,thermal_hocbf,realized_force_cbf,29.52065284855587,32.507153487612854
385.0,49.5,0.10288124435038344,0.059255655707862294,1,1,thermal_hocbf,realized_force_cbf,31.320652848555866,34.30715348761285
385.0,51.0,0.10288124435038344,0.059255655707862294,1,1,thermal_hocbf,realized_force_cbf,33.12065284855587,36.107153487612855
385.0,52.5,0.10288124435038344,0.059255655707862294,1,1,thermal_hocbf,realized_force_cbf,34.92065284855587,37.90715348761285
385.0,54.0,0.10288124435038344,0.059255655707862294,1,1,thermal_hocbf,realized_force_cbf,36.720652848555865,39.70715348761285
385.0,55.5,0.10288124435038344,0.059255655707862294,1,1,thermal_hocbf,realized_force_cbf,38.52065284855587,41.507153487612854
385.0,57.0,0.10288124435038344,0.059255655707862294,1,1,thermal_hocbf,realized_force_cbf,40.320652848555866,43.30715348761285
385.0,58.5,0.10288124435038344,0.059255655707862294,1,1,thermal_hocbf,realized_force_cbf,42.12065284855587,45.107153487612855
385.0,60.0,0.10288124435038344,0.059255655707862294,1,1,thermal_hocbf,realized_force_cbf,43.92065284855587,46.90715348761285
385.0,61.5,0.10288124435038344,0.059255655707862294,1,1,thermal_hocbf,realized_force_cbf,45.720652848555865,48.70715348761285
385.0,63.0,0.10288124435038344,0.059255655707862294,1,1,thermal_hocbf,realized_force_cbf,47.52065284855587,50.507153487612854
385.0,64.5,0.10288124435038344,0.059255655707862294,1,1,thermal_hocbf,realized_force_cbf,49.320652848555866,52.30715348761285
385.0,66.0,0.10288124435038344,0.059255655707862294,1,1,thermal_hocbf,realized_force_cbf,51.12065284855587,54.107153487612855
385.0,67.5,0.10288124435038344,0.059255655707862294,1,1,thermal_hocbf,realized_force_cbf,52.92065284855587,55.90715348761285
385.0,69.0,0.10288124435038344,0.059255655707862294,1,1,thermal_hocbf,realized_force_cbf,54.720652848555865,57.70715348761285
385.0,70.5,0.10288124435038344,0.059255655707862294,1,1,thermal_hocbf,realized_force_cbf,56.52065284855587,59.507153487612854
385.0,72.0,0.10288124435038344,0.059255655707862294,1,1,thermal_hocbf,realized_force_cbf,58.320652848555866,61.30715348761285
385.0,73.5,0.10288124435038344,0.059255655707862294,1,1,thermal_hocbf,realized_force_cbf,60.120652848555864,63.10715348761285
385.0,75.0,0.10288124435038344,0.059255655707862294,1,1,thermal_hocbf,realized_force_cbf,61.92065284855587,64.90715348761286
385.0,76.5,0.10288124435038344,0.059255655707862294,1,1,thermal_hocbf,realized_force_cbf,63.72065284855587,66.70715348761286
385.0,78.0,0.10288124435038344,0.059255655707862294,1,1,thermal_hocbf,realized_force_cbf,65.52065284855587,68.50715348761285
385.0,79.5,0.10288124435038344,0.059255655707862294,1,1,thermal_hocbf,realized_force_cbf,67.32065284855587,70.30715348761285
385.0,81.0,0.10288124435038344,0.059255655707862294,1,1,thermal_hocbf,realized_force_cbf,69.12065284855586,72.10715348761285
385.0,82.5,0.10288124435038344,0.059255655707862294,1,1,thermal_hocbf,realized_force_cbf,70.92065284855586,73.90715348761285
385.0,84.0,0.10288124435038344,0.059255655707862294,1,1,thermal_hocbf,realized_force_cbf,72.72065284855587,75.70715348761286
385.0,85.5,0.10288124435038344,0.059255655707862294,1,1,thermal_hocbf,realized_force_cbf,74.52065284855587,77.50715348761285
385.0,87.0,0.10288124435038344,0.059255655707862294,1,1,thermal_hocbf,realized_force_cbf,76.32065284855587,79.30715348761285
385.0,88.5,0.10288124435038344,0.059255655707862294,1,1,thermal_hocbf,realized_force_cbf,78.12065284855586,81.10715348761285
385.0,90.0,0.10288124435038344,0.059255655707862294,1,1,thermal_hocbf,realized_force_cbf,79.92065284855586,82.90715348761285
389.0,15.0,-5.3006196151522555,-3.8073692956237615,0,0,thermal_hocbf,realized_force_cbf,-10.601239230304511,-7.614738591247523
389.0,16.5,-4.400619615152255,-2.907369295623761,0,0,thermal_hocbf,realized_force_cbf,-8.80123923030451,-5.814738591247522
389.0,18.0,-3.500619615152255,-2.0073692956237608,0,0,thermal_hocbf,realized_force_cbf,-7.00123923030451,-4.0147385912475215
389.0,19.5,-2.6006196151522545,-1.1073692956237604,0,0,thermal_hocbf,realized_force_cbf,-5.201239230304509,-2.214738591247521
389.0,21.0,-1.700619615152255,-0.20736929562376094,0,0,thermal_hocbf,realized_force_cbf,-3.40123923030451,-0.4147385912475219
389.0,22.5,-0.8006196151522547,0.059255655707862294,0,1,thermal_hocbf,realized_force_cbf,-1.6012392303045093,1.3852614087524788
389.0,24.0,0.0982422278680644,0.059255655707862294,1,1,thermal_hocbf,realized_force_cbf,0.19876076969548961,3.1852614087524778
389.0,25.5,0.0982422278680644,0.059255655707862294,1,1,thermal_hocbf,realized_force_cbf,1.9987607696954903,4.9852614087524785
389.0,27.0,0.0982422278680644,0.059255655707862294,1,1,thermal_hocbf,realized_force_cbf,3.79876076969549,6.785261408752478
389.0,28.5,0.0982422278680644,0.059255655707862294,1,1,thermal_hocbf,realized_force_cbf,5.59876076969549,8.585261408752478
389.0,30.0,0.0982422278680644,0.059255655707862294,1,1,thermal_hocbf,realized_force_cbf,7.398760769695491,10.385261408752479
389.0,31.5,0.0982422278680644,0.059255655707862294,1,1,thermal_hocbf,realized_force_cbf,9.19876076969549,12.185261408752478
389.0,33.0,0.0982422278680644,0.059255655707862294,1,1,thermal_hocbf,realized_force_cbf,10.99876076969549,13.985261408752478
389.0,34.5,0.0982422278680644,0.059255655707862294,1,1,thermal_hocbf,realized_force_cbf,12.79876076969549,15.785261408752477
389.0,36.0,0.0982422278680644,0.059255655707862294,1,1,thermal_hocbf,realized_force_cbf,14.59876076969549,17.58526140875248
389.0,37.5,0.0982422278680644,0.059255655707862294,1,1,thermal_hocbf,realized_force_cbf,16.39876076969549,19.385261408752477
389.0,39.0,0.0982422278680644,0.059255655707862294,1,1,thermal_hocbf,realized_force_cbf,18.19876076969549,21.185261408752478
389.0,40.5,0.0982422278680644,0.059255655707862294,1,1,thermal_hocbf,realized_force_cbf,19.99876076969549,22.98526140875248
389.0,42.0,0.0982422278680644,0.059255655707862294,1,1,thermal_hocbf,realized_force_cbf,21.79876076969549,24.78526140875248
389.0,43.5,0.0982422278680644,0.059255655707862294,1,1,thermal_hocbf,realized_force_cbf,23.598760769695488,26.585261408752476
389.0,45.0,0.0982422278680644,0.059255655707862294,1,1,thermal_hocbf,realized_force_cbf,25.39876076969549,28.385261408752477
389.0,46.5,0.0982422278680644,0.059255655707862294,1,1,thermal_hocbf,realized_force_cbf,27.19876076969549,30.185261408752478
389.0,48.0,0.0982422278680644,0.059255655707862294,1,1,thermal_hocbf,realized_force_cbf,28.99876076969549,31.98526140875248
389.0,49.5,0.0982422278680644,0.059255655707862294,1,1,thermal_hocbf,realized_force_cbf,30.798760769695487,33.785261408752476
389.0,51.0,0.0982422278680644,0.059255655707862294,1,1,thermal_hocbf,realized_force_cbf,32.59876076969549,35.58526140875248
389.0,52.5,0.0982422278680644,0.059255655707862294,1,1,thermal_hocbf,realized_force_cbf,34.398760769695485,37.38526140875248
389.0,54.0,0.0982422278680644,0.059255655707862294,1,1,thermal_hocbf,realized_force_cbf,36.19876076969548,39.185261408752474
389.0,55.5,0.0982422278680644,0.059255655707862294,1,1,thermal_hocbf,realized_force_cbf,37.998760769695494,40.98526140875248
389.0,57.0,0.0982422278680644,0.059255655707862294,1,1,thermal_hocbf,realized_force_cbf,39.79876076969549,42.785261408752476
389.0,58.5,0.0982422278680644,0.059255655707862294,1,1,thermal_hocbf,realized_force_cbf,41.59876076969549,44.58526140875248
389.0,60.0,0.0982422278680644,0.059255655707862294,1,1,thermal_hocbf,realized_force_cbf,43.398760769695485,46.38526140875248
389.0,61.5,0.0982422278680644,0.059255655707862294,1,1,thermal_hocbf,realized_force_cbf,45.19876076969548,48.185261408752474
389.0,63.0,0.0982422278680644,0.059255655707862294,1,1,thermal_hocbf,realized_force_cbf,46.998760769695494,49.98526140875248
389.0,64.5,0.0982422278680644,0.059255655707862294,1,1,thermal_hocbf,realized_force_cbf,48.79876076969549,51.785261408752476
389.0,66.0,0.0982422278680644,0.059255655707862294,1,1,thermal_hocbf,realized_force_cbf,50.59876076969549,53.58526140875248
389.0,67.5,0.0982422278680644,0.059255655707862294,1,1,thermal_hocbf,realized_force_cbf,52.398760769695485,55.38526140875248
389.0,69.0,0.0982422278680644,0.059255655707862294,1,1,thermal_hocbf,realized_force_cbf,54.19876076969548,57.185261408752474
389.0,70.5,0.0982422278680644,0.059255655707862294,1,1,thermal_hocbf,realized_force_cbf,55.998760769695494,58.98526140875248
389.0,72.0,0.0982422278680644,0.059255655707862294,1,1,thermal_hocbf,realized_force_cbf,57.79876076969549,60.785261408752476
389.0,73.5,0.0982422278680644,0.059255655707862294,1,1,thermal_hocbf,realized_force_cbf,59.59876076969549,62.58526140875247
389.0,75.0,0.0982422278680644,0.059255655707862294,1,1,thermal_hocbf,realized_force_cbf,61.398760769695485,64.38526140875248
389.0,76.5,0.0982422278680644,0.059255655707862294,1,1,thermal_hocbf,realized_force_cbf,63.1987607696955,66.18526140875248
389.0,78.0,0.0982422278680644,0.059255655707862294,1,1,thermal_hocbf,realized_force_cbf,64.9987607696955,67.98526140875248
389.0,79.5,0.0982422278680644,0.059255655707862294,1,1,thermal_hocbf,realized_force_cbf,66.79876076969549,69.78526140875248
389.0,81.0,0.0982422278680644,0.059255655707862294,1,1,thermal_hocbf,realized_force_cbf,68.59876076969549,71.58526140875247
389.0,82.5,0.0982422278680644,0.059255655707862294,1,1,thermal_hocbf,realized_force_cbf,70.39876076969549,73.38526140875247
389.0,84.0,0.0982422278680644,0.059255655707862294,1,1,thermal_hocbf,realized_force_cbf,72.1987607696955,75.18526140875248
389.0,85.5,0.0982422278680644,0.059255655707862294,1,1,thermal_hocbf,realized_force_cbf,73.9987607696955,76.98526140875248
389.0,87.0,0.0982422278680644,0.059255655707862294,1,1,thermal_hocbf,realized_force_cbf,75.79876076969549,78.78526140875248
389.0,88.5,0.0982422278680644,0.059255655707862294,1,1,thermal_hocbf,realized_force_cbf,77.59876076969549,80.58526140875247
389.0,90.0,0.0982422278680644,0.059255655707862294,1,1,thermal_hocbf,realized_force_cbf,79.39876076969549,82.38526140875247
393.0,15.0,-5.561565654582442,-4.068315335053948,0,0,thermal_hocbf,realized_force_cbf,-11.123131309164885,-8.136630670107897
393.0,16.5,-4.661565654582442,-3.168315335053948,0,0,thermal_hocbf,realized_force_cbf,-9.323131309164884,-6.336630670107896
393.0,18.0,-3.7615656545824416,-2.2683153350539476,0,0,thermal_hocbf,realized_force_cbf,-7.523131309164883,-4.536630670107895
393.0,19.5,-2.8615656545824413,-1.3683153350539472,0,0,thermal_hocbf,realized_force_cbf,-5.7231313091648826,-2.7366306701078944
393.0,21.0,-1.9615656545824418,-0.46831533505394773,0,0,thermal_hocbf,realized_force_cbf,-3.9231313091648836,-0.9366306701078955
393.0,22.5,-1.0615656545824415,0.059255655707862294,0,1,thermal_hocbf,realized_force_cbf,-2.123131309164883,0.8633693298921052
393.0,24.0,-0.161565654582442,0.059255655707862294,0,1,thermal_hocbf,realized_force_cbf,-0.323131309164884,2.663369329892104
393.0,25.5,0.09360321138574539,0.059255655707862294,1,1,thermal_hocbf,realized_force_cbf,1.4768686908351167,4.463369329892105
393.0,27.0,0.09360321138574539,0.059255655707862294,1,1,thermal_hocbf,realized_force_cbf,3.2768686908351166,6.263369329892105
393.0,28.5,0.09360321138574539,0.059255655707862294,1,1,thermal_hocbf,realized_force_cbf,5.076868690835116,8.063369329892105
393.0,30.0,0.09360321138574539,0.059255655707862294,1,1,thermal_hocbf,realized_force_cbf,6.876868690835117,9.863369329892105
393.0,31.5,0.09360321138574539,0.059255655707862294,1,1,thermal_hocbf,realized_force_cbf,8.676868690835116,11.663369329892104
393.0,33.0,0.09360321138574539,0.059255655707862294,1,1,thermal_hocbf,realized_force_cbf,10.476868690835117,13.463369329892105
393.0,34.5,0.09360321138574539,0.059255655707862294,1,1,thermal_hocbf,realized_force_cbf,12.276868690835116,15.263369329892104
393.0,36.0,0.09360321138574539,0.059255655707862294,1,1,thermal_hocbf,realized_force_cbf,14.076868690835116,17.063369329892105
393.0,37.5,0.09360321138574539,0.059255655707862294,1,1,thermal_hocbf,realized_force_cbf,15.876868690835115,18.8633693298921
393.0,39.0,0.09360321138574539,0.059255655707862294,1,1,thermal_hocbf,realized_force_cbf,17.676868690835114,20.663369329892106
393.0,40.5,0.09360321138574539,0.059255655707862294,1,1,thermal_hocbf,realized_force_cbf,19.47686869083512,22.463369329892103
393.0,42.0,0.09360321138574539,0.059255655707862294,1,1,thermal_hocbf,realized_force_cbf,21.276868690835116,24.263369329892107
393.0,43.5,0.09360321138574539,0.059255655707862294,1,1,thermal_hocbf,realized_force_cbf,23.076868690835113,26.063369329892105
393.0,45.0,0.09360321138574539,0.059255655707862294,1,1,thermal_hocbf,realized_force_cbf,24.876868690835117,27.8633693298921
393.0,46.5,0.09360321138574539,0.059255655707862294,1,1,thermal_hocbf,realized_force_cbf,26.676868690835114,29.663369329892106
393.0,48.0,0.09360321138574539,0.059255655707862294,1,1,thermal_hocbf,realized_force_cbf,28.47686869083512,31.463369329892103
393.0,49.5,0.09360321138574539,0.059255655707862294,1,1,thermal_hocbf,realized_force_cbf,30.276868690835116,33.2633693298921
393.0,51.0,0.09360321138574539,0.059255655707862294,1,1,thermal_hocbf,realized_force_cbf,32.07686869083512,35.063369329892105
393.0,52.5,0.09360321138574539,0.059255655707862294,1,1,thermal_hocbf,realized_force_cbf,33.87686869083512,36.8633693298921
393.0,54.0,0.09360321138574539,0.059255655707862294,1,1,thermal_hocbf,realized_force_cbf,35.676868690835114,38.6633693298921
393.0,55.5,0.09360321138574539,0.059255655707862294,1,1,thermal_hocbf,realized_force_cbf,37.47686869083512,40.4633693298921
393.0,57.0,0.09360321138574539,0.059255655707862294,1,1,thermal_hocbf,realized_force_cbf,39.276868690835116,42.2633693298921
393.0,58.5,0.09360321138574539,0.059255655707862294,1,1,thermal_hocbf,realized_force_cbf,41.07686869083512,44.063369329892105
393.0,60.0,0.09360321138574539,0.059255655707862294,1,1,thermal_hocbf,realized_force_cbf,42.87686869083512,45.8633693298921
393.0,61.5,0.09360321138574539,0.059255655707862294,1,1,thermal_hocbf,realized_force_cbf,44.676868690835114,47.6633693298921
393.0,63.0,0.09360321138574539,0.059255655707862294,1,1,thermal_hocbf,realized_force_cbf,46.47686869083512,49.4633693298921
393.0,64.5,0.09360321138574539,0.059255655707862294,1,1,thermal_hocbf,realized_force_cbf,48.276868690835116,51.2633693298921
393.0,66.0,0.09360321138574539,0.059255655707862294,1,1,thermal_hocbf,realized_force_cbf,50.07686869083512,53.063369329892105
393.0,67.5,0.09360321138574539,0.059255655707862294,1,1,thermal_hocbf,realized_force_cbf,51.87686869083512,54.8633693298921
393.0,69.0,0.09360321138574539,0.059255655707862294,1,1,thermal_hocbf,realized_force_cbf,53.676868690835114,56.6633693298921
393.0,70.5,0.09360321138574539,0.059255655707862294,1,1,thermal_hocbf,realized_force_cbf,55.47686869083512,58.4633693298921
393.0,72.0,0.09360321138574539,0.059255655707862294,1,1,thermal_hocbf,realized_force_cbf,57.276868690835116,60.2633693298921
393.0,73.5,0.09360321138574539,0.059255655707862294,1,1,thermal_hocbf,realized_force_cbf,59.07686869083511,62.0633693298921
393.0,75.0,0.09360321138574539,0.059255655707862294,1,1,thermal_hocbf,realized_force_cbf,60.87686869083512,63.8633693298921
393.0,76.5,0.09360321138574539,0.059255655707862294,1,1,thermal_hocbf,realized_force_cbf,62.67686869083512,65.6633693298921
393.0,78.0,0.09360321138574539,0.059255655707862294,1,1,thermal_hocbf,realized_force_cbf,64.47686869083512,67.4633693298921
393.0,79.5,0.09360321138574539,0.059255655707862294,1,1,thermal_hocbf,realized_force_cbf,66.27686869083512,69.2633693298921
393.0,81.0,0.09360321138574539,0.059255655707862294,1,1,thermal_hocbf,realized_force_cbf,68.07686869083511,71.0633693298921
393.0,82.5,0.09360321138574539,0.059255655707862294,1,1,thermal_hocbf,realized_force_cbf,69.87686869083511,72.8633693298921
393.0,84.0,0.09360321138574539,0.059255655707862294,1,1,thermal_hocbf,realized_force_cbf,71.67686869083512,74.6633693298921
393.0,85.5,0.09360321138574539,0.059255655707862294,1,1,thermal_hocbf,realized_force_cbf,73.47686869083512,76.4633693298921
393.0,87.0,0.09360321138574539,0.059255655707862294,1,1,thermal_hocbf,realized_force_cbf,75.27686869083512,78.2633693298921
393.0,88.5,0.09360321138574539,0.059255655707862294,1,1,thermal_hocbf,realized_force_cbf,77.07686869083511,80.0633693298921
393.0,90.0,0.09360321138574539,0.059255655707862294,1,1,thermal_hocbf,realized_force_cbf,78.87686869083511,81.8633693298921
397.0,15.0,-5.822511694012629,-4.329261374484135,0,0,thermal_hocbf,realized_force_cbf,-11.645023388025258,-8.65852274896827
397.0,16.5,-4.922511694012629,-3.4292613744841347,0,0,thermal_hocbf,realized_force_cbf,-9.845023388025258,-6.858522748968269
397.0,18.0,-4.022511694012628,-2.5292613744841344,0,0,thermal_hocbf,realized_force_cbf,-8.045023388025257,-5.058522748968269
397.0,19.5,-3.122511694012628,-1.629261374484134,0,0,thermal_hocbf,realized_force_cbf,-6.245023388025256,-3.258522748968268
397.0,21.0,-2.2225116940126286,-0.7292613744841345,0,0,thermal_hocbf,realized_force_cbf,-4.445023388025257,-1.458522748968269
397.0,22.5,-1.3225116940126282,0.059255655707862294,0,1,thermal_hocbf,realized_force_cbf,-2.6450233880252565,0.34147725103173165
397.0,24.0,-0.4225116940126288,0.059255655707862294,0,1,thermal_hocbf,realized_force_cbf,-0.8450233880252576,2.1414772510317306
397.0,25.5,0.08896419490342636,0.059255655707862294,1,1,thermal_hocbf,realized_force_cbf,0.9549766119747432,3.9414772510317313
397.0,27.0,0.08896419490342636,0.059255655707862294,1,1,thermal_hocbf,realized_force_cbf,2.754976611974743,5.741477251031731
397.0,28.5,0.08896419490342636,0.059255655707862294,1,1,thermal_hocbf,realized_force_cbf,4.554976611974743,7.541477251031731
397.0,30.0,0.08896419490342636,0.059255655707862294,1,1,thermal_hocbf,realized_force_cbf,6.3549766119747435,9.341477251031732
397.0,31.5,0.08896419490342636,0.059255655707862294,1,1,thermal_hocbf,realized_force_cbf,8.154976611974742,11.14147725103173
397.0,33.0,0.08896419490342636,0.059255655707862294,1,1,thermal_hocbf,realized_force_cbf,9.954976611974743,12.941477251031731
397.0,34.5,0.08896419490342636,0.059255655707862294,1,1,thermal_hocbf,realized_force_cbf,11.754976611974742,14.74147725103173
397.0,36.0,0.08896419490342636,0.059255655707862294,1,1,thermal_hocbf,realized_force_cbf,13.554976611974743,16.54147725103173
397.0,37.5,0.08896419490342636,0.059255655707862294,1,1,thermal_hocbf,realized_force_cbf,15.354976611974742,18.34147725103173
397.0,39.0,0.08896419490342636,0.059255655707862294,1,1,thermal_hocbf,realized_force_cbf,17.154976611974742,20.14147725103173
397.0,40.5,0.08896419490342636,0.059255655707862294,1,1,thermal_hocbf,realized_force_cbf,18.954976611974743,21.94147725103173
397.0,42.0,0.08896419490342636,0.059255655707862294,1,1,thermal_hocbf,realized_force_cbf,20.754976611974744,23.741477251031732
397.0,43.5,0.08896419490342636,0.059255655707862294,1,1,thermal_hocbf,realized_force_cbf,22.55497661197474,25.54147725103173
397.0,45.0,0.08896419490342636,0.059255655707862294,1,1,thermal_hocbf,realized_force_cbf,24.35497661197474,27.34147725103173
397.0,46.5,0.08896419490342636,0.059255655707862294,1,1,thermal_hocbf,realized_force_cbf,26.154976611974742,29.14147725103173
397.0,48.0,0.08896419490342636,0.059255655707862294,1,1,thermal_hocbf,realized_force_cbf,27.954976611974743,30.94147725103173
397.0,49.5,0.08896419490342636,0.059255655707862294,1,1,thermal_hocbf,realized_force_cbf,29.75497661197474,32.741477251031725
397.0,51.0,0.08896419490342636,0.059255655707862294,1,1,thermal_hocbf,realized_force_cbf,31.554976611974745,34.541477251031736
397.0,52.5,0.08896419490342636,0.059255655707862294,1,1,thermal_hocbf,realized_force_cbf,33.35497661197474,36.34147725103173
397.0,54.0,0.08896419490342636,0.059255655707862294,1,1,thermal_hocbf,realized_force_cbf,35.15497661197474,38.14147725103173
397.0,55.5,0.08896419490342636,0.059255655707862294,1,1,thermal_hocbf,realized_force_cbf,36.95497661197474,39.94147725103173
397.0,57.0,0.08896419490342636,0.059255655707862294,1,1,thermal_hocbf,realized_force_cbf,38.75497661197474,41.741477251031725
397.0,58.5,0.08896419490342636,0.059255655707862294,1,1,thermal_hocbf,realized_force_cbf,40.554976611974745,43.541477251031736
397.0,60.0,0.08896419490342636,0.059255655707862294,1,1,thermal_hocbf,realized_force_cbf,42.35497661197474,45.34147725103173
397.0,61.5,0.08896419490342636,0.059255655707862294,1,1,thermal_hocbf,realized_force_cbf,44.15497661197474,47.14147725103173
397.0,63.0,0.08896419490342636,0.059255655707862294,1,1,thermal_hocbf,realized_force_cbf,45.95497661197474,48.94147725103173
397.0,64.5,0.08896419490342636,0.059255655707862294,1,1,thermal_hocbf,realized_force_cbf,47.75497661197474,50.741477251031725
397.0,66.0,0.08896419490342636,0.059255655707862294,1,1,thermal_hocbf,realized_force_cbf,49.554976611974745,52.541477251031736
397.0,67.5,0.08896419490342636,0.059255655707862294,1,1,thermal_hocbf,realized_force_cbf,51.35497661197474,54.34147725103173
397.0,69.0,0.08896419490342636,0.059255655707862294,1,1,thermal_hocbf,realized_force_cbf,53.15497661197474,56.14147725103173
397.0,70.5,0.08896419490342636,0.059255655707862294,1,1,thermal_hocbf,realized_force_cbf,54.95497661197474,57.94147725103173
397.0,72.0,0.08896419490342636,0.059255655707862294,1,1,thermal_hocbf,realized_force_cbf,56.75497661197474,59.741477251031725
397.0,73.5,0.08896419490342636,0.059255655707862294,1,1,thermal_hocbf,realized_force_cbf,58.55497661197474,61.54147725103172
397.0,75.0,0.08896419490342636,0.059255655707862294,1,1,thermal_hocbf,realized_force_cbf,60.35497661197474,63.34147725103173
397.0,76.5,0.08896419490342636,0.059255655707862294,1,1,thermal_hocbf,realized_force_cbf,62.154976611974746,65.14147725103173
397.0,78.0,0.08896419490342636,0.059255655707862294,1,1,thermal_hocbf,realized_force_cbf,63.95497661197474,66.94147725103173
397.0,79.5,0.08896419490342636,0.059255655707862294,1,1,thermal_hocbf,realized_force_cbf,65.75497661197474,68.74147725103172
397.0,81.0,0.08896419490342636,0.059255655707862294,1,1,thermal_hocbf,realized_force_cbf,67.55497661197474,70.54147725103172
397.0,82.5,0.08896419490342636,0.059255655707862294,1,1,thermal_hocbf,realized_force_cbf,69.35497661197473,72.34147725103172
397.0,84.0,0.08896419490342636,0.059255655707862294,1,1,thermal_hocbf,realized_force_cbf,71.15497661197475,74.14147725103173
397.0,85.5,0.08896419490342636,0.059255655707862294,1,1,thermal_hocbf,realized_force_cbf,72.95497661197474,75.94147725103173
397.0,87.0,0.08896419490342636,0.059255655707862294,1,1,thermal_hocbf,realized_force_cbf,74.75497661197474,77.74147725103172
397.0,88.5,0.08896419490342636,0.059255655707862294,1,1,thermal_hocbf,realized_force_cbf,76.55497661197474,79.54147725103172
397.0,90.0,0.08896419490342636,0.059255655707862294,1,1,thermal_hocbf,realized_force_cbf,78.35497661197473,81.34147725103172
401.0,15.0,-6.083457733442818,-4.590207413914324,0,0,thermal_hocbf,realized_force_cbf,-12.166915466885635,-9.180414827828647
401.0,16.5,-5.183457733442817,-3.6902074139143233,0,0,thermal_hocbf,realized_force_cbf,-10.366915466885635,-7.3804148278286466
401.0,18.0,-4.283457733442817,-2.790207413914323,0,0,thermal_hocbf,realized_force_cbf,-8.566915466885634,-5.580414827828646
401.0,19.5,-3.3834577334428166,-1.8902074139143226,0,0,thermal_hocbf,realized_force_cbf,-6.766915466885633,-3.780414827828645
401.0,21.0,-2.483457733442817,-0.9902074139143231,0,0,thermal_hocbf,realized_force_cbf,-4.966915466885634,-1.9804148278286462
401.0,22.5,-1.5834577334428168,-0.09020741391432274,0,0,thermal_hocbf,realized_force_cbf,-3.1669154668856336,-0.18041482782864549
401.0,24.0,-0.6834577334428174,0.059255655707862294,0,1,thermal_hocbf,realized_force_cbf,-1.3669154668856347,1.6195851721713534
401.0,25.5,0.08432517842110732,0.059255655707862294,1,1,thermal_hocbf,realized_force_cbf,0.433084533114366,3.419585172171354
401.0,27.0,0.08432517842110732,0.059255655707862294,1,1,thermal_hocbf,realized_force_cbf,2.233084533114366,5.219585172171354
401.0,28.5,0.08432517842110732,0.059255655707862294,1,1,thermal_hocbf,realized_force_cbf,4.033084533114366,7.019585172171354
401.0,30.0,0.08432517842110732,0.059255655707862294,1,1,thermal_hocbf,realized_force_cbf,5.833084533114366,8.819585172171355
401.0,31.5,0.08432517842110732,0.059255655707862294,1,1,thermal_hocbf,realized_force_cbf,7.633084533114365,10.619585172171353
401.0,33.0,0.08432517842110732,0.059255655707862294,1,1,thermal_hocbf,realized_force_cbf,9.433084533114366,12.419585172171354
401.0,34.5,0.08432517842110732,0.059255655707862294,1,1,thermal_hocbf,realized_force_cbf,11.233084533114365,14.219585172171353
401.0,36.0,0.08432517842110732,0.059255655707862294,1,1,thermal_hocbf,realized_force_cbf,13.033084533114366,16.019585172171354
401.0,37.5,0.08432517842110732,0.059255655707862294,1,1,thermal_hocbf,realized_force_cbf,14.833084533114365,17.81958517217135
401.0,39.0,0.08432517842110732,0.059255655707862294,1,1,thermal_hocbf,realized_force_cbf,16.633084533114364,19.619585172171355
401.0,40.5,0.08432517842110732,0.059255655707862294,1,1,thermal_hocbf,realized_force_cbf,18.433084533114368,21.419585172171352
401.0,42.0,0.08432517842110732,0.059255655707862294,1,1,thermal_hocbf,realized_force_cbf,20.233084533114365,23.219585172171357
401.0,43.5,0.08432517842110732,0.059255655707862294,1,1,thermal_hocbf,realized_force_cbf,22.033084533114362,25.019585172171354
401.0,45.0,0.08432517842110732,0.059255655707862294,1,1,thermal_hocbf,realized_force_cbf,23.833084533114366,26.81958517217135
401.0,46.5,0.08432517842110732,0.059255655707862294,1,1,thermal_hocbf,realized_force_cbf,25.633084533114364,28.619585172171355
401.0,48.0,0.08432517842110732,0.059255655707862294,1,1,thermal_hocbf,realized_force_cbf,27.433084533114368,30.419585172171352
401.0,49.5,0.08432517842110732,0.059255655707862294,1,1,thermal_hocbf,realized_force_cbf,29.233084533114365,32.21958517217135
401.0,51.0,0.08432517842110732,0.059255655707862294,1,1,thermal_hocbf,realized_force_cbf,31.03308453311437,34.019585172171354
401.0,52.5,0.08432517842110732,0.059255655707862294,1,1,thermal_hocbf,realized_force_cbf,32.833084533114366,35.81958517217135
401.0,54.0,0.08432517842110732,0.059255655707862294,1,1,thermal_hocbf,realized_force_cbf,34.63308453311436,37.61958517217135
401.0,55.5,0.08432517842110732,0.059255655707862294,1,1,thermal_hocbf,realized_force_cbf,36.43308453311437,39.41958517217135
401.0,57.0,0.08432517842110732,0.059255655707862294,1,1,thermal_hocbf,realized_force_cbf,38.233084533114365,41.21958517217135
401.0,58.5,0.08432517842110732,0.059255655707862294,1,1,thermal_hocbf,realized_force_cbf,40.03308453311437,43.019585172171354
401.0,60.0,0.08432517842110732,0.059255655707862294,1,1,thermal_hocbf,realized_force_cbf,41.833084533114366,44.81958517217135
401.0,61.5,0.08432517842110732,0.059255655707862294,1,1,thermal_hocbf,realized_force_cbf,43.63308453311436,46.61958517217135
401.0,63.0,0.08432517842110732,0.059255655707862294,1,1,thermal_hocbf,realized_force_cbf,45.43308453311437,48.41958517217135
401.0,64.5,0.08432517842110732,0.059255655707862294,1,1,thermal_hocbf,realized_force_cbf,47.233084533114365,50.21958517217135
401.0,66.0,0.08432517842110732,0.059255655707862294,1,1,thermal_hocbf,realized_force_cbf,49.03308453311437,52.019585172171354
401.0,67.5,0.08432517842110732,0.059255655707862294,1,1,thermal_hocbf,realized_force_cbf,50.833084533114366,53.81958517217135
401.0,69.0,0.08432517842110732,0.059255655707862294,1,1,thermal_hocbf,realized_force_cbf,52.63308453311436,55.61958517217135
401.0,70.5,0.08432517842110732,0.059255655707862294,1,1,thermal_hocbf,realized_force_cbf,54.43308453311437,57.41958517217135
401.0,72.0,0.08432517842110732,0.059255655707862294,1,1,thermal_hocbf,realized_force_cbf,56.233084533114365,59.21958517217135
401.0,73.5,0.08432517842110732,0.059255655707862294,1,1,thermal_hocbf,realized_force_cbf,58.03308453311436,61.01958517217135
401.0,75.0,0.08432517842110732,0.059255655707862294,1,1,thermal_hocbf,realized_force_cbf,59.833084533114366,62.81958517217135
401.0,76.5,0.08432517842110732,0.059255655707862294,1,1,thermal_hocbf,realized_force_cbf,61.63308453311437,64.61958517217136
401.0,78.0,0.08432517842110732,0.059255655707862294,1,1,thermal_hocbf,realized_force_cbf,63.43308453311437,66.41958517217135
401.0,79.5,0.08432517842110732,0.059255655707862294,1,1,thermal_hocbf,realized_force_cbf,65.23308453311436,68.21958517217135
401.0,81.0,0.08432517842110732,0.059255655707862294,1,1,thermal_hocbf,realized_force_cbf,67.03308453311436,70.01958517217135
401.0,82.5,0.08432517842110732,0.059255655707862294,1,1,thermal_hocbf,realized_force_cbf,68.83308453311436,71.81958517217134
401.0,84.0,0.08432517842110732,0.059255655707862294,1,1,thermal_hocbf,realized_force_cbf,70.63308453311437,73.61958517217136
401.0,85.5,0.08432517842110732,0.059255655707862294,1,1,thermal_hocbf,realized_force_cbf,72.43308453311437,75.41958517217135
401.0,87.0,0.08432517842110732,0.059255655707862294,1,1,thermal_hocbf,realized_force_cbf,74.23308453311436,77.21958517217135
401.0,88.5,0.08432517842110732,0.059255655707862294,1,1,thermal_hocbf,realized_force_cbf,76.03308453311436,79.01958517217135
401.0,90.0,0.08432517842110732,0.059255655707862294,1,1,thermal_hocbf,realized_force_cbf,77.83308453311436,80.81958517217134
405.0,15.0,-6.3444037728730045,-4.85115345334451,0,0,thermal_hocbf,realized_force_cbf,-12.688807545746009,-9.70230690668902
405.0,16.5,-5.444403772873004,-3.95115345334451,0,0,thermal_hocbf,realized_force_cbf,-10.888807545746008,-7.90230690668902
405.0,18.0,-4.544403772873004,-3.0511534533445097,0,0,thermal_hocbf,realized_force_cbf,-9.088807545746008,-6.102306906689019
405.0,19.5,-3.6444037728730034,-2.1511534533445094,0,0,thermal_hocbf,realized_force_cbf,-7.288807545746007,-4.302306906689019
405.0,21.0,-2.744403772873004,-1.25115345334451,0,0,thermal_hocbf,realized_force_cbf,-5.488807545746008,-2.50230690668902
405.0,22.5,-1.8444037728730036,-0.35115345334450954,0,0,thermal_hocbf,realized_force_cbf,-3.688807545746007,-0.7023069066890191
405.0,24.0,-0.9444037728730041,0.059255655707862294,0,1,thermal_hocbf,realized_force_cbf,-1.8888075457460083,1.0976930933109799
405.0,25.5,-0.04440377287300379,0.059255655707862294,0,1,thermal_hocbf,realized_force_cbf,-0.08880754574600758,2.8976930933109806
405.0,27.0,0.07968616193878829,0.059255655707862294,1,1,thermal_hocbf,realized_force_cbf,1.7111924542539922,4.69769309331098
405.0,28.5,0.07968616193878829,0.059255655707862294,1,1,thermal_hocbf,realized_force_cbf,3.511192454253992,6.49769309331098
405.0,30.0,0.07968616193878829,0.059255655707862294,1,1,thermal_hocbf,realized_force_cbf,5.311192454253993,8.297693093310981
405.0,31.5,0.07968616193878829,0.059255655707862294,1,1,thermal_hocbf,realized_force_cbf,7.111192454253992,10.09769309331098
405.0,33.0,0.07968616193878829,0.059255655707862294,1,1,thermal_hocbf,realized_force_cbf,8.911192454253992,11.89769309331098
405.0,34.5,0.07968616193878829,0.059255655707862294,1,1,thermal_hocbf,realized_force_cbf,10.711192454253991,13.69769309331098
405.0,36.0,0.07968616193878829,0.059255655707862294,1,1,thermal_hocbf,realized_force_cbf,12.511192454253992,15.49769309331098
405.0,37.5,0.07968616193878829,0.059255655707862294,1,1,thermal_hocbf,realized_force_cbf,14.311192454253991,17.29769309331098
405.0,39.0,0.07968616193878829,0.059255655707862294,1,1,thermal_hocbf,realized_force_cbf,16.11119245425399,19.09769309331098
405.0,40.5,0.07968616193878829,0.059255655707862294,1,1,thermal_hocbf,realized_force_cbf,17.911192454253992,20.89769309331098
405.0,42.0,0.07968616193878829,0.059255655707862294,1,1,thermal_hocbf,realized_force_cbf,19.711192454253993,22.69769309331098
405.0,43.5,0.07968616193878829,0.059255655707862294,1,1,thermal_hocbf,realized_force_cbf,21.51119245425399,24.49769309331098
405.0,45.0,0.07968616193878829,0.059255655707862294,1,1,thermal_hocbf,realized_force_cbf,23.31119245425399,26.29769309331098
405.0,46.5,0.07968616193878829,0.059255655707862294,1,1,thermal_hocbf,realized_force_cbf,25.11119245425399,28.09769309331098
405.0,48.0,0.07968616193878829,0.059255655707862294,1,1,thermal_hocbf,realized_force_cbf,26.911192454253992,29.89769309331098
405.0,49.5,0.07968616193878829,0.059255655707862294,1,1,thermal_hocbf,realized_force_cbf,28.71119245425399,31.697693093310978
405.0,51.0,0.07968616193878829,0.059255655707862294,1,1,thermal_hocbf,realized_force_cbf,30.511192454253994,33.497693093310986
405.0,52.5,0.07968616193878829,0.059255655707862294,1,1,thermal_hocbf,realized_force_cbf,32.31119245425399,35.29769309331098
405.0,54.0,0.07968616193878829,0.059255655707862294,1,1,thermal_hocbf,realized_force_cbf,34.11119245425399,37.09769309331098
405.0,55.5,0.07968616193878829,0.059255655707862294,1,1,thermal_hocbf,realized_force_cbf,35.91119245425399,38.89769309331098
405.0,57.0,0.07968616193878829,0.059255655707862294,1,1,thermal_hocbf,realized_force_cbf,37.71119245425399,40.697693093310974
405.0,58.5,0.07968616193878829,0.059255655707862294,1,1,thermal_hocbf,realized_force_cbf,39.511192454253994,42.497693093310986
405.0,60.0,0.07968616193878829,0.059255655707862294,1,1,thermal_hocbf,realized_force_cbf,41.31119245425399,44.29769309331098
405.0,61.5,0.07968616193878829,0.059255655707862294,1,1,thermal_hocbf,realized_force_cbf,43.11119245425399,46.09769309331098
405.0,63.0,0.07968616193878829,0.059255655707862294,1,1,thermal_hocbf,realized_force_cbf,44.91119245425399,47.89769309331098
405.0,64.5,0.07968616193878829,0.059255655707862294,1,1,thermal_hocbf,realized_force_cbf,46.71119245425399,49.697693093310974
405.0,66.0,0.07968616193878829,0.059255655707862294,1,1,thermal_hocbf,realized_force_cbf,48.511192454253994,51.497693093310986
405.0,67.5,0.07968616193878829,0.059255655707862294,1,1,thermal_hocbf,realized_force_cbf,50.31119245425399,53.29769309331098
405.0,69.0,0.07968616193878829,0.059255655707862294,1,1,thermal_hocbf,realized_force_cbf,52.11119245425399,55.09769309331098
405.0,70.5,0.07968616193878829,0.059255655707862294,1,1,thermal_hocbf,realized_force_cbf,53.91119245425399,56.89769309331098
405.0,72.0,0.07968616193878829,0.059255655707862294,1,1,thermal_hocbf,realized_force_cbf,55.71119245425399,58.697693093310974
405.0,73.5,0.07968616193878829,0.059255655707862294,1,1,thermal_hocbf,realized_force_cbf,57.51119245425399,60.49769309331097
405.0,75.0,0.07968616193878829,0.059255655707862294,1,1,thermal_hocbf,realized_force_cbf,59.31119245425399,62.29769309331098
405.0,76.5,0.07968616193878829,0.059255655707862294,1,1,thermal_hocbf,realized_force_cbf,61.111192454253995,64.09769309331098
405.0,78.0,0.07968616193878829,0.059255655707862294,1,1,thermal_hocbf,realized_force_cbf,62.91119245425399,65.89769309331098
405.0,79.5,0.07968616193878829,0.059255655707862294,1,1,thermal_hocbf,realized_force_cbf,64.71119245425399,67.69769309331097
405.0,81.0,0.07968616193878829,0.059255655707862294,1,1,thermal_hocbf,realized_force_cbf,66.51119245425399,69.49769309331097
405.0,82.5,0.07968616193878829,0.059255655707862294,1,1,thermal_hocbf,realized_force_cbf,68.31119245425398,71.29769309331097
405.0,84.0,0.07968616193878829,0.059255655707862294,1,1,thermal_hocbf,realized_force_cbf,70.111192454254,73.09769309331098
405.0,85.5,0.07968616193878829,0.059255655707862294,1,1,thermal_hocbf,realized_force_cbf,71.91119245425399,74.89769309331098
405.0,87.0,0.07968616193878829,0.059255655707862294,1,1,thermal_hocbf,realized_force_cbf,73.71119245425399,76.69769309331097
405.0,88.5,0.07968616193878829,0.059255655707862294,1,1,thermal_hocbf,realized_force_cbf,75.51119245425399,78.49769309331097
405.0,90.0,0.07968616193878829,0.059255655707862294,1,1,thermal_hocbf,realized_force_cbf,77.31119245425398,80.29769309331097
409.0,15.0,-6.605349812303193,-5.112099492774699,0,0,thermal_hocbf,realized_force_cbf,-13.210699624606386,-10.224198985549398
409.0,16.5,-5.705349812303193,-4.212099492774699,0,0,thermal_hocbf,realized_force_cbf,-11.410699624606385,-8.424198985549397
409.0,18.0,-4.805349812303192,-3.3120994927746983,0,0,thermal_hocbf,realized_force_cbf,-9.610699624606385,-6.624198985549397
409.0,19.5,-3.905349812303192,-2.412099492774698,0,0,thermal_hocbf,realized_force_cbf,-7.810699624606384,-4.824198985549396
409.0,21.0,-3.0053498123031925,-1.5120994927746985,0,0,thermal_hocbf,realized_force_cbf,-6.010699624606385,-3.024198985549397
409.0,22.5,-2.105349812303192,-0.6120994927746981,0,0,thermal_hocbf,realized_force_cbf,-4.210699624606384,-1.2241989855493962
409.0,24.0,-1.2053498123031927,0.059255655707862294,0,1,thermal_hocbf,realized_force_cbf,-2.4106996246063854,0.5758010144506027
409.0,25.5,-0.30534981230319236,0.059255655707862294,0,1,thermal_hocbf,realized_force_cbf,-0.6106996246063847,2.3758010144506034
409.0,27.0,0.07504714545646925,0.059255655707862294,1,1,thermal_hocbf,realized_force_cbf,1.189300375393615,4.175801014450603
409.0,28.5,0.07504714545646925,0.059255655707862294,1,1,thermal_hocbf,realized_force_cbf,2.989300375393615,5.975801014450603
409.0,30.0,0.07504714545646925,0.059255655707862294,1,1,thermal_hocbf,realized_force_cbf,4.789300375393616,7.775801014450604
409.0,31.5,0.07504714545646925,0.059255655707862294,1,1,thermal_hocbf,realized_force_cbf,6.589300375393615,9.575801014450603
409.0,33.0,0.07504714545646925,0.059255655707862294,1,1,thermal_hocbf,realized_force_cbf,8.389300375393615,11.375801014450603
409.0,34.5,0.07504714545646925,0.059255655707862294,1,1,thermal_hocbf,realized_force_cbf,10.189300375393614,13.175801014450602
409.0,36.0,0.07504714545646925,0.059255655707862294,1,1,thermal_hocbf,realized_force_cbf,11.989300375393615,14.975801014450603
409.0,37.5,0.07504714545646925,0.059255655707862294,1,1,thermal_hocbf,realized_force_cbf,13.789300375393614,16.7758010144506
409.0,39.0,0.07504714545646925,0.059255655707862294,1,1,thermal_hocbf,realized_force_cbf,15.589300375393615,18.575801014450604
409.0,40.5,0.07504714545646925,0.059255655707862294,1,1,thermal_hocbf,realized_force_cbf,17.389300375393617,20.3758010144506
409.0,42.0,0.07504714545646925,0.059255655707862294,1,1,thermal_hocbf,realized_force_cbf,19.189300375393614,22.175801014450606
409.0,43.5,0.07504714545646925,0.059255655707862294,1,1,thermal_hocbf,realized_force_cbf,20.98930037539361,23.975801014450603
409.0,45.0,0.07504714545646925,0.059255655707862294,1,1,thermal_hocbf,realized_force_cbf,22.789300375393616,25.7758010144506
409.0,46.5,0.07504714545646925,0.059255655707862294,1,1,thermal_hocbf,realized_force_cbf,24.589300375393613,27.575801014450604
409.0,48.0,0.07504714545646925,0.059255655707862294,1,1,thermal_hocbf,realized_force_cbf,26.389300375393617,29.3758010144506
409.0,49.5,0.07504714545646925,0.059255655707862294,1,1,thermal_hocbf,realized_force_cbf,28.189300375393614,31.1758010144506
409.0,51.0,0.07504714545646925,0.059255655707862294,1,1,thermal_hocbf,realized_force_cbf,29.98930037539362,32.9758010144506
409.0,52.5,0.07504714545646925,0.059255655707862294,1,1,thermal_hocbf,realized_force_cbf,31.789300375393616,34.7758010144506
409.0,54.0,0.07504714545646925,0.059255655707862294,1,1,thermal_hocbf,realized_force_cbf,33.58930037539361,36.5758010144506
409.0,55.5,0.07504714545646925,0.059255655707862294,1,1,thermal_hocbf,realized_force_cbf,35.38930037539362,38.3758010144506
409.0,57.0,0.07504714545646925,0.059255655707862294,1,1,thermal_hocbf,realized_force_cbf,37.189300375393614,40.1758010144506
409.0,58.5,0.07504714545646925,0.059255655707862294,1,1,thermal_hocbf,realized_force_cbf,38.98930037539362,41.9758010144506
409.0,60.0,0.07504714545646925,0.059255655707862294,1,1,thermal_hocbf,realized_force_cbf,40.789300375393616,43.7758010144506
409.0,61.5,0.07504714545646925,0.059255655707862294,1,1,thermal_hocbf,realized_force_cbf,42.58930037539361,45.5758010144506
409.0,63.0,0.07504714545646925,0.059255655707862294,1,1,thermal_hocbf,realized_force_cbf,44.38930037539362,47.3758010144506
409.0,64.5,0.07504714545646925,0.059255655707862294,1,1,thermal_hocbf,realized_force_cbf,46.189300375393614,49.1758010144506
409.0,66.0,0.07504714545646925,0.059255655707862294,1,1,thermal_hocbf,realized_force_cbf,47.98930037539362,50.9758010144506
409.0,67.5,0.07504714545646925,0.059255655707862294,1,1,thermal_hocbf,realized_force_cbf,49.789300375393616,52.7758010144506
409.0,69.0,0.07504714545646925,0.059255655707862294,1,1,thermal_hocbf,realized_force_cbf,51.58930037539361,54.5758010144506
409.0,70.5,0.07504714545646925,0.059255655707862294,1,1,thermal_hocbf,realized_force_cbf,53.38930037539362,56.3758010144506
409.0,72.0,0.07504714545646925,0.059255655707862294,1,1,thermal_hocbf,realized_force_cbf,55.189300375393614,58.1758010144506
409.0,73.5,0.07504714545646925,0.059255655707862294,1,1,thermal_hocbf,realized_force_cbf,56.98930037539361,59.975801014450596
409.0,75.0,0.07504714545646925,0.059255655707862294,1,1,thermal_hocbf,realized_force_cbf,58.789300375393616,61.7758010144506
409.0,76.5,0.07504714545646925,0.059255655707862294,1,1,thermal_hocbf,realized_force_cbf,60.58930037539362,63.575801014450604
409.0,78.0,0.07504714545646925,0.059255655707862294,1,1,thermal_hocbf,realized_force_cbf,62.38930037539362,65.3758010144506
409.0,79.5,0.07504714545646925,0.059255655707862294,1,1,thermal_hocbf,realized_force_cbf,64.18930037539361,67.1758010144506
409.0,81.0,0.07504714545646925,0.059255655707862294,1,1,thermal_hocbf,realized_force_cbf,65.98930037539361,68.9758010144506
409.0,82.5,0.07504714545646925,0.059255655707862294,1,1,thermal_hocbf,realized_force_cbf,67.78930037539361,70.7758010144506
409.0,84.0,0.07504714545646925,0.059255655707862294,1,1,thermal_hocbf,realized_force_cbf,69.58930037539362,72.5758010144506
409.0,85.5,0.07504714545646925,0.059255655707862294,1,1,thermal_hocbf,realized_force_cbf,71.38930037539362,74.3758010144506
409.0,87.0,0.07504714545646925,0.059255655707862294,1,1,thermal_hocbf,realized_force_cbf,73.18930037539361,76.1758010144506
409.0,88.5,0.07504714545646925,0.059255655707862294,1,1,thermal_hocbf,realized_force_cbf,74.98930037539361,77.9758010144506
409.0,90.0,0.07504714545646925,0.059255655707862294,1,1,thermal_hocbf,realized_force_cbf,76.78930037539361,79.7758010144506
413.0,15.0,-6.86629585173338,-5.373045532204886,0,0,thermal_hocbf,realized_force_cbf,-13.73259170346676,-10.746091064409772
413.0,16.5,-5.9662958517333795,-4.473045532204885,0,0,thermal_hocbf,realized_force_cbf,-11.932591703466759,-8.94609106440977
413.0,18.0,-5.066295851733379,-3.573045532204885,0,0,thermal_hocbf,realized_force_cbf,-10.132591703466758,-7.14609106440977
413.0,19.5,-4.166295851733379,-2.6730455322048847,0,0,thermal_hocbf,realized_force_cbf,-8.332591703466758,-5.3460910644097694
413.0,21.0,-3.2662958517333798,-1.7730455322048853,0,0,thermal_hocbf,realized_force_cbf,-6.5325917034667595,-3.5460910644097705
413.0,22.5,-2.3662958517333794,-0.8730455322048849,0,0,thermal_hocbf,realized_force_cbf,-4.732591703466759,-1.7460910644097698
413.0,24.0,-1.46629585173338,0.026954467795114567,0,1,thermal_hocbf,realized_force_cbf,-2.93259170346676,0.053908935590229135
413.0,25.5,-0.5662958517333796,0.059255655707862294,0,1,thermal_hocbf,realized_force_cbf,-1.1325917034667592,1.8539089355902298
413.0,27.0,0.07040812897415022,0.059255655707862294,1,1,thermal_hocbf,realized_force_cbf,0.6674082965332406,3.6539089355902297
413.0,28.5,0.07040812897415022,0.059255655707862294,1,1,thermal_hocbf,realized_force_cbf,2.4674082965332405,5.4539089355902295
413.0,30.0,0.07040812897415022,0.059255655707862294,1,1,thermal_hocbf,realized_force_cbf,4.267408296533241,7.25390893559023
413.0,31.5,0.07040812897415022,0.059255655707862294,1,1,thermal_hocbf,realized_force_cbf,6.06740829653324,9.05390893559023
413.0,33.0,0.07040812897415022,0.059255655707862294,1,1,thermal_hocbf,realized_force_cbf,7.867408296533241,10.85390893559023
413.0,34.5,0.07040812897415022,0.059255655707862294,1,1,thermal_hocbf,realized_force_cbf,9.667408296533239,12.653908935590229
413.0,36.0,0.07040812897415022,0.059255655707862294,1,1,thermal_hocbf,realized_force_cbf,11.46740829653324,14.45390893559023
413.0,37.5,0.07040812897415022,0.059255655707862294,1,1,thermal_hocbf,realized_force_cbf,13.26740829653324,16.25390893559023
413.0,39.0,0.07040812897415022,0.059255655707862294,1,1,thermal_hocbf,realized_force_cbf,15.067408296533241,18.05390893559023
413.0,40.5,0.07040812897415022,0.059255655707862294,1,1,thermal_hocbf,realized_force_cbf,16.86740829653324,19.85390893559023
413.0,42.0,0.07040812897415022,0.059255655707862294,1,1,thermal_hocbf,realized_force_cbf,18.667408296533242,21.65390893559023
413.0,43.5,0.07040812897415022,0.059255655707862294,1,1,thermal_hocbf,realized_force_cbf,20.46740829653324,23.453908935590228
413.0,45.0,0.07040812897415022,0.059255655707862294,1,1,thermal_hocbf,realized_force_cbf,22.26740829653324,25.25390893559023
413.0,46.5,0.07040812897415022,0.059255655707862294,1,1,thermal_hocbf,realized_force_cbf,24.06740829653324,27.05390893559023
413.0,48.0,0.07040812897415022,0.059255655707862294,1,1,thermal_hocbf,realized_force_cbf,25.86740829653324,28.85390893559023
413.0,49.5,0.07040812897415022,0.059255655707862294,1,1,thermal_hocbf,realized_force_cbf,27.66740829653324,30.653908935590227
413.0,51.0,0.07040812897415022,0.059255655707862294,1,1,thermal_hocbf,realized_force_cbf,29.467408296533243,32.453908935590235
413.0,52.5,0.07040812897415022,0.059255655707862294,1,1,thermal_hocbf,realized_force_cbf,31.26740829653324,34.25390893559023
413.0,54.0,0.07040812897415022,0.059255655707862294,1,1,thermal_hocbf,realized_force_cbf,33.06740829653324,36.05390893559023
413.0,55.5,0.07040812897415022,0.059255655707862294,1,1,thermal_hocbf,realized_force_cbf,34.86740829653324,37.853908935590226
413.0,57.0,0.07040812897415022,0.059255655707862294,1,1,thermal_hocbf,realized_force_cbf,36.66740829653324,39.65390893559022
413.0,58.5,0.07040812897415022,0.059255655707862294,1,1,thermal_hocbf,realized_force_cbf,38.46740829653324,41.453908935590235
413.0,60.0,0.07040812897415022,0.059255655707862294,1,1,thermal_hocbf,realized_force_cbf,40.26740829653324,43.25390893559023
413.0,61.5,0.07040812897415022,0.059255655707862294,1,1,thermal_hocbf,realized_force_cbf,42.06740829653324,45.05390893559023
413.0,63.0,0.07040812897415022,0.059255655707862294,1,1,thermal_hocbf,realized_force_cbf,43.86740829653324,46.853908935590226
413.0,64.5,0.07040812897415022,0.059255655707862294,1,1,thermal_hocbf,realized_force_cbf,45.66740829653324,48.65390893559022
413.0,66.0,0.07040812897415022,0.059255655707862294,1,1,thermal_hocbf,realized_force_cbf,47.46740829653324,50.453908935590235
413.0,67.5,0.07040812897415022,0.059255655707862294,1,1,thermal_hocbf,realized_force_cbf,49.26740829653324,52.25390893559023
413.0,69.0,0.07040812897415022,0.059255655707862294,1,1,thermal_hocbf,realized_force_cbf,51.06740829653324,54.05390893559023
413.0,70.5,0.07040812897415022,0.059255655707862294,1,1,thermal_hocbf,realized_force_cbf,52.86740829653324,55.853908935590226
413.0,72.0,0.07040812897415022,0.059255655707862294,1,1,thermal_hocbf,realized_force_cbf,54.66740829653324,57.65390893559022
413.0,73.5,0.07040812897415022,0.059255655707862294,1,1,thermal_hocbf,realized_force_cbf,56.467408296533236,59.45390893559022
413.0,75.0,0.07040812897415022,0.059255655707862294,1,1,thermal_hocbf,realized_force_cbf,58.26740829653324,61.25390893559023
413.0,76.5,0.07040812897415022,0.059255655707862294,1,1,thermal_hocbf,realized_force_cbf,60.067408296533245,63.05390893559023
413.0,78.0,0.07040812897415022,0.059255655707862294,1,1,thermal_hocbf,realized_force_cbf,61.86740829653324,64.85390893559023
413.0,79.5,0.07040812897415022,0.059255655707862294,1,1,thermal_hocbf,realized_force_cbf,63.66740829653324,66.65390893559022
413.0,81.0,0.07040812897415022,0.059255655707862294,1,1,thermal_hocbf,realized_force_cbf,65.46740829653324,68.45390893559022
413.0,82.5,0.07040812897415022,0.059255655707862294,1,1,thermal_hocbf,realized_force_cbf,67.26740829653323,70.25390893559022
413.0,84.0,0.07040812897415022,0.059255655707862294,1,1,thermal_hocbf,realized_force_cbf,69.06740829653324,72.05390893559023
413.0,85.5,0.07040812897415022,0.059255655707862294,1,1,thermal_hocbf,realized_force_cbf,70.86740829653324,73.85390893559023
413.0,87.0,0.07040812897415022,0.059255655707862294,1,1,thermal_hocbf,realized_force_cbf,72.66740829653324,75.65390893559022
413.0,88.5,0.07040812897415022,0.059255655707862294,1,1,thermal_hocbf,realized_force_cbf,74.46740829653324,77.45390893559022
413.0,90.0,0.07040812897415022,0.059255655707862294,1,1,thermal_hocbf,realized_force_cbf,76.26740829653323,79.25390893559022
417.0,15.0,-7.1272418911635675,-5.6339915716350735,0,0,thermal_hocbf,realized_force_cbf,-14.254483782327135,-11.267983143270147
417.0,16.5,-6.227241891163567,-4.733991571635073,0,0,thermal_hocbf,realized_force_cbf,-12.454483782327134,-9.467983143270146
417.0,18.0,-5.327241891163567,-3.8339915716350728,0,0,thermal_hocbf,realized_force_cbf,-10.654483782327134,-7.6679831432701455
417.0,19.5,-4.4272418911635665,-2.9339915716350724,0,0,thermal_hocbf,realized_force_cbf,-8.854483782327133,-5.867983143270145
417.0,21.0,-3.5272418911635675,-2.033991571635073,0,0,thermal_hocbf,realized_force_cbf,-7.054483782327135,-4.067983143270146
417.0,22.5,-2.627241891163567,-1.1339915716350726,0,0,thermal_hocbf,realized_force_cbf,-5.254483782327134,-2.267983143270145
417.0,24.0,-1.7272418911635676,-0.23399157163507311,0,0,thermal_hocbf,realized_force_cbf,-3.4544837823271353,-0.46798314327014623
417.0,25.5,-0.8272418911635673,0.059255655707862294,0,1,thermal_hocbf,realized_force_cbf,-1.6544837823271346,1.3320168567298545
417.0,27.0,0.06576911249183119,0.059255655707862294,1,1,thermal_hocbf,realized_force_cbf,0.14551621767286527,3.1320168567298543
417.0,28.5,0.06576911249183119,0.059255655707862294,1,1,thermal_hocbf,realized_force_cbf,1.945516217672865,4.932016856729854
417.0,30.0,0.06576911249183119,0.059255655707862294,1,1,thermal_hocbf,realized_force_cbf,3.745516217672866,6.732016856729855
417.0,31.5,0.06576911249183119,0.059255655707862294,1,1,thermal_hocbf,realized_force_cbf,5.545516217672865,8.532016856729854
417.0,33.0,0.06576911249183119,0.059255655707862294,1,1,thermal_hocbf,realized_force_cbf,7.3455162176728654,10.332016856729854
417.0,34.5,0.06576911249183119,0.059255655707862294,1,1,thermal_hocbf,realized_force_cbf,9.145516217672863,12.132016856729853
417.0,36.0,0.06576911249183119,0.059255655707862294,1,1,thermal_hocbf,realized_force_cbf,10.945516217672864,13.932016856729854
417.0,37.5,0.06576911249183119,0.059255655707862294,1,1,thermal_hocbf,realized_force_cbf,12.745516217672865,15.732016856729853
417.0,39.0,0.06576911249183119,0.059255655707862294,1,1,thermal_hocbf,realized_force_cbf,14.545516217672866,17.532016856729854
417.0,40.5,0.06576911249183119,0.059255655707862294,1,1,thermal_hocbf,realized_force_cbf,16.345516217672866,19.332016856729854
417.0,42.0,0.06576911249183119,0.059255655707862294,1,1,thermal_hocbf,realized_force_cbf,18.145516217672867,21.132016856729855
417.0,43.5,0.06576911249183119,0.059255655707862294,1,1,thermal_hocbf,realized_force_cbf,19.945516217672864,22.932016856729852
417.0,45.0,0.06576911249183119,0.059255655707862294,1,1,thermal_hocbf,realized_force_cbf,21.745516217672865,24.732016856729853
417.0,46.5,0.06576911249183119,0.059255655707862294,1,1,thermal_hocbf,realized_force_cbf,23.545516217672866,26.532016856729854
417.0,48.0,0.06576911249183119,0.059255655707862294,1,1,thermal_hocbf,realized_force_cbf,25.345516217672866,28.332016856729854
417.0,49.5,0.06576911249183119,0.059255655707862294,1,1,thermal_hocbf,realized_force_cbf,27.145516217672863,30.13201685672985
417.0,51.0,0.06576911249183119,0.059255655707862294,1,1,thermal_hocbf,realized_force_cbf,28.945516217672868,31.932016856729856
417.0,52.5,0.06576911249183119,0.059255655707862294,1,1,thermal_hocbf,realized_force_cbf,30.745516217672865,33.73201685672986
417.0,54.0,0.06576911249183119,0.059255655707862294,1,1,thermal_hocbf,realized_force_cbf,32.54551621767286,35.532016856729854
417.0,55.5,0.06576911249183119,0.059255655707862294,1,1,thermal_hocbf,realized_force_cbf,34.345516217672866,37.33201685672985
417.0,57.0,0.06576911249183119,0.059255655707862294,1,1,thermal_hocbf,realized_force_cbf,36.14551621767286,39.13201685672985
417.0,58.5,0.06576911249183119,0.059255655707862294,1,1,thermal_hocbf,realized_force_cbf,37.94551621767287,40.93201685672986
417.0,60.0,0.06576911249183119,0.059255655707862294,1,1,thermal_hocbf,realized_force_cbf,39.745516217672865,42.73201685672986
417.0,61.5,0.06576911249183119,0.059255655707862294,1,1,thermal_hocbf,realized_force_cbf,41.54551621767286,44.532016856729854
417.0,63.0,0.06576911249183119,0.059255655707862294,1,1,thermal_hocbf,realized_force_cbf,43.345516217672866,46.33201685672985
417.0,64.5,0.06576911249183119,0.059255655707862294,1,1,thermal_hocbf,realized_force_cbf,45.14551621767286,48.13201685672985
417.0,66.0,0.06576911249183119,0.059255655707862294,1,1,thermal_hocbf,realized_force_cbf,46.94551621767287,49.93201685672986
417.0,67.5,0.06576911249183119,0.059255655707862294,1,1,thermal_hocbf,realized_force_cbf,48.745516217672865,51.73201685672986
417.0,69.0,0.06576911249183119,0.059255655707862294,1,1,thermal_hocbf,realized_force_cbf,50.54551621767286,53.532016856729854
417.0,70.5,0.06576911249183119,0.059255655707862294,1,1,thermal_hocbf,realized_force_cbf,52.345516217672866,55.33201685672985
417.0,72.0,0.06576911249183119,0.059255655707862294,1,1,thermal_hocbf,realized_force_cbf,54.14551621767286,57.13201685672985
417.0,73.5,0.06576911249183119,0.059255655707862294,1,1,thermal_hocbf,realized_force_cbf,55.94551621767286,58.932016856729845
417.0,75.0,0.06576911249183119,0.059255655707862294,1,1,thermal_hocbf,realized_force_cbf,57.745516217672865,60.73201685672986
417.0,76.5,0.06576911249183119,0.059255655707862294,1,1,thermal_hocbf,realized_force_cbf,59.54551621767287,62.532016856729854
417.0,78.0,0.06576911249183119,0.059255655707862294,1,1,thermal_hocbf,realized_force_cbf,61.345516217672866,64.33201685672985
417.0,79.5,0.06576911249183119,0.059255655707862294,1,1,thermal_hocbf,realized_force_cbf,63.14551621767286,66.13201685672985
417.0,81.0,0.06576911249183119,0.059255655707862294,1,1,thermal_hocbf,realized_force_cbf,64.94551621767286,67.93201685672985
417.0,82.5,0.06576911249183119,0.059255655707862294,1,1,thermal_hocbf,realized_force_cbf,66.74551621767286,69.73201685672984
417.0,84.0,0.06576911249183119,0.059255655707862294,1,1,thermal_hocbf,realized_force_cbf,68.54551621767287,71.53201685672985
417.0,85.5,0.06576911249183119,0.059255655707862294,1,1,thermal_hocbf,realized_force_cbf,70.34551621767287,73.33201685672985
417.0,87.0,0.06576911249183119,0.059255655707862294,1,1,thermal_hocbf,realized_force_cbf,72.14551621767286,75.13201685672985
417.0,88.5,0.06576911249183119,0.059255655707862294,1,1,thermal_hocbf,realized_force_cbf,73.94551621767286,76.93201685672985
417.0,90.0,0.06576911249183119,0.059255655707862294,1,1,thermal_hocbf,realized_force_cbf,75.74551621767286,78.73201685672984
421.0,15.0,-7.388187930593756,-5.894937611065262,0,0,thermal_hocbf,realized_force_cbf,-14.776375861187512,-11.789875222130524
421.0,16.5,-6.488187930593756,-4.994937611065262,0,0,thermal_hocbf,realized_force_cbf,-12.976375861187512,-9.989875222130523
421.0,18.0,-5.588187930593755,-4.094937611065261,0,0,thermal_hocbf,realized_force_cbf,-11.17637586118751,-8.189875222130523
421.0,19.5,-4.688187930593755,-3.194937611065261,0,0,thermal_hocbf,realized_force_cbf,-9.37637586118751,-6.389875222130522
421.0,21.0,-3.7881879305937556,-2.2949376110652615,0,0,thermal_hocbf,realized_force_cbf,-7.576375861187511,-4.589875222130523
421.0,22.5,-2.8881879305937552,-1.3949376110652612,0,0,thermal_hocbf,realized_force_cbf,-5.7763758611875105,-2.7898752221305223
421.0,24.0,-1.9881879305937558,-0.4949376110652617,0,0,thermal_hocbf,realized_force_cbf,-3.9763758611875115,-0.9898752221305234
421.0,25.5,-1.0881879305937554,0.059255655707862294,0,1,thermal_hocbf,realized_force_cbf,-2.176375861187511,0.8101247778694773
421.0,27.0,-0.1881879305937555,0.059255655707862294,0,1,thermal_hocbf,realized_force_cbf,-0.376375861187511,2.610124777869477
421.0,28.5,0.06113009600951216,0.059255655707862294,1,1,thermal_hocbf,realized_force_cbf,1.4236241388124888,4.410124777869477
421.0,30.0,0.06113009600951216,0.059255655707862294,1,1,thermal_hocbf,realized_force_cbf,3.2236241388124895,6.210124777869478
421.0,31.5,0.06113009600951216,0.059255655707862294,1,1,thermal_hocbf,realized_force_cbf,5.0236241388124885,8.010124777869477
421.0,33.0,0.06113009600951216,0.059255655707862294,1,1,thermal_hocbf,realized_force_cbf,6.823624138812489,9.810124777869477
421.0,34.5,0.06113009600951216,0.059255655707862294,1,1,thermal_hocbf,realized_force_cbf,8.623624138812488,11.610124777869476
421.0,36.0,0.06113009600951216,0.059255655707862294,1,1,thermal_hocbf,realized_force_cbf,10.423624138812489,13.410124777869477
421.0,37.5,0.06113009600951216,0.059255655707862294,1,1,thermal_hocbf,realized_force_cbf,12.223624138812488,15.210124777869476
421.0,39.0,0.06113009600951216,0.059255655707862294,1,1,thermal_hocbf,realized_force_cbf,14.023624138812488,17.01012477786948
421.0,40.5,0.06113009600951216,0.059255655707862294,1,1,thermal_hocbf,realized_force_cbf,15.82362413881249,18.810124777869476
421.0,42.0,0.06113009600951216,0.059255655707862294,1,1,thermal_hocbf,realized_force_cbf,17.623624138812488,20.61012477786948
421.0,43.5,0.06113009600951216,0.059255655707862294,1,1,thermal_hocbf,realized_force_cbf,19.423624138812485,22.410124777869477
421.0,45.0,0.06113009600951216,0.059255655707862294,1,1,thermal_hocbf,realized_force_cbf,21.22362413881249,24.210124777869474
421.0,46.5,0.06113009600951216,0.059255655707862294,1,1,thermal_hocbf,realized_force_cbf,23.023624138812487,26.01012477786948
421.0,48.0,0.06113009600951216,0.059255655707862294,1,1,thermal_hocbf,realized_force_cbf,24.82362413881249,27.810124777869476
421.0,49.5,0.06113009600951216,0.059255655707862294,1,1,thermal_hocbf,realized_force_cbf,26.623624138812488,29.610124777869473
421.0,51.0,0.06113009600951216,0.059255655707862294,1,1,thermal_hocbf,realized_force_cbf,28.423624138812492,31.410124777869477
421.0,52.5,0.06113009600951216,0.059255655707862294,1,1,thermal_hocbf,realized_force_cbf,30.22362413881249,33.210124777869474
421.0,54.0,0.06113009600951216,0.059255655707862294,1,1,thermal_hocbf,realized_force_cbf,32.02362413881249,35.01012477786947
421.0,55.5,0.06113009600951216,0.059255655707862294,1,1,thermal_hocbf,realized_force_cbf,33.82362413881249,36.810124777869476
421.0,57.0,0.06113009600951216,0.059255655707862294,1,1,thermal_hocbf,realized_force_cbf,35.62362413881249,38.61012477786947
421.0,58.5,0.06113009600951216,0.059255655707862294,1,1,thermal_hocbf,realized_force_cbf,37.42362413881249,40.41012477786948
421.0,60.0,0.06113009600951216,0.059255655707862294,1,1,thermal_hocbf,realized_force_cbf,39.22362413881249,42.210124777869474
421.0,61.5,0.06113009600951216,0.059255655707862294,1,1,thermal_hocbf,realized_force_cbf,41.02362413881249,44.01012477786947
421.0,63.0,0.06113009600951216,0.059255655707862294,1,1,thermal_hocbf,realized_force_cbf,42.82362413881249,45.810124777869476
421.0,64.5,0.06113009600951216,0.059255655707862294,1,1,thermal_hocbf,realized_force_cbf,44.62362413881249,47.61012477786947
421.0,66.0,0.06113009600951216,0.059255655707862294,1,1,thermal_hocbf,realized_force_cbf,46.42362413881249,49.41012477786948
421.0,67.5,0.06113009600951216,0.059255655707862294,1,1,thermal_hocbf,realized_force_cbf,48.22362413881249,51.210124777869474
421.0,69.0,0.06113009600951216,0.059255655707862294,1,1,thermal_hocbf,realized_force_cbf,50.02362413881249,53.01012477786947
421.0,70.5,0.06113009600951216,0.059255655707862294,1,1,thermal_hocbf,realized_force_cbf,51.82362413881249,54.810124777869476
421.0,72.0,0.06113009600951216,0.059255655707862294,1,1,thermal_hocbf,realized_force_cbf,53.62362413881249,56.61012477786947
421.0,73.5,0.06113009600951216,0.059255655707862294,1,1,thermal_hocbf,realized_force_cbf,55.423624138812485,58.41012477786947
421.0,75.0,0.06113009600951216,0.059255655707862294,1,1,thermal_hocbf,realized_force_cbf,57.22362413881249,60.210124777869474
421.0,76.5,0.06113009600951216,0.059255655707862294,1,1,thermal_hocbf,realized_force_cbf,59.023624138812494,62.01012477786948
421.0,78.0,0.06113009600951216,0.059255655707862294,1,1,thermal_hocbf,realized_force_cbf,60.82362413881249,63.810124777869476
421.0,79.5,0.06113009600951216,0.059255655707862294,1,1,thermal_hocbf,realized_force_cbf,62.62362413881249,65.61012477786947
421.0,81.0,0.06113009600951216,0.059255655707862294,1,1,thermal_hocbf,realized_force_cbf,64.42362413881249,67.41012477786947
421.0,82.5,0.06113009600951216,0.059255655707862294,1,1,thermal_hocbf,realized_force_cbf,66.22362413881248,69.21012477786947
421.0,84.0,0.06113009600951216,0.059255655707862294,1,1,thermal_hocbf,realized_force_cbf,68.0236241388125,71.01012477786948
421.0,85.5,0.06113009600951216,0.059255655707862294,1,1,thermal_hocbf,realized_force_cbf,69.82362413881249,72.81012477786948
421.0,87.0,0.06113009600951216,0.059255655707862294,1,1,thermal_hocbf,realized_force_cbf,71.62362413881249,74.61012477786947
421.0,88.5,0.06113009600951216,0.059255655707862294,1,1,thermal_hocbf,realized_force_cbf,73.42362413881249,76.41012477786947
421.0,90.0,0.06113009600951216,0.059255655707862294,1,1,thermal_hocbf,realized_force_cbf,75.22362413881248,78.21012477786947
425.0,15.0,-7.649133970023943,-6.155883650495449,0,0,thermal_hocbf,realized_force_cbf,-15.298267940047886,-12.311767300990898
425.0,16.5,-6.7491339700239426,-5.2558836504954485,0,0,thermal_hocbf,realized_force_cbf,-13.498267940047885,-10.511767300990897
425.0,18.0,-5.849133970023942,-4.355883650495448,0,0,thermal_hocbf,realized_force_cbf,-11.698267940047884,-8.711767300990896
425.0,19.5,-4.949133970023942,-3.4558836504954478,0,0,thermal_hocbf,realized_force_cbf,-9.898267940047884,-6.9117673009908955
425.0,21.0,-4.049133970023942,-2.5558836504954483,0,0,thermal_hocbf,realized_force_cbf,-8.098267940047885,-5.111767300990897
425.0,22.5,-3.149133970023942,-1.655883650495448,0,0,thermal_hocbf,realized_force_cbf,-6.298267940047884,-3.311767300990896
425.0,24.0,-2.2491339700239426,-0.7558836504954485,0,0,thermal_hocbf,realized_force_cbf,-4.498267940047885,-1.511767300990897
425.0,25.5,-1.3491339700239422,0.056491079527193136,0,1,thermal_hocbf,realized_force_cbf,-2.6982679400478844,0.28823269900910375
425.0,27.0,-0.4491339700239423,0.056491079527193136,0,1,thermal_hocbf,realized_force_cbf,-0.8982679400478846,2.0882326990091036
425.0,28.5,0.056491079527193136,0.056491079527193136,1,1,thermal_hocbf,realized_force_cbf,0.9017320599521153,3.8882326990091034
425.0,30.0,0.056491079527193136,0.056491079527193136,1,1,thermal_hocbf,realized_force_cbf,2.701732059952116,5.688232699009104
425.0,31.5,0.056491079527193136,0.056491079527193136,1,1,thermal_hocbf,realized_force_cbf,4.501732059952115,7.488232699009103
425.0,33.0,0.056491079527193136,0.056491079527193136,1,1,thermal_hocbf,realized_force_cbf,6.301732059952116,9.288232699009104
425.0,34.5,0.056491079527193136,0.056491079527193136,1,1,thermal_hocbf,realized_force_cbf,8.101732059952115,11.088232699009103
425.0,36.0,0.056491079527193136,0.056491079527193136,1,1,thermal_hocbf,realized_force_cbf,9.901732059952115,12.888232699009103
425.0,37.5,0.056491079527193136,0.056491079527193136,1,1,thermal_hocbf,realized_force_cbf,11.701732059952114,14.688232699009102
425.0,39.0,0.056491079527193136,0.056491079527193136,1,1,thermal_hocbf,realized_force_cbf,13.501732059952115,16.488232699009103
425.0,40.5,0.056491079527193136,0.056491079527193136,1,1,thermal_hocbf,realized_force_cbf,15.301732059952116,18.288232699009104
425.0,42.0,0.056491079527193136,0.056491079527193136,1,1,thermal_hocbf,realized_force_cbf,17.101732059952116,20.088232699009104
425.0,43.5,0.056491079527193136,0.056491079527193136,1,1,thermal_hocbf,realized_force_cbf,18.901732059952113,21.8882326990091
425.0,45.0,0.056491079527193136,0.056491079527193136,1,1,thermal_hocbf,realized_force_cbf,20.701732059952114,23.688232699009102
425.0,46.5,0.056491079527193136,0.056491079527193136,1,1,thermal_hocbf,realized_force_cbf,22.501732059952115,25.488232699009103
425.0,48.0,0.056491079527193136,0.056491079527193136,1,1,thermal_hocbf,realized_force_cbf,24.301732059952116,27.288232699009104
425.0,49.5,0.056491079527193136,0.056491079527193136,1,1,thermal_hocbf,realized_force_cbf,26.101732059952113,29.0882326990091
425.0,51.0,0.056491079527193136,0.056491079527193136,1,1,thermal_hocbf,realized_force_cbf,27.901732059952117,30.888232699009105
425.0,52.5,0.056491079527193136,0.056491079527193136,1,1,thermal_hocbf,realized_force_cbf,29.701732059952114,32.688232699009106
425.0,54.0,0.056491079527193136,0.056491079527193136,1,1,thermal_hocbf,realized_force_cbf,31.50173205995211,34.4882326990091
425.0,55.5,0.056491079527193136,0.056491079527193136,1,1,thermal_hocbf,realized_force_cbf,33.301732059952116,36.2882326990091
425.0,57.0,0.056491079527193136,0.056491079527193136,1,1,thermal_hocbf,realized_force_cbf,35.10173205995211,38.0882326990091
425.0,58.5,0.056491079527193136,0.056491079527193136,1,1,thermal_hocbf,realized_force_cbf,36.90173205995212,39.88823269900911
425.0,60.0,0.056491079527193136,0.056491079527193136,1,1,thermal_hocbf,realized_force_cbf,38.701732059952114,41.688232699009106
425.0,61.5,0.056491079527193136,0.056491079527193136,1,1,thermal_hocbf,realized_force_cbf,40.50173205995211,43.4882326990091
425.0,63.0,0.056491079527193136,0.056491079527193136,1,1,thermal_hocbf,realized_force_cbf,42.301732059952116,45.2882326990091
425.0,64.5,0.056491079527193136,0.056491079527193136,1,1,thermal_hocbf,realized_force_cbf,44.10173205995211,47.0882326990091
425.0,66.0,0.056491079527193136,0.056491079527193136,1,1,thermal_hocbf,realized_force_cbf,45.90173205995212,48.88823269900911
425.0,67.5,0.056491079527193136,0.056491079527193136,1,1,thermal_hocbf,realized_force_cbf,47.701732059952114,50.688232699009106
425.0,69.0,0.056491079527193136,0.056491079527193136,1,1,thermal_hocbf,realized_force_cbf,49.50173205995211,52.4882326990091
425.0,70.5,0.056491079527193136,0.056491079527193136,1,1,thermal_hocbf,realized_force_cbf,51.301732059952116,54.2882326990091
425.0,72.0,0.056491079527193136,0.056491079527193136,1,1,thermal_hocbf,realized_force_cbf,53.10173205995211,56.0882326990091
425.0,73.5,0.056491079527193136,0.056491079527193136,1,1,thermal_hocbf,realized_force_cbf,54.90173205995211,57.888232699009095
425.0,75.0,0.056491079527193136,0.056491079527193136,1,1,thermal_hocbf,realized_force_cbf,56.701732059952114,59.688232699009106
425.0,76.5,0.056491079527193136,0.056491079527193136,1,1,thermal_hocbf,realized_force_cbf,58.50173205995212,61.4882326990091
425.0,78.0,0.056491079527193136,0.056491079527193136,1,1,thermal_hocbf,realized_force_cbf,60.301732059952116,63.2882326990091
425.0,79.5,0.056491079527193136,0.056491079527193136,1,1,thermal_hocbf,realized_force_cbf,62.10173205995211,65.0882326990091
425.0,81.0,0.056491079527193136,0.056491079527193136,1,1,thermal_hocbf,realized_force_cbf,63.90173205995211,66.8882326990091
425.0,82.5,0.056491079527193136,0.056491079527193136,1,1,thermal_hocbf,realized_force_cbf,65.7017320599521,68.68823269900909
425.0,84.0,0.056491079527193136,0.056491079527193136,1,1,thermal_hocbf,realized_force_cbf,67.50173205995212,70.4882326990091
425.0,85.5,0.056491079527193136,0.056491079527193136,1,1,thermal_hocbf,realized_force_cbf,69.30173205995212,72.2882326990091
425.0,87.0,0.056491079527193136,0.056491079527193136,1,1,thermal_hocbf,realized_force_cbf,71.10173205995211,74.0882326990091
425.0,88.5,0.056491079527193136,0.056491079527193136,1,1,thermal_hocbf,realized_force_cbf,72.90173205995211,75.8882326990091
425.0,90.0,0.056491079527193136,0.056491079527193136,1,1,thermal_hocbf,realized_force_cbf,74.7017320599521,77.68823269900909
429.0,15.0,-7.910080009454131,-6.4168296899256365,0,0,thermal_hocbf,realized_force_cbf,-15.820160018908261,-12.833659379851273
429.0,16.5,-7.01008000945413,-5.516829689925636,0,0,thermal_hocbf,realized_force_cbf,-14.02016001890826,-11.033659379851272
429.0,18.0,-6.11008000945413,-4.616829689925636,0,0,thermal_hocbf,realized_force_cbf,-12.22016001890826,-9.233659379851272
429.0,19.5,-5.2100800094541295,-3.7168296899256354,0,0,thermal_hocbf,realized_force_cbf,-10.420160018908259,-7.433659379851271
429.0,21.0,-4.310080009454131,-2.816829689925636,0,0,thermal_hocbf,realized_force_cbf,-8.620160018908262,-5.633659379851272
429.0,22.5,-3.41008000945413,-1.9168296899256356,0,0,thermal_hocbf,realized_force_cbf,-6.82016001890826,-3.8336593798512713
429.0,24.0,-2.5100800094541307,-1.0168296899256362,0,0,thermal_hocbf,realized_force_cbf,-5.020160018908261,-2.0336593798512723
429.0,25.5,-1.6100800094541303,-0.1168296899256358,0,0,thermal_hocbf,realized_force_cbf,-3.2201600189082606,-0.2336593798512716
429.0,27.0,-0.7100800094541304,0.051852063044874094,0,1,thermal_hocbf,realized_force_cbf,-1.4201600189082608,1.5663406201487282
429.0,28.5,0.051852063044874094,0.051852063044874094,1,1,thermal_hocbf,realized_force_cbf,0.379839981091739,3.366340620148728
429.0,30.0,0.051852063044874094,0.051852063044874094,1,1,thermal_hocbf,realized_force_cbf,2.1798399810917397,5.166340620148729
429.0,31.5,0.051852063044874094,0.051852063044874094,1,1,thermal_hocbf,realized_force_cbf,3.9798399810917386,6.966340620148728
429.0,33.0,0.051852063044874094,0.051852063044874094,1,1,thermal_hocbf,realized_force_cbf,5.779839981091739,8.766340620148728
429.0,34.5,0.051852063044874094,0.051852063044874094,1,1,thermal_hocbf,realized_force_cbf,7.579839981091738,10.566340620148727
429.0,36.0,0.051852063044874094,0.051852063044874094,1,1,thermal_hocbf,realized_force_cbf,9.379839981091738,12.366340620148728
429.0,37.5,0.051852063044874094,0.051852063044874094,1,1,thermal_hocbf,realized_force_cbf,11.179839981091739,14.166340620148727
429.0,39.0,0.051852063044874094,0.051852063044874094,1,1,thermal_hocbf,realized_force_cbf,12.97983998109174,15.966340620148728
429.0,40.5,0.051852063044874094,0.051852063044874094,1,1,thermal_hocbf,realized_force_cbf,14.77983998109174,17.76634062014873
429.0,42.0,0.051852063044874094,0.051852063044874094,1,1,thermal_hocbf,realized_force_cbf,16.57983998109174,19.56634062014873
429.0,43.5,0.051852063044874094,0.051852063044874094,1,1,thermal_hocbf,realized_force_cbf,18.379839981091738,21.366340620148726
429.0,45.0,0.051852063044874094,0.051852063044874094,1,1,thermal_hocbf,realized_force_cbf,20.17983998109174,23.166340620148727
429.0,46.5,0.051852063044874094,0.051852063044874094,1,1,thermal_hocbf,realized_force_cbf,21.97983998109174,24.966340620148728
429.0,48.0,0.051852063044874094,0.051852063044874094,1,1,thermal_hocbf,realized_force_cbf,23.77983998109174,26.76634062014873
429.0,49.5,0.051852063044874094,0.051852063044874094,1,1,thermal_hocbf,realized_force_cbf,25.579839981091737,28.566340620148726
429.0,51.0,0.051852063044874094,0.051852063044874094,1,1,thermal_hocbf,realized_force_cbf,27.37983998109174,30.36634062014873
429.0,52.5,0.051852063044874094,0.051852063044874094,1,1,thermal_hocbf,realized_force_cbf,29.17983998109174,32.16634062014873
429.0,54.0,0.051852063044874094,0.051852063044874094,1,1,thermal_hocbf,realized_force_cbf,30.979839981091736,33.96634062014873
429.0,55.5,0.051852063044874094,0.051852063044874094,1,1,thermal_hocbf,realized_force_cbf,32.77983998109174,35.766340620148725
429.0,57.0,0.051852063044874094,0.051852063044874094,1,1,thermal_hocbf,realized_force_cbf,34.57983998109174,37.56634062014872
429.0,58.5,0.051852063044874094,0.051852063044874094,1,1,thermal_hocbf,realized_force_cbf,36.37983998109174,39.36634062014873
429.0,60.0,0.051852063044874094,0.051852063044874094,1,1,thermal_hocbf,realized_force_cbf,38.17983998109174,41.16634062014873
429.0,61.5,0.051852063044874094,0.051852063044874094,1,1,thermal_hocbf,realized_force_cbf,39.979839981091736,42.96634062014873
429.0,63.0,0.051852063044874094,0.051852063044874094,1,1,thermal_hocbf,realized_force_cbf,41.77983998109174,44.766340620148725
429.0,64.5,0.051852063044874094,0.051852063044874094,1,1,thermal_hocbf,realized_force_cbf,43.57983998109174,46.56634062014872
429.0,66.0,0.051852063044874094,0.051852063044874094,1,1,thermal_hocbf,realized_force_cbf,45.37983998109174,48.36634062014873
429.0,67.5,0.051852063044874094,0.051852063044874094,1,1,thermal_hocbf,realized_force_cbf,47.17983998109174,50.16634062014873
429.0,69.0,0.051852063044874094,0.051852063044874094,1,1,thermal_hocbf,realized_force_cbf,48.979839981091736,51.96634062014873
429.0,70.5,0.051852063044874094,0.051852063044874094,1,1,thermal_hocbf,realized_force_cbf,50.77983998109174,53.766340620148725
429.0,72.0,0.051852063044874094,0.051852063044874094,1,1,thermal_hocbf,realized_force_cbf,52.57983998109174,55.56634062014872
429.0,73.5,0.051852063044874094,0.051852063044874094,1,1,thermal_hocbf,realized_force_cbf,54.379839981091735,57.36634062014872
429.0,75.0,0.051852063044874094,0.051852063044874094,1,1,thermal_hocbf,realized_force_cbf,56.17983998109174,59.16634062014873
429.0,76.5,0.051852063044874094,0.051852063044874094,1,1,thermal_hocbf,realized_force_cbf,57.97983998109174,60.96634062014873
429.0,78.0,0.051852063044874094,0.051852063044874094,1,1,thermal_hocbf,realized_force_cbf,59.77983998109174,62.766340620148725
429.0,79.5,0.051852063044874094,0.051852063044874094,1,1,thermal_hocbf,realized_force_cbf,61.57983998109174,64.56634062014872
429.0,81.0,0.051852063044874094,0.051852063044874094,1,1,thermal_hocbf,realized_force_cbf,63.379839981091735,66.36634062014872
429.0,82.5,0.051852063044874094,0.051852063044874094,1,1,thermal_hocbf,realized_force_cbf,65.17983998109173,68.16634062014872
429.0,84.0,0.051852063044874094,0.051852063044874094,1,1,thermal_hocbf,realized_force_cbf,66.97983998109174,69.96634062014873
429.0,85.5,0.051852063044874094,0.051852063044874094,1,1,thermal_hocbf,realized_force_cbf,68.77983998109174,71.76634062014872
429.0,87.0,0.051852063044874094,0.051852063044874094,1,1,thermal_hocbf,realized_force_cbf,70.57983998109174,73.56634062014872
429.0,88.5,0.051852063044874094,0.051852063044874094,1,1,thermal_hocbf,realized_force_cbf,72.37983998109173,75.36634062014872
429.0,90.0,0.051852063044874094,0.051852063044874094,1,1,thermal_hocbf,realized_force_cbf,74.17983998109173,77.16634062014872
433.0,15.0,-8.171026048884318,-6.677775729355825,0,0,thermal_hocbf,realized_force_cbf,-16.342052097768637,-13.35555145871165
433.0,16.5,-7.271026048884319,-5.777775729355825,0,0,thermal_hocbf,realized_force_cbf,-14.542052097768638,-11.55555145871165
433.0,18.0,-6.3710260488843184,-4.877775729355824,0,0,thermal_hocbf,realized_force_cbf,-12.742052097768637,-9.755551458711649
433.0,19.5,-5.471026048884318,-3.977775729355824,0,0,thermal_hocbf,realized_force_cbf,-10.942052097768636,-7.955551458711648
433.0,21.0,-4.571026048884319,-3.0777757293558246,0,0,thermal_hocbf,realized_force_cbf,-9.142052097768637,-6.155551458711649
433.0,22.5,-3.6710260488843183,-2.177775729355824,0,0,thermal_hocbf,realized_force_cbf,-7.3420520977686365,-4.355551458711648
433.0,24.0,-2.771026048884319,-1.2777757293558247,0,0,thermal_hocbf,realized_force_cbf,-5.542052097768638,-2.5555514587116495
433.0,25.5,-1.8710260488843184,-0.3777757293558244,0,0,thermal_hocbf,realized_force_cbf,-3.742052097768637,-0.7555514587116487
433.0,27.0,-0.9710260488843185,0.04721304656255505,0,1,thermal_hocbf,realized_force_cbf,-1.942052097768637,1.044448541288351
433.0,28.5,-0.07102604888431863,0.04721304656255505,0,1,thermal_hocbf,realized_force_cbf,-0.14205209776863725,2.844448541288351
433.0,30.0,0.04721304656255505,0.04721304656255505,1,1,thermal_hocbf,realized_force_cbf,1.6579479022313635,4.644448541288352
433.0,31.5,0.04721304656255505,0.04721304656255505,1,1,thermal_hocbf,realized_force_cbf,3.4579479022313624,6.4444485412883505
433.0,33.0,0.04721304656255505,0.04721304656255505,1,1,thermal_hocbf,realized_force_cbf,5.257947902231363,8.244448541288351
433.0,34.5,0.04721304656255505,0.04721304656255505,1,1,thermal_hocbf,realized_force_cbf,7.057947902231362,10.04444854128835
433.0,36.0,0.04721304656255505,0.04721304656255505,1,1,thermal_hocbf,realized_force_cbf,8.857947902231363,11.844448541288351
433.0,37.5,0.04721304656255505,0.04721304656255505,1,1,thermal_hocbf,realized_force_cbf,10.657947902231362,13.64444854128835
433.0,39.0,0.04721304656255505,0.04721304656255505,1,1,thermal_hocbf,realized_force_cbf,12.457947902231362,15.44444854128835
433.0,40.5,0.04721304656255505,0.04721304656255505,1,1,thermal_hocbf,realized_force_cbf,14.257947902231363,17.24444854128835
433.0,42.0,0.04721304656255505,0.04721304656255505,1,1,thermal_hocbf,realized_force_cbf,16.057947902231362,19.044448541288354
433.0,43.5,0.04721304656255505,0.04721304656255505,1,1,thermal_hocbf,realized_force_cbf,17.85794790223136,20.84444854128835
433.0,45.0,0.04721304656255505,0.04721304656255505,1,1,thermal_hocbf,realized_force_cbf,19.657947902231363,22.644448541288348
433.0,46.5,0.04721304656255505,0.04721304656255505,1,1,thermal_hocbf,realized_force_cbf,21.45794790223136,24.444448541288352
433.0,48.0,0.04721304656255505,0.04721304656255505,1,1,thermal_hocbf,realized_force_cbf,23.257947902231365,26.24444854128835
433.0,49.5,0.04721304656255505,0.04721304656255505,1,1,thermal_hocbf,realized_force_cbf,25.057947902231362,28.044448541288347
433.0,51.0,0.04721304656255505,0.04721304656255505,1,1,thermal_hocbf,realized_force_cbf,26.857947902231366,29.84444854128835
433.0,52.5,0.04721304656255505,0.04721304656255505,1,1,thermal_hocbf,realized_force_cbf,28.657947902231363,31.644448541288348
433.0,54.0,0.04721304656255505,0.04721304656255505,1,1,thermal_hocbf,realized_force_cbf,30.45794790223136,33.444448541288345
433.0,55.5,0.04721304656255505,0.04721304656255505,1,1,thermal_hocbf,realized_force_cbf,32.257947902231365,35.24444854128835
433.0,57.0,0.04721304656255505,0.04721304656255505,1,1,thermal_hocbf,realized_force_cbf,34.05794790223136,37.04444854128835
433.0,58.5,0.04721304656255505,0.04721304656255505,1,1,thermal_hocbf,realized_force_cbf,35.857947902231366,38.84444854128835
433.0,60.0,0.04721304656255505,0.04721304656255505,1,1,thermal_hocbf,realized_force_cbf,37.65794790223136,40.64444854128835
433.0,61.5,0.04721304656255505,0.04721304656255505,1,1,thermal_hocbf,realized_force_cbf,39.45794790223136,42.444448541288345
433.0,63.0,0.04721304656255505,0.04721304656255505,1,1,thermal_hocbf,realized_force_cbf,41.257947902231365,44.24444854128835
433.0,64.5,0.04721304656255505,0.04721304656255505,1,1,thermal_hocbf,realized_force_cbf,43.05794790223136,46.04444854128835
433.0,66.0,0.04721304656255505,0.04721304656255505,1,1,thermal_hocbf,realized_force_cbf,44.857947902231366,47.84444854128835
433.0,67.5,0.04721304656255505,0.04721304656255505,1,1,thermal_hocbf,realized_force_cbf,46.65794790223136,49.64444854128835
433.0,69.0,0.04721304656255505,0.04721304656255505,1,1,thermal_hocbf,realized_force_cbf,48.45794790223136,51.444448541288345
433.0,70.5,0.04721304656255505,0.04721304656255505,1,1,thermal_hocbf,realized_force_cbf,50.257947902231365,53.24444854128835
433.0,72.0,0.04721304656255505,0.04721304656255505,1,1,thermal_hocbf,realized_force_cbf,52.05794790223136,55.04444854128835
433.0,73.5,0.04721304656255505,0.04721304656255505,1,1,thermal_hocbf,realized_force_cbf,53.85794790223136,56.844448541288344
433.0,75.0,0.04721304656255505,0.04721304656255505,1,1,thermal_hocbf,realized_force_cbf,55.65794790223136,58.64444854128835
433.0,76.5,0.04721304656255505,0.04721304656255505,1,1,thermal_hocbf,realized_force_cbf,57.45794790223137,60.44444854128835
433.0,78.0,0.04721304656255505,0.04721304656255505,1,1,thermal_hocbf,realized_force_cbf,59.257947902231365,62.24444854128835
433.0,79.5,0.04721304656255505,0.04721304656255505,1,1,thermal_hocbf,realized_force_cbf,61.05794790223136,64.04444854128835
433.0,81.0,0.04721304656255505,0.04721304656255505,1,1,thermal_hocbf,realized_force_cbf,62.85794790223136,65.84444854128834
433.0,82.5,0.04721304656255505,0.04721304656255505,1,1,thermal_hocbf,realized_force_cbf,64.65794790223136,67.64444854128834
433.0,84.0,0.04721304656255505,0.04721304656255505,1,1,thermal_hocbf,realized_force_cbf,66.45794790223137,69.44444854128835
433.0,85.5,0.04721304656255505,0.04721304656255505,1,1,thermal_hocbf,realized_force_cbf,68.25794790223136,71.24444854128835
433.0,87.0,0.04721304656255505,0.04721304656255505,1,1,thermal_hocbf,realized_force_cbf,70.05794790223136,73.04444854128835
433.0,88.5,0.04721304656255505,0.04721304656255505,1,1,thermal_hocbf,realized_force_cbf,71.85794790223136,74.84444854128834
433.0,90.0,0.04721304656255505,0.04721304656255505,1,1,thermal_hocbf,realized_force_cbf,73.65794790223136,76.64444854128834
437.0,15.0,-8.431972088314506,-6.938721768786012,0,0,thermal_hocbf,realized_force_cbf,-16.863944176629012,-13.877443537572024
437.0,16.5,-7.531972088314506,-6.0387217687860115,0,0,thermal_hocbf,realized_force_cbf,-15.063944176629011,-12.077443537572023
437.0,18.0,-6.631972088314505,-5.138721768786011,0,0,thermal_hocbf,realized_force_cbf,-13.26394417662901,-10.277443537572022
437.0,19.5,-5.731972088314505,-4.238721768786011,0,0,thermal_hocbf,realized_force_cbf,-11.46394417662901,-8.477443537572022
437.0,21.0,-4.831972088314506,-3.3387217687860113,0,0,thermal_hocbf,realized_force_cbf,-9.663944176629013,-6.677443537572023
437.0,22.5,-3.9319720883145055,-2.438721768786011,0,0,thermal_hocbf,realized_force_cbf,-7.863944176629011,-4.877443537572022
437.0,24.0,-3.031972088314506,-1.5387217687860115,0,0,thermal_hocbf,realized_force_cbf,-6.063944176629012,-3.077443537572023
437.0,25.5,-2.1319720883145057,-0.6387217687860112,0,0,thermal_hocbf,realized_force_cbf,-4.263944176629011,-1.2774435375720223
437.0,27.0,-1.2319720883145058,0.04257403008023603,0,1,thermal_hocbf,realized_force_cbf,-2.4639441766290116,0.5225564624279775
437.0,28.5,-0.33197208831450586,0.04257403008023603,0,1,thermal_hocbf,realized_force_cbf,-0.6639441766290117,2.3225564624279773
437.0,30.0,0.04257403008023603,0.04257403008023603,1,1,thermal_hocbf,realized_force_cbf,1.136055823370989,4.122556462427978
437.0,31.5,0.04257403008023603,0.04257403008023603,1,1,thermal_hocbf,realized_force_cbf,2.936055823370988,5.922556462427977
437.0,33.0,0.04257403008023603,0.04257403008023603,1,1,thermal_hocbf,realized_force_cbf,4.736055823370989,7.722556462427978
437.0,34.5,0.04257403008023603,0.04257403008023603,1,1,thermal_hocbf,realized_force_cbf,6.536055823370988,9.522556462427977
437.0,36.0,0.04257403008023603,0.04257403008023603,1,1,thermal_hocbf,realized_force_cbf,8.336055823370987,11.322556462427977
437.0,37.5,0.04257403008023603,0.04257403008023603,1,1,thermal_hocbf,realized_force_cbf,10.136055823370988,13.122556462427976
437.0,39.0,0.04257403008023603,0.04257403008023603,1,1,thermal_hocbf,realized_force_cbf,11.936055823370989,14.922556462427977
437.0,40.5,0.04257403008023603,0.04257403008023603,1,1,thermal_hocbf,realized_force_cbf,13.73605582337099,16.722556462427978
437.0,42.0,0.04257403008023603,0.04257403008023603,1,1,thermal_hocbf,realized_force_cbf,15.53605582337099,18.52255646242798
437.0,43.5,0.04257403008023603,0.04257403008023603,1,1,thermal_hocbf,realized_force_cbf,17.336055823370987,20.322556462427976
437.0,45.0,0.04257403008023603,0.04257403008023603,1,1,thermal_hocbf,realized_force_cbf,19.136055823370988,22.122556462427976
437.0,46.5,0.04257403008023603,0.04257403008023603,1,1,thermal_hocbf,realized_force_cbf,20.93605582337099,23.922556462427977
437.0,48.0,0.04257403008023603,0.04257403008023603,1,1,thermal_hocbf,realized_force_cbf,22.73605582337099,25.722556462427978
437.0,49.5,0.04257403008023603,0.04257403008023603,1,1,thermal_hocbf,realized_force_cbf,24.536055823370987,27.522556462427975
437.0,51.0,0.04257403008023603,0.04257403008023603,1,1,thermal_hocbf,realized_force_cbf,26.33605582337099,29.32255646242798
437.0,52.5,0.04257403008023603,0.04257403008023603,1,1,thermal_hocbf,realized_force_cbf,28.136055823370988,31.122556462427976
437.0,54.0,0.04257403008023603,0.04257403008023603,1,1,thermal_hocbf,realized_force_cbf,29.936055823370985,32.92255646242798
437.0,55.5,0.04257403008023603,0.04257403008023603,1,1,thermal_hocbf,realized_force_cbf,31.73605582337099,34.722556462427974
437.0,57.0,0.04257403008023603,0.04257403008023603,1,1,thermal_hocbf,realized_force_cbf,33.53605582337099,36.52255646242797
437.0,58.5,0.04257403008023603,0.04257403008023603,1,1,thermal_hocbf,realized_force_cbf,35.33605582337099,38.32255646242798
437.0,60.0,0.04257403008023603,0.04257403008023603,1,1,thermal_hocbf,realized_force_cbf,37.13605582337099,40.12255646242798
437.0,61.5,0.04257403008023603,0.04257403008023603,1,1,thermal_hocbf,realized_force_cbf,38.936055823370985,41.92255646242798
437.0,63.0,0.04257403008023603,0.04257403008023603,1,1,thermal_hocbf,realized_force_cbf,40.73605582337099,43.722556462427974
437.0,64.5,0.04257403008023603,0.04257403008023603,1,1,thermal_hocbf,realized_force_cbf,42.53605582337099,45.52255646242797
437.0,66.0,0.04257403008023603,0.04257403008023603,1,1,thermal_hocbf,realized_force_cbf,44.33605582337099,47.32255646242798
437.0,67.5,0.04257403008023603,0.04257403008023603,1,1,thermal_hocbf,realized_force_cbf,46.13605582337099,49.12255646242798
437.0,69.0,0.04257403008023603,0.04257403008023603,1,1,thermal_hocbf,realized_force_cbf,47.936055823370985,50.92255646242798
437.0,70.5,0.04257403008023603,0.04257403008023603,1,1,thermal_hocbf,realized_force_cbf,49.73605582337099,52.722556462427974
437.0,72.0,0.04257403008023603,0.04257403008023603,1,1,thermal_hocbf,realized_force_cbf,51.53605582337099,54.52255646242797
437.0,73.5,0.04257403008023603,0.04257403008023603,1,1,thermal_hocbf,realized_force_cbf,53.336055823370984,56.32255646242797
437.0,75.0,0.04257403008023603,0.04257403008023603,1,1,thermal_hocbf,realized_force_cbf,55.13605582337099,58.12255646242798
437.0,76.5,0.04257403008023603,0.04257403008023603,1,1,thermal_hocbf,realized_force_cbf,56.93605582337099,59.92255646242798
437.0,78.0,0.04257403008023603,0.04257403008023603,1,1,thermal_hocbf,realized_force_cbf,58.73605582337099,61.722556462427974
437.0,79.5,0.04257403008023603,0.04257403008023603,1,1,thermal_hocbf,realized_force_cbf,60.53605582337099,63.52255646242797
437.0,81.0,0.04257403008023603,0.04257403008023603,1,1,thermal_hocbf,realized_force_cbf,62.336055823370984,65.32255646242797
437.0,82.5,0.04257403008023603,0.04257403008023603,1,1,thermal_hocbf,realized_force_cbf,64.13605582337098,67.12255646242797
437.0,84.0,0.04257403008023603,0.04257403008023603,1,1,thermal_hocbf,realized_force_cbf,65.93605582337099,68.92255646242798
437.0,85.5,0.04257403008023603,0.04257403008023603,1,1,thermal_hocbf,realized_force_cbf,67.73605582337099,70.72255646242797
437.0,87.0,0.04257403008023603,0.04257403008023603,1,1,thermal_hocbf,realized_force_cbf,69.53605582337099,72.52255646242797
437.0,88.5,0.04257403008023603,0.04257403008023603,1,1,thermal_hocbf,realized_force_cbf,71.33605582337098,74.32255646242797
437.0,90.0,0.04257403008023603,0.04257403008023603,1,1,thermal_hocbf,realized_force_cbf,73.13605582337098,76.12255646242797
441.0,15.0,-8.692918127744694,-7.1996678082162,0,0,thermal_hocbf,realized_force_cbf,-17.385836255489387,-14.3993356164324
441.0,16.5,-7.792918127744693,-6.299667808216199,0,0,thermal_hocbf,realized_force_cbf,-15.585836255489387,-12.599335616432398
441.0,18.0,-6.892918127744693,-5.399667808216199,0,0,thermal_hocbf,realized_force_cbf,-13.785836255489386,-10.799335616432398
441.0,19.5,-5.992918127744693,-4.4996678082161985,0,0,thermal_hocbf,realized_force_cbf,-11.985836255489385,-8.999335616432397
441.0,21.0,-5.092918127744694,-3.599667808216199,0,0,thermal_hocbf,realized_force_cbf,-10.185836255489388,-7.199335616432398
441.0,22.5,-4.192918127744694,-2.6996678082161987,0,0,thermal_hocbf,realized_force_cbf,-8.385836255489387,-5.399335616432397
441.0,24.0,-3.2929181277446937,-1.7996678082161992,0,0,thermal_hocbf,realized_force_cbf,-6.5858362554893874,-3.5993356164323984
441.0,25.5,-2.3929181277446934,-0.8996678082161988,0,0,thermal_hocbf,realized_force_cbf,-4.785836255489387,-1.7993356164323977
441.0,27.0,-1.4929181277446935,0.0003321917838010613,0,1,thermal_hocbf,realized_force_cbf,-2.985836255489387,0.0006643835676021226
441.0,28.5,-0.5929181277446935,0.037935013597917,0,1,thermal_hocbf,realized_force_cbf,-1.185836255489387,1.800664383567602
441.0,30.0,0.037935013597917,0.037935013597917,1,1,thermal_hocbf,realized_force_cbf,0.6141637445106136,3.6006643835676027
441.0,31.5,0.037935013597917,0.037935013597917,1,1,thermal_hocbf,realized_force_cbf,2.4141637445106126,5.400664383567602
441.0,33.0,0.037935013597917,0.037935013597917,1,1,thermal_hocbf,realized_force_cbf,4.214163744510613,7.200664383567602
441.0,34.5,0.037935013597917,0.037935013597917,1,1,thermal_hocbf,realized_force_cbf,6.014163744510612,9.000664383567601
441.0,36.0,0.037935013597917,0.037935013597917,1,1,thermal_hocbf,realized_force_cbf,7.814163744510613,10.800664383567602
441.0,37.5,0.037935013597917,0.037935013597917,1,1,thermal_hocbf,realized_force_cbf,9.614163744510613,12.6006643835676
441.0,39.0,0.037935013597917,0.037935013597917,1,1,thermal_hocbf,realized_force_cbf,11.414163744510613,14.400664383567602
441.0,40.5,0.037935013597917,0.037935013597917,1,1,thermal_hocbf,realized_force_cbf,13.214163744510614,16.200664383567602
441.0,42.0,0.037935013597917,0.037935013597917,1,1,thermal_hocbf,realized_force_cbf,15.014163744510615,18.000664383567603
441.0,43.5,0.037935013597917,0.037935013597917,1,1,thermal_hocbf,realized_force_cbf,16.814163744510612,19.8006643835676
441.0,45.0,0.037935013597917,0.037935013597917,1,1,thermal_hocbf,realized_force_cbf,18.614163744510613,21.6006643835676
441.0,46.5,0.037935013597917,0.037935013597917,1,1,thermal_hocbf,realized_force_cbf,20.414163744510613,23.4006643835676
441.0,48.0,0.037935013597917,0.037935013597917,1,1,thermal_hocbf,realized_force_cbf,22.214163744510614,25.200664383567602
441.0,49.5,0.037935013597917,0.037935013597917,1,1,thermal_hocbf,realized_force_cbf,24.01416374451061,27.0006643835676
441.0,51.0,0.037935013597917,0.037935013597917,1,1,thermal_hocbf,realized_force_cbf,25.814163744510616,28.800664383567604
441.0,52.5,0.037935013597917,0.037935013597917,1,1,thermal_hocbf,realized_force_cbf,27.614163744510613,30.6006643835676
441.0,54.0,0.037935013597917,0.037935013597917,1,1,thermal_hocbf,realized_force_cbf,29.41416374451061,32.4006643835676
441.0,55.5,0.037935013597917,0.037935013597917,1,1,thermal_hocbf,realized_force_cbf,31.214163744510614,34.2006643835676
441.0,57.0,0.037935013597917,0.037935013597917,1,1,thermal_hocbf,realized_force_cbf,33.01416374451061,36.000664383567596
441.0,58.5,0.037935013597917,0.037935013597917,1,1,thermal_hocbf,realized_force_cbf,34.814163744510616,37.80066438356761
441.0,60.0,0.037935013597917,0.037935013597917,1,1,thermal_hocbf,realized_force_cbf,36.61416374451061,39.600664383567604
441.0,61.5,0.037935013597917,0.037935013597917,1,1,thermal_hocbf,realized_force_cbf,38.41416374451061,41.4006643835676
441.0,63.0,0.037935013597917,0.037935013597917,1,1,thermal_hocbf,realized_force_cbf,40.214163744510614,43.2006643835676
441.0,64.5,0.037935013597917,0.037935013597917,1,1,thermal_hocbf,realized_force_cbf,42.01416374451061,45.000664383567596
441.0,66.0,0.037935013597917,0.037935013597917,1,1,thermal_hocbf,realized_force_cbf,43.814163744510616,46.80066438356761
441.0,67.5,0.037935013597917,0.037935013597917,1,1,thermal_hocbf,realized_force_cbf,45.61416374451061,48.600664383567604
441.0,69.0,0.037935013597917,0.037935013597917,1,1,thermal_hocbf,realized_force_cbf,47.41416374451061,50.4006643835676
441.0,70.5,0.037935013597917,0.037935013597917,1,1,thermal_hocbf,realized_force_cbf,49.214163744510614,52.2006643835676
441.0,72.0,0.037935013597917,0.037935013597917,1,1,thermal_hocbf,realized_force_cbf,51.01416374451061,54.000664383567596
441.0,73.5,0.037935013597917,0.037935013597917,1,1,thermal_hocbf,realized_force_cbf,52.81416374451061,55.80066438356759
441.0,75.0,0.037935013597917,0.037935013597917,1,1,thermal_hocbf,realized_force_cbf,54.61416374451061,57.600664383567604
441.0,76.5,0.037935013597917,0.037935013597917,1,1,thermal_hocbf,realized_force_cbf,56.41416374451062,59.4006643835676
441.0,78.0,0.037935013597917,0.037935013597917,1,1,thermal_hocbf,realized_force_cbf,58.214163744510614,61.2006643835676
441.0,79.5,0.037935013597917,0.037935013597917,1,1,thermal_hocbf,realized_force_cbf,60.01416374451061,63.000664383567596
441.0,81.0,0.037935013597917,0.037935013597917,1,1,thermal_hocbf,realized_force_cbf,61.81416374451061,64.8006643835676
441.0,82.5,0.037935013597917,0.037935013597917,1,1,thermal_hocbf,realized_force_cbf,63.614163744510606,66.60066438356759
441.0,84.0,0.037935013597917,0.037935013597917,1,1,thermal_hocbf,realized_force_cbf,65.41416374451062,68.4006643835676
441.0,85.5,0.037935013597917,0.037935013597917,1,1,thermal_hocbf,realized_force_cbf,67.21416374451061,70.2006643835676
441.0,87.0,0.037935013597917,0.037935013597917,1,1,thermal_hocbf,realized_force_cbf,69.01416374451061,72.0006643835676
441.0,88.5,0.037935013597917,0.037935013597917,1,1,thermal_hocbf,realized_force_cbf,70.81416374451061,73.8006643835676
441.0,90.0,0.037935013597917,0.037935013597917,1,1,thermal_hocbf,realized_force_cbf,72.6141637445106,75.60066438356759
445.0,15.0,-8.953864167174881,-7.460613847646387,0,0,thermal_hocbf,realized_force_cbf,-17.907728334349763,-14.921227695292774
445.0,16.5,-8.053864167174881,-6.560613847646387,0,0,thermal_hocbf,realized_force_cbf,-16.107728334349762,-13.121227695292774
445.0,18.0,-7.153864167174881,-5.6606138476463865,0,0,thermal_hocbf,realized_force_cbf,-14.307728334349761,-11.321227695292773
445.0,19.5,-6.25386416717488,-4.760613847646386,0,0,thermal_hocbf,realized_force_cbf,-12.50772833434976,-9.521227695292772
445.0,21.0,-5.353864167174881,-3.8606138476463867,0,0,thermal_hocbf,realized_force_cbf,-10.707728334349762,-7.721227695292773
445.0,22.5,-4.45386416717488,-2.9606138476463864,0,0,thermal_hocbf,realized_force_cbf,-8.90772833434976,-5.921227695292773
445.0,24.0,-3.553864167174881,-2.060613847646387,0,0,thermal_hocbf,realized_force_cbf,-7.107728334349762,-4.121227695292774
445.0,25.5,-2.6538641671748806,-1.1606138476463865,0,0,thermal_hocbf,realized_force_cbf,-5.307728334349761,-2.321227695292773
445.0,27.0,-1.7538641671748807,-0.2606138476463866,0,0,thermal_hocbf,realized_force_cbf,-3.5077283343497614,-0.5212276952927732
445.0,28.5,-0.8538641671748808,0.033295997115597976,0,1,thermal_hocbf,realized_force_cbf,-1.7077283343497616,1.2787723047072266
445.0,30.0,0.033295997115597976,0.033295997115597976,1,1,thermal_hocbf,realized_force_cbf,0.09227166565023914,3.0787723047072273
445.0,31.5,0.033295997115597976,0.033295997115597976,1,1,thermal_hocbf,realized_force_cbf,1.892271665650238,4.878772304707226
445.0,33.0,0.033295997115597976,0.033295997115597976,1,1,thermal_hocbf,realized_force_cbf,3.692271665650239,6.678772304707227
445.0,34.5,0.033295997115597976,0.033295997115597976,1,1,thermal_hocbf,realized_force_cbf,5.492271665650238,8.478772304707226
445.0,36.0,0.033295997115597976,0.033295997115597976,1,1,thermal_hocbf,realized_force_cbf,7.292271665650238,10.278772304707227
445.0,37.5,0.033295997115597976,0.033295997115597976,1,1,thermal_hocbf,realized_force_cbf,9.092271665650237,12.078772304707226
445.0,39.0,0.033295997115597976,0.033295997115597976,1,1,thermal_hocbf,realized_force_cbf,10.892271665650238,13.878772304707226
445.0,40.5,0.033295997115597976,0.033295997115597976,1,1,thermal_hocbf,realized_force_cbf,12.692271665650239,15.678772304707227
445.0,42.0,0.033295997115597976,0.033295997115597976,1,1,thermal_hocbf,realized_force_cbf,14.49227166565024,17.478772304707228
445.0,43.5,0.033295997115597976,0.033295997115597976,1,1,thermal_hocbf,realized_force_cbf,16.292271665650237,19.278772304707225
445.0,45.0,0.033295997115597976,0.033295997115597976,1,1,thermal_hocbf,realized_force_cbf,18.092271665650237,21.078772304707226
445.0,46.5,0.033295997115597976,0.033295997115597976,1,1,thermal_hocbf,realized_force_cbf,19.892271665650238,22.878772304707226
445.0,48.0,0.033295997115597976,0.033295997115597976,1,1,thermal_hocbf,realized_force_cbf,21.69227166565024,24.678772304707227
445.0,49.5,0.033295997115597976,0.033295997115597976,1,1,thermal_hocbf,realized_force_cbf,23.492271665650236,26.478772304707224
445.0,51.0,0.033295997115597976,0.033295997115597976,1,1,thermal_hocbf,realized_force_cbf,25.29227166565024,28.27877230470723
445.0,52.5,0.033295997115597976,0.033295997115597976,1,1,thermal_hocbf,realized_force_cbf,27.092271665650237,30.078772304707226
445.0,54.0,0.033295997115597976,0.033295997115597976,1,1,thermal_hocbf,realized_force_cbf,28.892271665650235,31.878772304707223
445.0,55.5,0.033295997115597976,0.033295997115597976,1,1,thermal_hocbf,realized_force_cbf,30.69227166565024,33.67877230470722
445.0,57.0,0.033295997115597976,0.033295997115597976,1,1,thermal_hocbf,realized_force_cbf,32.492271665650236,35.47877230470722
445.0,58.5,0.033295997115597976,0.033295997115597976,1,1,thermal_hocbf,realized_force_cbf,34.29227166565024,37.27877230470723
445.0,60.0,0.033295997115597976,0.033295997115597976,1,1,thermal_hocbf,realized_force_cbf,36.09227166565024,39.07877230470723
445.0,61.5,0.033295997115597976,0.033295997115597976,1,1,thermal_hocbf,realized_force_cbf,37.892271665650235,40.878772304707226
445.0,63.0,0.033295997115597976,0.033295997115597976,1,1,thermal_hocbf,realized_force_cbf,39.69227166565024,42.67877230470722
445.0,64.5,0.033295997115597976,0.033295997115597976,1,1,thermal_hocbf,realized_force_cbf,41.492271665650236,44.47877230470722
445.0,66.0,0.033295997115597976,0.033295997115597976,1,1,thermal_hocbf,realized_force_cbf,43.29227166565024,46.27877230470723
445.0,67.5,0.033295997115597976,0.033295997115597976,1,1,thermal_hocbf,realized_force_cbf,45.09227166565024,48.07877230470723
445.0,69.0,0.033295997115597976,0.033295997115597976,1,1,thermal_hocbf,realized_force_cbf,46.892271665650235,49.878772304707226
445.0,70.5,0.033295997115597976,0.033295997115597976,1,1,thermal_hocbf,realized_force_cbf,48.69227166565024,51.67877230470722
445.0,72.0,0.033295997115597976,0.033295997115597976,1,1,thermal_hocbf,realized_force_cbf,50.492271665650236,53.47877230470722
445.0,73.5,0.033295997115597976,0.033295997115597976,1,1,thermal_hocbf,realized_force_cbf,52.29227166565023,55.27877230470722
445.0,75.0,0.033295997115597976,0.033295997115597976,1,1,thermal_hocbf,realized_force_cbf,54.09227166565024,57.07877230470723
445.0,76.5,0.033295997115597976,0.033295997115597976,1,1,thermal_hocbf,realized_force_cbf,55.89227166565024,58.878772304707226
445.0,78.0,0.033295997115597976,0.033295997115597976,1,1,thermal_hocbf,realized_force_cbf,57.69227166565024,60.67877230470722
445.0,79.5,0.033295997115597976,0.033295997115597976,1,1,thermal_hocbf,realized_force_cbf,59.492271665650236,62.47877230470722
445.0,81.0,0.033295997115597976,0.033295997115597976,1,1,thermal_hocbf,realized_force_cbf,61.29227166565023,64.27877230470722
445.0,82.5,0.033295997115597976,0.033295997115597976,1,1,thermal_hocbf,realized_force_cbf,63.09227166565023,66.07877230470721
445.0,84.0,0.033295997115597976,0.033295997115597976,1,1,thermal_hocbf,realized_force_cbf,64.89227166565024,67.87877230470723
445.0,85.5,0.033295997115597976,0.033295997115597976,1,1,thermal_hocbf,realized_force_cbf,66.69227166565024,69.67877230470722
445.0,87.0,0.033295997115597976,0.033295997115597976,1,1,thermal_hocbf,realized_force_cbf,68.49227166565024,71.47877230470722
445.0,88.5,0.033295997115597976,0.033295997115597976,1,1,thermal_hocbf,realized_force_cbf,70.29227166565023,73.27877230470722
445.0,90.0,0.033295997115597976,0.033295997115597976,1,1,thermal_hocbf,realized_force_cbf,72.09227166565023,75.07877230470721
449.0,15.0,-9.214810206605069,-7.721559887076575,0,0,thermal_hocbf,realized_force_cbf,-18.429620413210138,-15.44311977415315
449.0,16.5,-8.314810206605069,-6.821559887076575,0,0,thermal_hocbf,realized_force_cbf,-16.629620413210137,-13.64311977415315
449.0,18.0,-7.414810206605068,-5.921559887076574,0,0,thermal_hocbf,realized_force_cbf,-14.829620413210137,-11.843119774153148
449.0,19.5,-6.514810206605068,-5.021559887076574,0,0,thermal_hocbf,realized_force_cbf,-13.029620413210136,-10.043119774153148
449.0,21.0,-5.6148102066050685,-4.121559887076574,0,0,thermal_hocbf,realized_force_cbf,-11.229620413210137,-8.243119774153149
449.0,22.5,-4.714810206605068,-3.221559887076574,0,0,thermal_hocbf,realized_force_cbf,-9.429620413210136,-6.443119774153148
449.0,24.0,-3.8148102066050686,-2.3215598870765746,0,0,thermal_hocbf,realized_force_cbf,-7.629620413210137,-4.643119774153149
449.0,25.5,-2.9148102066050683,-1.4215598870765742,0,0,thermal_hocbf,realized_force_cbf,-5.829620413210137,-2.8431197741531484
449.0,27.0,-2.014810206605069,-0.5215598870765743,0,0,thermal_hocbf,realized_force_cbf,-4.029620413210138,-1.0431197741531486
449.0,28.5,-1.1148102066050687,0.028656980633278935,0,1,thermal_hocbf,realized_force_cbf,-2.2296204132101374,0.7568802258468512
449.0,30.0,-0.21481020660506833,0.028656980633278935,0,1,thermal_hocbf,realized_force_cbf,-0.42962041321013666,2.556880225846852
449.0,31.5,0.028656980633278935,0.028656980633278935,1,1,thermal_hocbf,realized_force_cbf,1.3703795867898623,4.356880225846851
449.0,33.0,0.028656980633278935,0.028656980633278935,1,1,thermal_hocbf,realized_force_cbf,3.170379586789863,6.156880225846852
449.0,34.5,0.028656980633278935,0.028656980633278935,1,1,thermal_hocbf,realized_force_cbf,4.970379586789862,7.9568802258468505
449.0,36.0,0.028656980633278935,0.028656980633278935,1,1,thermal_hocbf,realized_force_cbf,6.770379586789863,9.756880225846851
449.0,37.5,0.028656980633278935,0.028656980633278935,1,1,thermal_hocbf,realized_force_cbf,8.570379586789862,11.55688022584685
449.0,39.0,0.028656980633278935,0.028656980633278935,1,1,thermal_hocbf,realized_force_cbf,10.370379586789863,13.35688022584685
449.0,40.5,0.028656980633278935,0.028656980633278935,1,1,thermal_hocbf,realized_force_cbf,12.170379586789863,15.156880225846852
449.0,42.0,0.028656980633278935,0.028656980633278935,1,1,thermal_hocbf,realized_force_cbf,13.970379586789864,16.956880225846852
449.0,43.5,0.028656980633278935,0.028656980633278935,1,1,thermal_hocbf,realized_force_cbf,15.770379586789861,18.75688022584685
449.0,45.0,0.028656980633278935,0.028656980633278935,1,1,thermal_hocbf,realized_force_cbf,17.570379586789862,20.55688022584685
449.0,46.5,0.028656980633278935,0.028656980633278935,1,1,thermal_hocbf,realized_force_cbf,19.370379586789863,22.35688022584685
449.0,48.0,0.028656980633278935,0.028656980633278935,1,1,thermal_hocbf,realized_force_cbf,21.170379586789863,24.15688022584685
449.0,49.5,0.028656980633278935,0.028656980633278935,1,1,thermal_hocbf,realized_force_cbf,22.97037958678986,25.95688022584685
449.0,51.0,0.028656980633278935,0.028656980633278935,1,1,thermal_hocbf,realized_force_cbf,24.770379586789865,27.756880225846853
449.0,52.5,0.028656980633278935,0.028656980633278935,1,1,thermal_hocbf,realized_force_cbf,26.570379586789862,29.55688022584685
449.0,54.0,0.028656980633278935,0.028656980633278935,1,1,thermal_hocbf,realized_force_cbf,28.37037958678986,31.356880225846847
449.0,55.5,0.028656980633278935,0.028656980633278935,1,1,thermal_hocbf,realized_force_cbf,30.170379586789863,33.15688022584685
449.0,57.0,0.028656980633278935,0.028656980633278935,1,1,thermal_hocbf,realized_force_cbf,31.97037958678986,34.956880225846845
449.0,58.5,0.028656980633278935,0.028656980633278935,1,1,thermal_hocbf,realized_force_cbf,33.770379586789865,36.75688022584686
449.0,60.0,0.028656980633278935,0.028656980633278935,1,1,thermal_hocbf,realized_force_cbf,35.57037958678986,38.556880225846854
449.0,61.5,0.028656980633278935,0.028656980633278935,1,1,thermal_hocbf,realized_force_cbf,37.37037958678986,40.35688022584685
449.0,63.0,0.028656980633278935,0.028656980633278935,1,1,thermal_hocbf,realized_force_cbf,39.17037958678986,42.15688022584685
449.0,64.5,0.028656980633278935,0.028656980633278935,1,1,thermal_hocbf,realized_force_cbf,40.97037958678986,43.956880225846845
449.0,66.0,0.028656980633278935,0.028656980633278935,1,1,thermal_hocbf,realized_force_cbf,42.770379586789865,45.75688022584686
449.0,67.5,0.028656980633278935,0.028656980633278935,1,1,thermal_hocbf,realized_force_cbf,44.57037958678986,47.556880225846854
449.0,69.0,0.028656980633278935,0.028656980633278935,1,1,thermal_hocbf,realized_force_cbf,46.37037958678986,49.35688022584685
449.0,70.5,0.028656980633278935,0.028656980633278935,1,1,thermal_hocbf,realized_force_cbf,48.17037958678986,51.15688022584685
449.0,72.0,0.028656980633278935,0.028656980633278935,1,1,thermal_hocbf,realized_force_cbf,49.97037958678986,52.956880225846845
449.0,73.5,0.028656980633278935,0.028656980633278935,1,1,thermal_hocbf,realized_force_cbf,51.77037958678986,54.75688022584684
449.0,75.0,0.028656980633278935,0.028656980633278935,1,1,thermal_hocbf,realized_force_cbf,53.57037958678986,56.556880225846854
449.0,76.5,0.028656980633278935,0.028656980633278935,1,1,thermal_hocbf,realized_force_cbf,55.370379586789866,58.35688022584685
449.0,78.0,0.028656980633278935,0.028656980633278935,1,1,thermal_hocbf,realized_force_cbf,57.17037958678986,60.15688022584685
449.0,79.5,0.028656980633278935,0.028656980633278935,1,1,thermal_hocbf,realized_force_cbf,58.97037958678986,61.956880225846845
449.0,81.0,0.028656980633278935,0.028656980633278935,1,1,thermal_hocbf,realized_force_cbf,60.77037958678986,63.75688022584684
449.0,82.5,0.028656980633278935,0.028656980633278935,1,1,thermal_hocbf,realized_force_cbf,62.570379586789855,65.55688022584684
449.0,84.0,0.028656980633278935,0.028656980633278935,1,1,thermal_hocbf,realized_force_cbf,64.37037958678987,67.35688022584685
449.0,85.5,0.028656980633278935,0.028656980633278935,1,1,thermal_hocbf,realized_force_cbf,66.17037958678986,69.15688022584685
449.0,87.0,0.028656980633278935,0.028656980633278935,1,1,thermal_hocbf,realized_force_cbf,67.97037958678986,70.95688022584685
449.0,88.5,0.028656980633278935,0.028656980633278935,1,1,thermal_hocbf,realized_force_cbf,69.77037958678986,72.75688022584684
449.0,90.0,0.028656980633278935,0.028656980633278935,1,1,thermal_hocbf,realized_force_cbf,71.57037958678985,74.55688022584684
453.0,15.0,-9.475756246035257,-7.982505926506763,0,0,thermal_hocbf,realized_force_cbf,-18.951512492070513,-15.965011853013525
453.0,16.5,-8.575756246035256,-7.082505926506762,0,0,thermal_hocbf,realized_force_cbf,-17.151512492070513,-14.165011853013525
453.0,18.0,-7.675756246035256,-6.182505926506762,0,0,thermal_hocbf,realized_force_cbf,-15.351512492070512,-12.365011853013524
453.0,19.5,-6.775756246035256,-5.2825059265067615,0,0,thermal_hocbf,realized_force_cbf,-13.551512492070511,-10.565011853013523
453.0,21.0,-5.875756246035256,-4.382505926506762,0,0,thermal_hocbf,realized_force_cbf,-11.751512492070512,-8.765011853013524
453.0,22.5,-4.975756246035256,-3.4825059265067617,0,0,thermal_hocbf,realized_force_cbf,-9.951512492070512,-6.965011853013523
453.0,24.0,-4.075756246035256,-2.5825059265067623,0,0,thermal_hocbf,realized_force_cbf,-8.151512492070513,-5.1650118530135245
453.0,25.5,-3.175756246035256,-1.682505926506762,0,0,thermal_hocbf,realized_force_cbf,-6.351512492070512,-3.365011853013524
453.0,27.0,-2.2757562460352565,-0.782505926506762,0,0,thermal_hocbf,realized_force_cbf,-4.551512492070513,-1.565011853013524
453.0,28.5,-1.3757562460352564,0.024017964150959907,0,1,thermal_hocbf,realized_force_cbf,-2.7515124920705127,0.23498814698647585
453.0,30.0,-0.475756246035256,0.024017964150959907,0,1,thermal_hocbf,realized_force_cbf,-0.951512492070512,2.0349881469864766
453.0,31.5,0.024017964150959907,0.024017964150959907,1,1,thermal_hocbf,realized_force_cbf,0.8484875079294869,3.8349881469864755
453.0,33.0,0.024017964150959907,0.024017964150959907,1,1,thermal_hocbf,realized_force_cbf,2.6484875079294876,5.634988146986476
453.0,34.5,0.024017964150959907,0.024017964150959907,1,1,thermal_hocbf,realized_force_cbf,4.448487507929487,7.434988146986475
453.0,36.0,0.024017964150959907,0.024017964150959907,1,1,thermal_hocbf,realized_force_cbf,6.248487507929488,9.234988146986476
453.0,37.5,0.024017964150959907,0.024017964150959907,1,1,thermal_hocbf,realized_force_cbf,8.048487507929487,11.034988146986475
453.0,39.0,0.024017964150959907,0.024017964150959907,1,1,thermal_hocbf,realized_force_cbf,9.848487507929487,12.834988146986475
453.0,40.5,0.024017964150959907,0.024017964150959907,1,1,thermal_hocbf,realized_force_cbf,11.648487507929488,14.634988146986476
453.0,42.0,0.024017964150959907,0.024017964150959907,1,1,thermal_hocbf,realized_force_cbf,13.448487507929489,16.434988146986477
453.0,43.5,0.024017964150959907,0.024017964150959907,1,1,thermal_hocbf,realized_force_cbf,15.248487507929486,18.234988146986474
453.0,45.0,0.024017964150959907,0.024017964150959907,1,1,thermal_hocbf,realized_force_cbf,17.048487507929487,20.034988146986475
453.0,46.5,0.024017964150959907,0.024017964150959907,1,1,thermal_hocbf,realized_force_cbf,18.848487507929487,21.834988146986475
453.0,48.0,0.024017964150959907,0.024017964150959907,1,1,thermal_hocbf,realized_force_cbf,20.648487507929488,23.634988146986476
453.0,49.5,0.024017964150959907,0.024017964150959907,1,1,thermal_hocbf,realized_force_cbf,22.448487507929485,25.434988146986473
453.0,51.0,0.024017964150959907,0.024017964150959907,1,1,thermal_hocbf,realized_force_cbf,24.24848750792949,27.234988146986478
453.0,52.5,0.024017964150959907,0.024017964150959907,1,1,thermal_hocbf,realized_force_cbf,26.048487507929487,29.034988146986475
453.0,54.0,0.024017964150959907,0.024017964150959907,1,1,thermal_hocbf,realized_force_cbf,27.848487507929484,30.834988146986472
453.0,55.5,0.024017964150959907,0.024017964150959907,1,1,thermal_hocbf,realized_force_cbf,29.648487507929488,32.63498814698647
453.0,57.0,0.024017964150959907,0.024017964150959907,1,1,thermal_hocbf,realized_force_cbf,31.448487507929485,34.43498814698647
453.0,58.5,0.024017964150959907,0.024017964150959907,1,1,thermal_hocbf,realized_force_cbf,33.24848750792949,36.23498814698648
453.0,60.0,0.024017964150959907,0.024017964150959907,1,1,thermal_hocbf,realized_force_cbf,35.04848750792949,38.03498814698648
453.0,61.5,0.024017964150959907,0.024017964150959907,1,1,thermal_hocbf,realized_force_cbf,36.848487507929484,39.834988146986475
453.0,63.0,0.024017964150959907,0.024017964150959907,1,1,thermal_hocbf,realized_force_cbf,38.64848750792949,41.63498814698647
453.0,64.5,0.024017964150959907,0.024017964150959907,1,1,thermal_hocbf,realized_force_cbf,40.448487507929485,43.43498814698647
453.0,66.0,0.024017964150959907,0.024017964150959907,1,1,thermal_hocbf,realized_force_cbf,42.24848750792949,45.23498814698648
453.0,67.5,0.024017964150959907,0.024017964150959907,1,1,thermal_hocbf,realized_force_cbf,44.04848750792949,47.03498814698648
453.0,69.0,0.024017964150959907,0.024017964150959907,1,1,thermal_hocbf,realized_force_cbf,45.848487507929484,48.834988146986475
453.0,70.5,0.024017964150959907,0.024017964150959907,1,1,thermal_hocbf,realized_force_cbf,47.64848750792949,50.63498814698647
453.0,72.0,0.024017964150959907,0.024017964150959907,1,1,thermal_hocbf,realized_force_cbf,49.448487507929485,52.43498814698647
453.0,73.5,0.024017964150959907,0.024017964150959907,1,1,thermal_hocbf,realized_force_cbf,51.24848750792948,54.23498814698647
453.0,75.0,0.024017964150959907,0.024017964150959907,1,1,thermal_hocbf,realized_force_cbf,53.04848750792949,56.03498814698648
453.0,76.5,0.024017964150959907,0.024017964150959907,1,1,thermal_hocbf,realized_force_cbf,54.84848750792949,57.834988146986475
453.0,78.0,0.024017964150959907,0.024017964150959907,1,1,thermal_hocbf,realized_force_cbf,56.64848750792949,59.63498814698647
453.0,79.5,0.024017964150959907,0.024017964150959907,1,1,thermal_hocbf,realized_force_cbf,58.448487507929485,61.43498814698647
453.0,81.0,0.024017964150959907,0.024017964150959907,1,1,thermal_hocbf,realized_force_cbf,60.24848750792948,63.23498814698647
453.0,82.5,0.024017964150959907,0.024017964150959907,1,1,thermal_hocbf,realized_force_cbf,62.04848750792948,65.03498814698646
453.0,84.0,0.024017964150959907,0.024017964150959907,1,1,thermal_hocbf,realized_force_cbf,63.84848750792949,66.83498814698648
453.0,85.5,0.024017964150959907,0.024017964150959907,1,1,thermal_hocbf,realized_force_cbf,65.64848750792949,68.63498814698647
453.0,87.0,0.024017964150959907,0.024017964150959907,1,1,thermal_hocbf,realized_force_cbf,67.44848750792949,70.43498814698647
453.0,88.5,0.024017964150959907,0.024017964150959907,1,1,thermal_hocbf,realized_force_cbf,69.24848750792948,72.23498814698647
453.0,90.0,0.024017964150959907,0.024017964150959907,1,1,thermal_hocbf,realized_force_cbf,71.04848750792948,74.03498814698646
457.0,15.0,-9.736702285465444,-8.24345196593695,0,0,thermal_hocbf,realized_force_cbf,-19.47340457093089,-16.4869039318739
457.0,16.5,-8.836702285465444,-7.34345196593695,0,0,thermal_hocbf,realized_force_cbf,-17.673404570930888,-14.6869039318739
457.0,18.0,-7.936702285465444,-6.44345196593695,0,0,thermal_hocbf,realized_force_cbf,-15.873404570930887,-12.8869039318739
457.0,19.5,-7.036702285465443,-5.543451965936949,0,0,thermal_hocbf,realized_force_cbf,-14.073404570930887,-11.086903931873898
457.0,21.0,-6.136702285465444,-4.643451965936949,0,0,thermal_hocbf,realized_force_cbf,-12.273404570930888,-9.286903931873898
457.0,22.5,-5.2367022854654435,-3.743451965936949,0,0,thermal_hocbf,realized_force_cbf,-10.473404570930887,-7.486903931873898
457.0,24.0,-4.336702285465444,-2.8434519659369495,0,0,thermal_hocbf,realized_force_cbf,-8.673404570930888,-5.686903931873899
457.0,25.5,-3.4367022854654437,-1.9434519659369491,0,0,thermal_hocbf,realized_force_cbf,-6.873404570930887,-3.8869039318738983
457.0,27.0,-2.5367022854654433,-1.0434519659369492,0,0,thermal_hocbf,realized_force_cbf,-5.073404570930887,-2.0869039318738984
457.0,28.5,-1.6367022854654436,-0.1434519659369493,0,0,thermal_hocbf,realized_force_cbf,-3.273404570930887,-0.2869039318738986
457.0,30.0,-0.7367022854654433,0.01937894766864088,0,1,thermal_hocbf,realized_force_cbf,-1.4734045709308865,1.513096068126102
457.0,31.5,0.01937894766864088,0.01937894766864088,1,1,thermal_hocbf,realized_force_cbf,0.32659542906911243,3.313096068126101
457.0,33.0,0.01937894766864088,0.01937894766864088,1,1,thermal_hocbf,realized_force_cbf,2.126595429069113,5.113096068126102
457.0,34.5,0.01937894766864088,0.01937894766864088,1,1,thermal_hocbf,realized_force_cbf,3.926595429069112,6.913096068126101
457.0,36.0,0.01937894766864088,0.01937894766864088,1,1,thermal_hocbf,realized_force_cbf,5.726595429069112,8.713096068126102
457.0,37.5,0.01937894766864088,0.01937894766864088,1,1,thermal_hocbf,realized_force_cbf,7.526595429069111,10.5130960681261
457.0,39.0,0.01937894766864088,0.01937894766864088,1,1,thermal_hocbf,realized_force_cbf,9.326595429069112,12.3130960681261
457.0,40.5,0.01937894766864088,0.01937894766864088,1,1,thermal_hocbf,realized_force_cbf,11.126595429069113,14.1130960681261
457.0,42.0,0.01937894766864088,0.01937894766864088,1,1,thermal_hocbf,realized_force_cbf,12.926595429069113,15.913096068126102
457.0,43.5,0.01937894766864088,0.01937894766864088,1,1,thermal_hocbf,realized_force_cbf,14.72659542906911,17.7130960681261
457.0,45.0,0.01937894766864088,0.01937894766864088,1,1,thermal_hocbf,realized_force_cbf,16.52659542906911,19.5130960681261
457.0,46.5,0.01937894766864088,0.01937894766864088,1,1,thermal_hocbf,realized_force_cbf,18.326595429069112,21.3130960681261
457.0,48.0,0.01937894766864088,0.01937894766864088,1,1,thermal_hocbf,realized_force_cbf,20.126595429069113,23.1130960681261
457.0,49.5,0.01937894766864088,0.01937894766864088,1,1,thermal_hocbf,realized_force_cbf,21.92659542906911,24.913096068126098
457.0,51.0,0.01937894766864088,0.01937894766864088,1,1,thermal_hocbf,realized_force_cbf,23.726595429069114,26.713096068126102
457.0,52.5,0.01937894766864088,0.01937894766864088,1,1,thermal_hocbf,realized_force_cbf,25.52659542906911,28.5130960681261
457.0,54.0,0.01937894766864088,0.01937894766864088,1,1,thermal_hocbf,realized_force_cbf,27.32659542906911,30.313096068126097
457.0,55.5,0.01937894766864088,0.01937894766864088,1,1,thermal_hocbf,realized_force_cbf,29.126595429069113,32.113096068126104
457.0,57.0,0.01937894766864088,0.01937894766864088,1,1,thermal_hocbf,realized_force_cbf,30.92659542906911,33.9130960681261
457.0,58.5,0.01937894766864088,0.01937894766864088,1,1,thermal_hocbf,realized_force_cbf,32.726595429069114,35.713096068126106
457.0,60.0,0.01937894766864088,0.01937894766864088,1,1,thermal_hocbf,realized_force_cbf,34.52659542906911,37.5130960681261
457.0,61.5,0.01937894766864088,0.01937894766864088,1,1,thermal_hocbf,realized_force_cbf,36.32659542906911,39.3130960681261
457.0,63.0,0.01937894766864088,0.01937894766864088,1,1,thermal_hocbf,realized_force_cbf,38.12659542906911,41.113096068126104
457.0,64.5,0.01937894766864088,0.01937894766864088,1,1,thermal_hocbf,realized_force_cbf,39.92659542906911,42.9130960681261
457.0,66.0,0.01937894766864088,0.01937894766864088,1,1,thermal_hocbf,realized_force_cbf,41.726595429069114,44.713096068126106
457.0,67.5,0.01937894766864088,0.01937894766864088,1,1,thermal_hocbf,realized_force_cbf,43.52659542906911,46.5130960681261
457.0,69.0,0.01937894766864088,0.01937894766864088,1,1,thermal_hocbf,realized_force_cbf,45.32659542906911,48.3130960681261
457.0,70.5,0.01937894766864088,0.01937894766864088,1,1,thermal_hocbf,realized_force_cbf,47.12659542906911,50.113096068126104
457.0,72.0,0.01937894766864088,0.01937894766864088,1,1,thermal_hocbf,realized_force_cbf,48.92659542906911,51.9130960681261
457.0,73.5,0.01937894766864088,0.01937894766864088,1,1,thermal_hocbf,realized_force_cbf,50.72659542906911,53.7130960681261
457.0,75.0,0.01937894766864088,0.01937894766864088,1,1,thermal_hocbf,realized_force_cbf,52.52659542906911,55.5130960681261
457.0,76.5,0.01937894766864088,0.01937894766864088,1,1,thermal_hocbf,realized_force_cbf,54.326595429069116,57.31309606812611
457.0,78.0,0.01937894766864088,0.01937894766864088,1,1,thermal_hocbf,realized_force_cbf,56.12659542906911,59.113096068126104
457.0,79.5,0.01937894766864088,0.01937894766864088,1,1,thermal_hocbf,realized_force_cbf,57.92659542906911,60.9130960681261
457.0,81.0,0.01937894766864088,0.01937894766864088,1,1,thermal_hocbf,realized_force_cbf,59.72659542906911,62.7130960681261
457.0,82.5,0.01937894766864088,0.01937894766864088,1,1,thermal_hocbf,realized_force_cbf,61.526595429069104,64.51309606812609
457.0,84.0,0.01937894766864088,0.01937894766864088,1,1,thermal_hocbf,realized_force_cbf,63.326595429069116,66.3130960681261
457.0,85.5,0.01937894766864088,0.01937894766864088,1,1,thermal_hocbf,realized_force_cbf,65.12659542906911,68.1130960681261
457.0,87.0,0.01937894766864088,0.01937894766864088,1,1,thermal_hocbf,realized_force_cbf,66.92659542906911,69.9130960681261
457.0,88.5,0.01937894766864088,0.01937894766864088,1,1,thermal_hocbf,realized_force_cbf,68.7265954290691,71.71309606812609
457.0,90.0,0.01937894766864088,0.01937894766864088,1,1,thermal_hocbf,realized_force_cbf,70.5265954290691,73.51309606812609
461.0,15.0,-9.997648324895632,-8.504398005367138,0,0,thermal_hocbf,realized_force_cbf,-19.995296649791264,-17.008796010734276
461.0,16.5,-9.097648324895632,-7.604398005367138,0,0,thermal_hocbf,realized_force_cbf,-18.195296649791263,-15.208796010734275
461.0,18.0,-8.197648324895631,-6.704398005367137,0,0,thermal_hocbf,realized_force_cbf,-16.395296649791263,-13.408796010734275
461.0,19.5,-7.297648324895631,-5.804398005367137,0,0,thermal_hocbf,realized_force_cbf,-14.595296649791262,-11.608796010734274
461.0,21.0,-6.3976483248956315,-4.904398005367137,0,0,thermal_hocbf,realized_force_cbf,-12.795296649791263,-9.808796010734275
461.0,22.5,-5.497648324895631,-4.004398005367137,0,0,thermal_hocbf,realized_force_cbf,-10.995296649791262,-8.008796010734274
461.0,24.0,-4.597648324895632,-3.1043980053671376,0,0,thermal_hocbf,realized_force_cbf,-9.195296649791263,-6.208796010734275
461.0,25.5,-3.6976483248956313,-2.2043980053671373,0,0,thermal_hocbf,realized_force_cbf,-7.395296649791263,-4.4087960107342745
461.0,27.0,-2.7976483248956314,-1.3043980053671373,0,0,thermal_hocbf,realized_force_cbf,-5.595296649791263,-2.6087960107342747
461.0,28.5,-1.8976483248956315,-0.40439800536713744,0,0,thermal_hocbf,realized_force_cbf,-3.795296649791263,-0.8087960107342749
461.0,30.0,-0.9976483248956313,0.014739931186321841,0,1,thermal_hocbf,realized_force_cbf,-1.9952966497912625,0.9912039892657258
461.0,31.5,-0.0976483248956318,0.014739931186321841,0,1,thermal_hocbf,realized_force_cbf,-0.1952966497912636,2.7912039892657248
461.0,33.0,0.014739931186321841,0.014739931186321841,1,1,thermal_hocbf,realized_force_cbf,1.6047033502087371,4.5912039892657255
461.0,34.5,0.014739931186321841,0.014739931186321841,1,1,thermal_hocbf,realized_force_cbf,3.4047033502087363,6.391203989265724
461.0,36.0,0.014739931186321841,0.014739931186321841,1,1,thermal_hocbf,realized_force_cbf,5.204703350208737,8.191203989265725
461.0,37.5,0.014739931186321841,0.014739931186321841,1,1,thermal_hocbf,realized_force_cbf,7.004703350208736,9.991203989265724
461.0,39.0,0.014739931186321841,0.014739931186321841,1,1,thermal_hocbf,realized_force_cbf,8.804703350208737,11.791203989265725
461.0,40.5,0.014739931186321841,0.014739931186321841,1,1,thermal_hocbf,realized_force_cbf,10.604703350208737,13.591203989265725
461.0,42.0,0.014739931186321841,0.014739931186321841,1,1,thermal_hocbf,realized_force_cbf,12.404703350208738,15.391203989265726
461.0,43.5,0.014739931186321841,0.014739931186321841,1,1,thermal_hocbf,realized_force_cbf,14.204703350208735,17.191203989265723
461.0,45.0,0.014739931186321841,0.014739931186321841,1,1,thermal_hocbf,realized_force_cbf,16.004703350208736,18.991203989265724
461.0,46.5,0.014739931186321841,0.014739931186321841,1,1,thermal_hocbf,realized_force_cbf,17.804703350208737,20.791203989265725
461.0,48.0,0.014739931186321841,0.014739931186321841,1,1,thermal_hocbf,realized_force_cbf,19.604703350208737,22.591203989265725
461.0,49.5,0.014739931186321841,0.014739931186321841,1,1,thermal_hocbf,realized_force_cbf,21.404703350208734,24.391203989265723
461.0,51.0,0.014739931186321841,0.014739931186321841,1,1,thermal_hocbf,realized_force_cbf,23.20470335020874,26.191203989265727
461.0,52.5,0.014739931186321841,0.014739931186321841,1,1,thermal_hocbf,realized_force_cbf,25.004703350208736,27.991203989265724
461.0,54.0,0.014739931186321841,0.014739931186321841,1,1,thermal_hocbf,realized_force_cbf,26.804703350208733,29.79120398926572
461.0,55.5,0.014739931186321841,0.014739931186321841,1,1,thermal_hocbf,realized_force_cbf,28.604703350208737,31.591203989265725
461.0,57.0,0.014739931186321841,0.014739931186321841,1,1,thermal_hocbf,realized_force_cbf,30.404703350208734,33.39120398926572
461.0,58.5,0.014739931186321841,0.014739931186321841,1,1,thermal_hocbf,realized_force_cbf,32.20470335020874,35.19120398926573
461.0,60.0,0.014739931186321841,0.014739931186321841,1,1,thermal_hocbf,realized_force_cbf,34.004703350208736,36.99120398926573
461.0,61.5,0.014739931186321841,0.014739931186321841,1,1,thermal_hocbf,realized_force_cbf,35.80470335020873,38.791203989265725
461.0,63.0,0.014739931186321841,0.014739931186321841,1,1,thermal_hocbf,realized_force_cbf,37.60470335020874,40.59120398926572
461.0,64.5,0.014739931186321841,0.014739931186321841,1,1,thermal_hocbf,realized_force_cbf,39.404703350208734,42.39120398926572
461.0,66.0,0.014739931186321841,0.014739931186321841,1,1,thermal_hocbf,realized_force_cbf,41.20470335020874,44.19120398926573
461.0,67.5,0.014739931186321841,0.014739931186321841,1,1,thermal_hocbf,realized_force_cbf,43.004703350208736,45.99120398926573
461.0,69.0,0.014739931186321841,0.014739931186321841,1,1,thermal_hocbf,realized_force_cbf,44.80470335020873,47.791203989265725
461.0,70.5,0.014739931186321841,0.014739931186321841,1,1,thermal_hocbf,realized_force_cbf,46.60470335020874,49.59120398926572
461.0,72.0,0.014739931186321841,0.014739931186321841,1,1,thermal_hocbf,realized_force_cbf,48.404703350208734,51.39120398926572
461.0,73.5,0.014739931186321841,0.014739931186321841,1,1,thermal_hocbf,realized_force_cbf,50.20470335020873,53.191203989265716
461.0,75.0,0.014739931186321841,0.014739931186321841,1,1,thermal_hocbf,realized_force_cbf,52.004703350208736,54.99120398926573
461.0,76.5,0.014739931186321841,0.014739931186321841,1,1,thermal_hocbf,realized_force_cbf,53.80470335020874,56.791203989265725
461.0,78.0,0.014739931186321841,0.014739931186321841,1,1,thermal_hocbf,realized_force_cbf,55.60470335020874,58.59120398926572
461.0,79.5,0.014739931186321841,0.014739931186321841,1,1,thermal_hocbf,realized_force_cbf,57.404703350208734,60.39120398926572
461.0,81.0,0.014739931186321841,0.014739931186321841,1,1,thermal_hocbf,realized_force_cbf,59.20470335020873,62.191203989265716
461.0,82.5,0.014739931186321841,0.014739931186321841,1,1,thermal_hocbf,realized_force_cbf,61.00470335020873,63.99120398926571
461.0,84.0,0.014739931186321841,0.014739931186321841,1,1,thermal_hocbf,realized_force_cbf,62.80470335020874,65.79120398926572
461.0,85.5,0.014739931186321841,0.014739931186321841,1,1,thermal_hocbf,realized_force_cbf,64.60470335020874,67.59120398926572
461.0,87.0,0.014739931186321841,0.014739931186321841,1,1,thermal_hocbf,realized_force_cbf,66.40470335020873,69.39120398926572
461.0,88.5,0.014739931186321841,0.014739931186321841,1,1,thermal_hocbf,realized_force_cbf,68.20470335020873,71.19120398926572
461.0,90.0,0.014739931186321841,0.014739931186321841,1,1,thermal_hocbf,realized_force_cbf,70.00470335020873,72.99120398926571
